<?xml version="1.0" encoding="utf-8"?>
<fw name="ENOAppsCommon" footer="Copyright &#169; 1999-2016, Dassault Syst&#232;mes. All rights reserved. ">
<class name="CheckboxHeaderRenderer" initial="C" htmlFileName="com/matrixone/fcs/applet/CheckboxHeaderRenderer"  fatherClass="JPanel" fatherId="-1947199534" fatherType="class"  DSCharacteristic="class" id="-896879859" abstract="" packageName="com.matrixone.fcs.applet" packagePath="com/matrixone/fcs/applet/" packageAbstract="" />
<method name="getTableCellRendererComponent" initial="g" htmlFileName="com/matrixone/fcs/applet/CheckboxHeaderRenderer" containerName="CheckboxHeaderRenderer"  containerType="class" id="2048641233" argList="(javax.swing.JTable, java.lang.Object, boolean, boolean, int, int)" abstract="TableCellRenderer interface." />
<method name="handleClickEvent" initial="h" htmlFileName="com/matrixone/fcs/applet/CheckboxHeaderRenderer" containerName="CheckboxHeaderRenderer"  containerType="class" id="-935555753" argList="(java.awt.event.MouseEvent)" abstract="MouseListener interface." />
<method name="mouseClicked" initial="m" htmlFileName="com/matrixone/fcs/applet/CheckboxHeaderRenderer" containerName="CheckboxHeaderRenderer"  containerType="class" id="-1289893169" argList="(java.awt.event.MouseEvent)" abstract="MouseListener interface." />
<method name="mouseEntered" initial="m" htmlFileName="com/matrixone/fcs/applet/CheckboxHeaderRenderer" containerName="CheckboxHeaderRenderer"  containerType="class" id="-2047145089" argList="(java.awt.event.MouseEvent)" abstract="MouseListener interface." />
<method name="mouseExited" initial="m" htmlFileName="com/matrixone/fcs/applet/CheckboxHeaderRenderer" containerName="CheckboxHeaderRenderer"  containerType="class" id="-1297341617" argList="(java.awt.event.MouseEvent)" abstract="MouseListener interface." />
<method name="mousePressed" initial="m" htmlFileName="com/matrixone/fcs/applet/CheckboxHeaderRenderer" containerName="CheckboxHeaderRenderer"  containerType="class" id="-882100748" argList="(java.awt.event.MouseEvent)" abstract="MouseListener interface." />
<method name="mouseReleased" initial="m" htmlFileName="com/matrixone/fcs/applet/CheckboxHeaderRenderer" containerName="CheckboxHeaderRenderer"  containerType="class" id="1680070031" argList="(java.awt.event.MouseEvent)" abstract="MouseListener interface." />
<method name="paintComponent" initial="p" htmlFileName="com/matrixone/fcs/applet/CheckboxHeaderRenderer" containerName="CheckboxHeaderRenderer"  containerType="class" id="903078450" argList="(java.awt.Graphics)" abstract="" />
<method name="setSelected" initial="s" htmlFileName="com/matrixone/fcs/applet/CheckboxHeaderRenderer" containerName="CheckboxHeaderRenderer"  containerType="class" id="1203518612" argList="(boolean)" abstract="" />
<constructor name="CheckboxHeaderRenderer" initial="C" htmlFileName="com/matrixone/fcs/applet/CheckboxHeaderRenderer" containerName="CheckboxHeaderRenderer"  containerType="class" id="1345056651" argList="(java.awt.event.ItemListener)" abstract="Construct a new CheckboxHeaderRenderer." />
<data name="_checkBox" initial="_" htmlFileName="com/matrixone/fcs/applet/CheckboxHeaderRenderer" containerName="CheckboxHeaderRenderer"  containerType="class" id="-44996122" abstract="" />
<data name="_column" initial="_" htmlFileName="com/matrixone/fcs/applet/CheckboxHeaderRenderer" containerName="CheckboxHeaderRenderer"  containerType="class" id="1771057619" abstract="To which (JTable-) columns does this Checkbox belong ?" />
<data name="_mousePressed" initial="_" htmlFileName="com/matrixone/fcs/applet/CheckboxHeaderRenderer" containerName="CheckboxHeaderRenderer"  containerType="class" id="18369164" abstract="Remembers if mousePressed() was called before." />
<data name="_rendererComponent" initial="_" htmlFileName="com/matrixone/fcs/applet/CheckboxHeaderRenderer" containerName="CheckboxHeaderRenderer"  containerType="class" id="1405422605" abstract="" />
<class name="ConfigInfo" initial="C" htmlFileName="com/matrixone/fcs/applet/ConfigInfo"  DSCharacteristic="interface" id="1435902377" abstract="" packageName="com.matrixone.fcs.applet" packagePath="com/matrixone/fcs/applet/" packageAbstract="" />
<method name="getDefaultFormat" initial="g" htmlFileName="com/matrixone/fcs/applet/ConfigInfo" containerName="ConfigInfo"  containerType="interface" id="-1530573649" argList="()" abstract="" />
<method name="getFormats" initial="g" htmlFileName="com/matrixone/fcs/applet/ConfigInfo" containerName="ConfigInfo"  containerType="interface" id="160657643" argList="()" abstract="" />
<method name="getLocale" initial="g" htmlFileName="com/matrixone/fcs/applet/ConfigInfo" containerName="ConfigInfo"  containerType="interface" id="-1761271679" argList="()" abstract="" />
<method name="showComments" initial="s" htmlFileName="com/matrixone/fcs/applet/ConfigInfo" containerName="ConfigInfo"  containerType="interface" id="-2071718624" argList="()" abstract="" />
<method name="showDescription" initial="s" htmlFileName="com/matrixone/fcs/applet/ConfigInfo" containerName="ConfigInfo"  containerType="interface" id="124559282" argList="()" abstract="" />
<method name="showFormat" initial="s" htmlFileName="com/matrixone/fcs/applet/ConfigInfo" containerName="ConfigInfo"  containerType="interface" id="741880317" argList="()" abstract="" />
<method name="showTitle" initial="s" htmlFileName="com/matrixone/fcs/applet/ConfigInfo" containerName="ConfigInfo"  containerType="interface" id="-579804778" argList="()" abstract="" />
<class name="DirectoryChooserApplet" initial="D" htmlFileName="com/matrixone/fcs/applet/DirectoryChooserApplet"  fatherClass="JApplet" fatherId="-216752472" fatherType="class"  DSCharacteristic="class" id="-1341613630" abstract="" packageName="com.matrixone.fcs.applet" packagePath="com/matrixone/fcs/applet/" packageAbstract="" />
<method name="browseDirectories" initial="b" htmlFileName="com/matrixone/fcs/applet/DirectoryChooserApplet" containerName="DirectoryChooserApplet"  containerType="class" id="380171344" argList="()" abstract="Show the file chooser dialog." />
<method name="destroy" initial="d" htmlFileName="com/matrixone/fcs/applet/DirectoryChooserApplet" containerName="DirectoryChooserApplet"  containerType="class" id="-1912143977" argList="()" abstract="" />
<method name="getDirectory" initial="g" htmlFileName="com/matrixone/fcs/applet/DirectoryChooserApplet" containerName="DirectoryChooserApplet"  containerType="class" id="-925313606" argList="()" abstract="" />
<method name="getLocale" initial="g" htmlFileName="com/matrixone/fcs/applet/DirectoryChooserApplet" containerName="DirectoryChooserApplet"  containerType="class" id="-1761271679" argList="()" abstract="" />
<method name="init" initial="i" htmlFileName="com/matrixone/fcs/applet/DirectoryChooserApplet" containerName="DirectoryChooserApplet"  containerType="class" id="1549636801" argList="()" abstract="" />
<method name="resetDirectory" initial="r" htmlFileName="com/matrixone/fcs/applet/DirectoryChooserApplet" containerName="DirectoryChooserApplet"  containerType="class" id="2041280307" argList="()" abstract="" />
<method name="setLookAndFeel" initial="s" htmlFileName="com/matrixone/fcs/applet/DirectoryChooserApplet" containerName="DirectoryChooserApplet"  containerType="class" id="1878836117" argList="()" abstract="Set the GUI look and feel." />
<method name="start" initial="s" htmlFileName="com/matrixone/fcs/applet/DirectoryChooserApplet" containerName="DirectoryChooserApplet"  containerType="class" id="-1609303505" argList="()" abstract="" />
<method name="stop" initial="s" htmlFileName="com/matrixone/fcs/applet/DirectoryChooserApplet" containerName="DirectoryChooserApplet"  containerType="class" id="-1608387953" argList="()" abstract="" />
<constructor name="DirectoryChooserApplet" initial="D" htmlFileName="com/matrixone/fcs/applet/DirectoryChooserApplet" containerName="DirectoryChooserApplet"  containerType="class" id="-1544734080" argList="()" abstract="Construct a new DirectoryChooserApplet object." />
<class name="DocumentApplet" initial="D" htmlFileName="com/matrixone/fcs/applet/DocumentApplet"  fatherClass="JApplet" fatherId="-216752472" fatherType="class"  DSCharacteristic="class" id="-89095985" abstract="Supports the upload of documents via FCS." packageName="com.matrixone.fcs.applet" packagePath="com/matrixone/fcs/applet/" packageAbstract="" />
<method name="abort" initial="a" htmlFileName="com/matrixone/fcs/applet/DocumentApplet" containerName="DocumentApplet"  containerType="class" id="-1198226783" argList="()" abstract="UploadController interface." />
<method name="addFile" initial="a" htmlFileName="com/matrixone/fcs/applet/DocumentApplet" containerName="DocumentApplet"  containerType="class" id="-127844364" argList="(com.matrixone.fcs.applet.FileInfo)" abstract="Add a file to the list of files to upload." />
<method name="clearFileList" initial="c" htmlFileName="com/matrixone/fcs/applet/DocumentApplet" containerName="DocumentApplet"  containerType="class" id="950728138" argList="()" abstract="Clear the list of files to upload." />
<method name="deleteAfterUpload" initial="d" htmlFileName="com/matrixone/fcs/applet/DocumentApplet" containerName="DocumentApplet"  containerType="class" id="-1234475969" argList="()" abstract="DocumentConfigInfo interface" />
<method name="doesFileExist" initial="d" htmlFileName="com/matrixone/fcs/applet/DocumentApplet" containerName="DocumentApplet"  containerType="class" id="-1281493457" argList="(int)" abstract="Returns true if the file specified by row id exists, otherwise returns formatted error message" />
<method name="doFileChooser" initial="d" htmlFileName="com/matrixone/fcs/applet/DocumentApplet" containerName="DocumentApplet"  containerType="class" id="-871709507" argList="()" abstract="Show the file chooser dialog." />
<method name="doUpload" initial="d" htmlFileName="com/matrixone/fcs/applet/DocumentApplet" containerName="DocumentApplet"  containerType="class" id="-1802125851" argList="()" abstract="Perform the file upload." />
<method name="getCSRFToken" initial="g" htmlFileName="com/matrixone/fcs/applet/DocumentApplet" containerName="DocumentApplet"  containerType="class" id="1695562066" argList="()" abstract="get CSRF token" />
<method name="getDefaultFormat" initial="g" htmlFileName="com/matrixone/fcs/applet/DocumentApplet" containerName="DocumentApplet"  containerType="class" id="-1530573649" argList="()" abstract="ConfigInfo interface" />
<method name="getDirectory" initial="g" htmlFileName="com/matrixone/fcs/applet/DocumentApplet" containerName="DocumentApplet"  containerType="class" id="-925313606" argList="()" abstract="DocumentConfigInfo interface" />
<method name="getErrorText" initial="g" htmlFileName="com/matrixone/fcs/applet/DocumentApplet" containerName="DocumentApplet"  containerType="class" id="-1802765358" argList="()" abstract="Get the error text result of the upload." />
<method name="getFCSChunkSize" initial="g" htmlFileName="com/matrixone/fcs/applet/DocumentApplet" containerName="DocumentApplet"  containerType="class" id="-42752189" argList="()" abstract="" />
<method name="getFCSChunkThreshold" initial="g" htmlFileName="com/matrixone/fcs/applet/DocumentApplet" containerName="DocumentApplet"  containerType="class" id="-1859011501" argList="()" abstract="" />
<method name="getFcsURL" initial="g" htmlFileName="com/matrixone/fcs/applet/DocumentApplet" containerName="DocumentApplet"  containerType="class" id="-1749679806" argList="()" abstract="Get the URL of the File Collaboration Server." />
<method name="getFileComments" initial="g" htmlFileName="com/matrixone/fcs/applet/DocumentApplet" containerName="DocumentApplet"  containerType="class" id="805689867" argList="(int)" abstract="Get the Comments of the file at the given row." />
<method name="getFileCount" initial="g" htmlFileName="com/matrixone/fcs/applet/DocumentApplet" containerName="DocumentApplet"  containerType="class" id="1748414324" argList="()" abstract="Get the number of files to upload." />
<method name="getFileDescription" initial="g" htmlFileName="com/matrixone/fcs/applet/DocumentApplet" containerName="DocumentApplet"  containerType="class" id="2043621095" argList="(int)" abstract="Get the Description of the file at the given row." />
<method name="getFileFormat" initial="g" htmlFileName="com/matrixone/fcs/applet/DocumentApplet" containerName="DocumentApplet"  containerType="class" id="615265704" argList="(int)" abstract="Get the Format of the file at the given row." />
<method name="getFileInfo" initial="g" htmlFileName="com/matrixone/fcs/applet/DocumentApplet" containerName="DocumentApplet"  containerType="class" id="-474489327" argList="(int)" abstract="Get the FileInfo for the given row." />
<method name="getFileName" initial="g" htmlFileName="com/matrixone/fcs/applet/DocumentApplet" containerName="DocumentApplet"  containerType="class" id="-76858860" argList="(int)" abstract="Get the name of the file at the given row." />
<method name="getFileOriginalName" initial="g" htmlFileName="com/matrixone/fcs/applet/DocumentApplet" containerName="DocumentApplet"  containerType="class" id="1157604355" argList="(int)" abstract="Get the name of the file at the given row." />
<method name="getFileTitle" initial="g" htmlFileName="com/matrixone/fcs/applet/DocumentApplet" containerName="DocumentApplet"  containerType="class" id="-1276625781" argList="(int)" abstract="Get the Title of the file at the given row." />
<method name="getFormats" initial="g" htmlFileName="com/matrixone/fcs/applet/DocumentApplet" containerName="DocumentApplet"  containerType="class" id="160657643" argList="()" abstract="ConfigInfo interface" />
<method name="getLocale" initial="g" htmlFileName="com/matrixone/fcs/applet/DocumentApplet" containerName="DocumentApplet"  containerType="class" id="-1761271679" argList="()" abstract="ConfigInfo interface" />
<method name="getParameter" initial="g" htmlFileName="com/matrixone/fcs/applet/DocumentApplet" containerName="DocumentApplet"  containerType="class" id="-159593730" argList="(java.lang.String)" abstract="Get a parameter passed to the applet." />
<method name="getResult" initial="g" htmlFileName="com/matrixone/fcs/applet/DocumentApplet" containerName="DocumentApplet"  containerType="class" id="-1580617506" argList="()" abstract="Get the result of the upload." />
<method name="getStatus" initial="g" htmlFileName="com/matrixone/fcs/applet/DocumentApplet" containerName="DocumentApplet"  containerType="class" id="721518569" argList="()" abstract="" />
<method name="getTicket" initial="g" htmlFileName="com/matrixone/fcs/applet/DocumentApplet" containerName="DocumentApplet"  containerType="class" id="439135375" argList="()" abstract="Get the ticket returned from the preCheckin process." />
<method name="init" initial="i" htmlFileName="com/matrixone/fcs/applet/DocumentApplet" containerName="DocumentApplet"  containerType="class" id="1549636801" argList="(com.matrixone.fcs.applet.DocumentTable, boolean)" abstract="Initialize the applet UI." />
<method name="isAborted" initial="i" htmlFileName="com/matrixone/fcs/applet/DocumentApplet" containerName="DocumentApplet"  containerType="class" id="-2109609620" argList="()" abstract="UploadController interface." />
<method name="isDebug" initial="i" htmlFileName="com/matrixone/fcs/applet/DocumentApplet" containerName="DocumentApplet"  containerType="class" id="382418664" argList="()" abstract="DocumentConfigInfo interface" />
<method name="isUploading" initial="i" htmlFileName="com/matrixone/fcs/applet/DocumentApplet" containerName="DocumentApplet"  containerType="class" id="1092457786" argList="()" abstract="" />
<method name="removeAllFiles" initial="r" htmlFileName="com/matrixone/fcs/applet/DocumentApplet" containerName="DocumentApplet"  containerType="class" id="-1742071401" argList="()" abstract="Remove all files from the list of files to upload." />
<method name="removeFile" initial="r" htmlFileName="com/matrixone/fcs/applet/DocumentApplet" containerName="DocumentApplet"  containerType="class" id="2078953393" argList="(com.matrixone.fcs.applet.FileInfo)" abstract="Remove a file from the list of files to upload." />
<method name="removeSelectedFiles" initial="r" htmlFileName="com/matrixone/fcs/applet/DocumentApplet" containerName="DocumentApplet"  containerType="class" id="-221214119" argList="()" abstract="Remove the selected files." />
<method name="scrollTable" initial="s" htmlFileName="com/matrixone/fcs/applet/DocumentApplet" containerName="DocumentApplet"  containerType="class" id="-2080738768" argList="(int)" abstract="Give focus to the given row." />
<method name="setApplicationParams" initial="s" htmlFileName="com/matrixone/fcs/applet/DocumentApplet" containerName="DocumentApplet"  containerType="class" id="462807197" argList="(java.util.HashMap&lt;java.lang.String, java.lang.String&gt;)" abstract="Set the application parameters." />
<method name="setCookies" initial="s" htmlFileName="com/matrixone/fcs/applet/DocumentApplet" containerName="DocumentApplet"  containerType="class" id="1839502308" argList="(java.lang.String)" abstract="Set the cookies to send with the request." />
<method name="setCSRFToken" initial="s" htmlFileName="com/matrixone/fcs/applet/DocumentApplet" containerName="DocumentApplet"  containerType="class" id="186425438" argList="(java.lang.String)" abstract="set CSRF token" />
<method name="setDeleteAfterUpload" initial="s" htmlFileName="com/matrixone/fcs/applet/DocumentApplet" containerName="DocumentApplet"  containerType="class" id="-436608575" argList="(boolean)" abstract="" />
<method name="setDirectory" initial="s" htmlFileName="com/matrixone/fcs/applet/DocumentApplet" containerName="DocumentApplet"  containerType="class" id="1860517062" argList="(java.lang.String)" abstract="" />
<method name="setFCSChunkSize" initial="s" htmlFileName="com/matrixone/fcs/applet/DocumentApplet" containerName="DocumentApplet"  containerType="class" id="985617591" argList="(java.lang.String)" abstract="" />
<method name="setFCSChunkThreshold" initial="s" htmlFileName="com/matrixone/fcs/applet/DocumentApplet" containerName="DocumentApplet"  containerType="class" id="-417573025" argList="(java.lang.String)" abstract="" />
<method name="setFCSURL" initial="s" htmlFileName="com/matrixone/fcs/applet/DocumentApplet" containerName="DocumentApplet"  containerType="class" id="-1362308682" argList="(java.lang.String)" abstract="Set the URL of the File Collaboration Server." />
<method name="setFormats" initial="s" htmlFileName="com/matrixone/fcs/applet/DocumentApplet" containerName="DocumentApplet"  containerType="class" id="1499867895" argList="(java.lang.String)" abstract="Set the formats from the formats parameter" />
<method name="setLookAndFeel" initial="s" htmlFileName="com/matrixone/fcs/applet/DocumentApplet" containerName="DocumentApplet"  containerType="class" id="1878836117" argList="()" abstract="Set the GUI look and feel." />
<method name="setMonitor" initial="s" htmlFileName="com/matrixone/fcs/applet/DocumentApplet" containerName="DocumentApplet"  containerType="class" id="-817684935" argList="(com.matrixone.client.fcs.StatusMonitor)" abstract="Set the upload status monitor." />
<method name="setRefresherURL" initial="s" htmlFileName="com/matrixone/fcs/applet/DocumentApplet" containerName="DocumentApplet"  containerType="class" id="271678760" argList="(java.lang.String)" abstract="Set the refresher url to keep the connection alive." />
<method name="setTicket" initial="s" htmlFileName="com/matrixone/fcs/applet/DocumentApplet" containerName="DocumentApplet"  containerType="class" id="1867809027" argList="(java.lang.String)" abstract="Save the ticket returned from the preCheckin process." />
<method name="showComments" initial="s" htmlFileName="com/matrixone/fcs/applet/DocumentApplet" containerName="DocumentApplet"  containerType="class" id="-2071718624" argList="()" abstract="ConfigInfo interface" />
<method name="showDescription" initial="s" htmlFileName="com/matrixone/fcs/applet/DocumentApplet" containerName="DocumentApplet"  containerType="class" id="124559282" argList="()" abstract="ConfigInfo interface" />
<method name="showFormat" initial="s" htmlFileName="com/matrixone/fcs/applet/DocumentApplet" containerName="DocumentApplet"  containerType="class" id="741880317" argList="()" abstract="ConfigInfo interface" />
<method name="showTitle" initial="s" htmlFileName="com/matrixone/fcs/applet/DocumentApplet" containerName="DocumentApplet"  containerType="class" id="-579804778" argList="()" abstract="ConfigInfo interface" />
<method name="start" initial="s" htmlFileName="com/matrixone/fcs/applet/DocumentApplet" containerName="DocumentApplet"  containerType="class" id="-1609303505" argList="()" abstract="" />
<method name="stop" initial="s" htmlFileName="com/matrixone/fcs/applet/DocumentApplet" containerName="DocumentApplet"  containerType="class" id="-1608387953" argList="()" abstract="" />
<method name="stopCellEditing" initial="s" htmlFileName="com/matrixone/fcs/applet/DocumentApplet" containerName="DocumentApplet"  containerType="class" id="-681242915" argList="()" abstract="Stop editing in any table cell to force changes" />
<method name="submit" initial="s" htmlFileName="com/matrixone/fcs/applet/DocumentApplet" containerName="DocumentApplet"  containerType="class" id="-829672263" argList="()" abstract="Start the upload." />
<method name="tableChanged" initial="t" htmlFileName="com/matrixone/fcs/applet/DocumentApplet" containerName="DocumentApplet"  containerType="class" id="-1725575925" argList="(javax.swing.event.TableModelEvent)" abstract="TableModelListener interface." />
<method name="uploadComplete" initial="u" htmlFileName="com/matrixone/fcs/applet/DocumentApplet" containerName="DocumentApplet"  containerType="class" id="-1600286409" argList="()" abstract="UploadController interface." />
<constructor name="DocumentApplet" initial="D" htmlFileName="com/matrixone/fcs/applet/DocumentApplet" containerName="DocumentApplet"  containerType="class" id="-2072190003" argList="()" abstract="DocumentApplet constructor." />
<data name="_fileTable" initial="_" htmlFileName="com/matrixone/fcs/applet/DocumentApplet" containerName="DocumentApplet"  containerType="class" id="1575644629" abstract="Table containing the document info" />
<data name="_LAF" initial="_" htmlFileName="com/matrixone/fcs/applet/DocumentApplet" containerName="DocumentApplet"  containerType="class" id="-1189236682" abstract="" />
<data name="_locale" initial="_" htmlFileName="com/matrixone/fcs/applet/DocumentApplet" containerName="DocumentApplet"  containerType="class" id="-299781297" abstract="" />
<data name="_panelAll" initial="_" htmlFileName="com/matrixone/fcs/applet/DocumentApplet" containerName="DocumentApplet"  containerType="class" id="455034316" abstract="The panel containing all other panels." />
<data name="DEBUG_PARAM" initial="D" htmlFileName="com/matrixone/fcs/applet/DocumentApplet" containerName="DocumentApplet"  containerType="class" id="-1715100569" abstract="" />
<data name="DEFAULT_FORMAT_PARAM" initial="D" htmlFileName="com/matrixone/fcs/applet/DocumentApplet" containerName="DocumentApplet"  containerType="class" id="-1446607227" abstract="" />
<data name="DELETE_AFTER_UPLOAD_PARAM" initial="D" htmlFileName="com/matrixone/fcs/applet/DocumentApplet" containerName="DocumentApplet"  containerType="class" id="1003821570" abstract="" />
<data name="DIRECTORY_PARAM" initial="D" htmlFileName="com/matrixone/fcs/applet/DocumentApplet" containerName="DocumentApplet"  containerType="class" id="-506169075" abstract="" />
<data name="FCS_URL_PARAM" initial="F" htmlFileName="com/matrixone/fcs/applet/DocumentApplet" containerName="DocumentApplet"  containerType="class" id="1002356596" abstract="" />
<data name="FORMATS_PARAM" initial="F" htmlFileName="com/matrixone/fcs/applet/DocumentApplet" containerName="DocumentApplet"  containerType="class" id="1073230398" abstract="" />
<data name="HIDE_UI_PARAM" initial="H" htmlFileName="com/matrixone/fcs/applet/DocumentApplet" containerName="DocumentApplet"  containerType="class" id="1833381929" abstract="" />
<data name="LOCALE_PARAM" initial="L" htmlFileName="com/matrixone/fcs/applet/DocumentApplet" containerName="DocumentApplet"  containerType="class" id="478566240" abstract="" />
<data name="TICKET_PARAM" initial="T" htmlFileName="com/matrixone/fcs/applet/DocumentApplet" containerName="DocumentApplet"  containerType="class" id="1775053934" abstract="" />
<class name="DocumentConfigInfo" initial="D" htmlFileName="com/matrixone/fcs/applet/DocumentConfigInfo"  DSCharacteristic="interface" id="-2074176540" abstract="" packageName="com.matrixone.fcs.applet" packagePath="com/matrixone/fcs/applet/" packageAbstract="" />
<method name="deleteAfterUpload" initial="d" htmlFileName="com/matrixone/fcs/applet/DocumentConfigInfo" containerName="DocumentConfigInfo"  containerType="interface" id="-1234475969" argList="()" abstract="" />
<method name="getDirectory" initial="g" htmlFileName="com/matrixone/fcs/applet/DocumentConfigInfo" containerName="DocumentConfigInfo"  containerType="interface" id="-925313606" argList="()" abstract="" />
<method name="isDebug" initial="i" htmlFileName="com/matrixone/fcs/applet/DocumentConfigInfo" containerName="DocumentConfigInfo"  containerType="interface" id="382418664" argList="()" abstract="" />
<class name="DocumentDeleteApplet" initial="D" htmlFileName="com/matrixone/fcs/applet/DocumentDeleteApplet"  fatherClass="JApplet" fatherId="-216752472" fatherType="class"  DSCharacteristic="class" id="440271450" abstract="" packageName="com.matrixone.fcs.applet" packagePath="com/matrixone/fcs/applet/" packageAbstract="" />
<method name="deleteFiles" initial="d" htmlFileName="com/matrixone/fcs/applet/DocumentDeleteApplet" containerName="DocumentDeleteApplet"  containerType="class" id="-1154407227" argList="()" abstract="Delete the file." />
<method name="destroy" initial="d" htmlFileName="com/matrixone/fcs/applet/DocumentDeleteApplet" containerName="DocumentDeleteApplet"  containerType="class" id="-1912143977" argList="()" abstract="" />
<method name="getLocale" initial="g" htmlFileName="com/matrixone/fcs/applet/DocumentDeleteApplet" containerName="DocumentDeleteApplet"  containerType="class" id="-1761271679" argList="()" abstract="" />
<method name="init" initial="i" htmlFileName="com/matrixone/fcs/applet/DocumentDeleteApplet" containerName="DocumentDeleteApplet"  containerType="class" id="1549636801" argList="()" abstract="" />
<method name="setLookAndFeel" initial="s" htmlFileName="com/matrixone/fcs/applet/DocumentDeleteApplet" containerName="DocumentDeleteApplet"  containerType="class" id="1878836117" argList="()" abstract="Set the GUI look and feel." />
<method name="start" initial="s" htmlFileName="com/matrixone/fcs/applet/DocumentDeleteApplet" containerName="DocumentDeleteApplet"  containerType="class" id="-1609303505" argList="()" abstract="" />
<method name="stop" initial="s" htmlFileName="com/matrixone/fcs/applet/DocumentDeleteApplet" containerName="DocumentDeleteApplet"  containerType="class" id="-1608387953" argList="()" abstract="" />
<constructor name="DocumentDeleteApplet" initial="D" htmlFileName="com/matrixone/fcs/applet/DocumentDeleteApplet" containerName="DocumentDeleteApplet"  containerType="class" id="-1020800744" argList="()" abstract="Construct a new DocumentDeleteAppletobject." />
<class name="DocumentInfo" initial="D" htmlFileName="com/matrixone/fcs/applet/DocumentInfo"  fatherClass="FileInfo" fatherId="-1375201404" fatherType="class"  DSCharacteristic="class" id="-1839216925" abstract="Represents each file in the table model as well as upload status." packageName="com.matrixone.fcs.applet" packagePath="com/matrixone/fcs/applet/" packageAbstract="" />
<method name="getProgressCount" initial="g" htmlFileName="com/matrixone/fcs/applet/DocumentInfo" containerName="DocumentInfo"  containerType="class" id="-524269275" argList="()" abstract="Get the current value for the upload progress bar" />
<method name="getProgressMaximum" initial="g" htmlFileName="com/matrixone/fcs/applet/DocumentInfo" containerName="DocumentInfo"  containerType="class" id="570384564" argList="()" abstract="Get the maximum setting for the upload progress bar" />
<method name="getProgressMinimum" initial="g" htmlFileName="com/matrixone/fcs/applet/DocumentInfo" containerName="DocumentInfo"  containerType="class" id="-1607403002" argList="()" abstract="Get the minimum setting for the upload progress bar" />
<method name="getStatus" initial="g" htmlFileName="com/matrixone/fcs/applet/DocumentInfo" containerName="DocumentInfo"  containerType="class" id="721518569" argList="()" abstract="Get the status of the file within the model." />
<method name="setProgressCount" initial="s" htmlFileName="com/matrixone/fcs/applet/DocumentInfo" containerName="DocumentInfo"  containerType="class" id="1290422833" argList="(int)" abstract="Set the current value for the upload progress bar" />
<method name="setProgressMaximum" initial="s" htmlFileName="com/matrixone/fcs/applet/DocumentInfo" containerName="DocumentInfo"  containerType="class" id="732778176" argList="(int)" abstract="Set the maximum setting for the upload progress bar" />
<method name="setProgressMinimum" initial="s" htmlFileName="com/matrixone/fcs/applet/DocumentInfo" containerName="DocumentInfo"  containerType="class" id="-1445009390" argList="(int)" abstract="Set the minimum setting for the upload progress bar" />
<method name="setStatus" initial="s" htmlFileName="com/matrixone/fcs/applet/DocumentInfo" containerName="DocumentInfo"  containerType="class" id="-2144775075" argList="(com.matrixone.fcs.applet.DocumentInfo.Status)" abstract="Set the status of the file within the model." />
<constructor name="DocumentInfo" initial="D" htmlFileName="com/matrixone/fcs/applet/DocumentInfo" containerName="DocumentInfo"  containerType="class" id="1931234017" argList="(java.lang.String)" abstract="Create a new DocumentInfo object." />
<constructor name="DocumentInfo" initial="D" htmlFileName="com/matrixone/fcs/applet/DocumentInfo" containerName="DocumentInfo"  containerType="class" id="1931234017" argList="(java.io.File)" abstract="Create a new DocumentInfo object" />
<data name="_status" initial="_" htmlFileName="com/matrixone/fcs/applet/DocumentInfo" containerName="DocumentInfo"  containerType="class" id="-989934409" abstract="" />
<class name="DocumentInfo.Status" initial="D" htmlFileName="com/matrixone/fcs/applet/DocumentInfo.Status"  fatherClass="Enum" fatherId="1636233218" fatherType="enum"  DSCharacteristic="enum" id="-736150918" abstract="" packageName="com.matrixone.fcs.applet" packagePath="com/matrixone/fcs/applet/" packageAbstract="" />
<method name="valueOf" initial="v" htmlFileName="com/matrixone/fcs/applet/DocumentInfo.Status" containerName="DocumentInfo.Status"  containerType="enum" id="86067113" argList="(java.lang.String)" abstract="" />
<method name="values" initial="v" htmlFileName="com/matrixone/fcs/applet/DocumentInfo.Status" containerName="DocumentInfo.Status"  containerType="enum" id="233482607" argList="()" abstract="" />
<class name="DocumentTable" initial="D" htmlFileName="com/matrixone/fcs/applet/DocumentTable"  fatherClass="JPanel" fatherId="-1947199534" fatherType="class"  DSCharacteristic="class" id="-579796691" abstract="Table which displays file info and supports" packageName="com.matrixone.fcs.applet" packagePath="com/matrixone/fcs/applet/" packageAbstract="" />
<method name="actionPerformed" initial="a" htmlFileName="com/matrixone/fcs/applet/DocumentTable" containerName="DocumentTable"  containerType="class" id="1121330023" argList="(java.awt.event.ActionEvent)" abstract="ActionListener interface." />
<method name="addFile" initial="a" htmlFileName="com/matrixone/fcs/applet/DocumentTable" containerName="DocumentTable"  containerType="class" id="-127844364" argList="(com.matrixone.fcs.applet.FileInfo)" abstract="Add the file to the model." />
<method name="addFile" initial="a" htmlFileName="com/matrixone/fcs/applet/DocumentTable" containerName="DocumentTable"  containerType="class" id="-127844364" argList="(java.lang.String)" abstract="Add the file to the model." />
<method name="addMouseListener" initial="a" htmlFileName="com/matrixone/fcs/applet/DocumentTable" containerName="DocumentTable"  containerType="class" id="200193913" argList="(java.awt.event.MouseListener)" abstract="Add a mouse listener to the table." />
<method name="addTableModelListener" initial="a" htmlFileName="com/matrixone/fcs/applet/DocumentTable" containerName="DocumentTable"  containerType="class" id="538297729" argList="(javax.swing.event.TableModelListener)" abstract="" />
<method name="changeFile" initial="c" htmlFileName="com/matrixone/fcs/applet/DocumentTable" containerName="DocumentTable"  containerType="class" id="-403472635" argList="(com.matrixone.fcs.applet.FileInfo)" abstract="Change the file in the model." />
<method name="clearFiles" initial="c" htmlFileName="com/matrixone/fcs/applet/DocumentTable" containerName="DocumentTable"  containerType="class" id="-1306901145" argList="()" abstract="Clear the model." />
<method name="clearSelectedItems" initial="c" htmlFileName="com/matrixone/fcs/applet/DocumentTable" containerName="DocumentTable"  containerType="class" id="810833977" argList="()" abstract="Clear the selections in the list." />
<method name="dataChanged" initial="d" htmlFileName="com/matrixone/fcs/applet/DocumentTable" containerName="DocumentTable"  containerType="class" id="-686679577" argList="()" abstract="Data changed in the model." />
<method name="dragEnter" initial="d" htmlFileName="com/matrixone/fcs/applet/DocumentTable" containerName="DocumentTable"  containerType="class" id="756369229" argList="(java.awt.dnd.DropTargetDragEvent)" abstract="DropTargetListener interface" />
<method name="dragExit" initial="d" htmlFileName="com/matrixone/fcs/applet/DocumentTable" containerName="DocumentTable"  containerType="class" id="1442010143" argList="(java.awt.dnd.DropTargetEvent)" abstract="DropTargetListener interface" />
<method name="dragOver" initial="d" htmlFileName="com/matrixone/fcs/applet/DocumentTable" containerName="DocumentTable"  containerType="class" id="-1154251095" argList="(java.awt.dnd.DropTargetDragEvent)" abstract="DropTargetListener interface" />
<method name="drop" initial="d" htmlFileName="com/matrixone/fcs/applet/DocumentTable" containerName="DocumentTable"  containerType="class" id="842814338" argList="(java.awt.dnd.DropTargetDropEvent)" abstract="DropTargetListener interface" />
<method name="dropActionChanged" initial="d" htmlFileName="com/matrixone/fcs/applet/DocumentTable" containerName="DocumentTable"  containerType="class" id="1509822850" argList="(java.awt.dnd.DropTargetDragEvent)" abstract="DropTargetListener interface" />
<method name="end" initial="e" htmlFileName="com/matrixone/fcs/applet/DocumentTable" containerName="DocumentTable"  containerType="class" id="-2074225130" argList="()" abstract="StatusMonitor interface." />
<method name="endFile" initial="e" htmlFileName="com/matrixone/fcs/applet/DocumentTable" containerName="DocumentTable"  containerType="class" id="-1432743814" argList="()" abstract="StatusMonitor interface." />
<method name="getFileCount" initial="g" htmlFileName="com/matrixone/fcs/applet/DocumentTable" containerName="DocumentTable"  containerType="class" id="1748414324" argList="()" abstract="Get the number of files in the list." />
<method name="getFiles" initial="g" htmlFileName="com/matrixone/fcs/applet/DocumentTable" containerName="DocumentTable"  containerType="class" id="1558795888" argList="()" abstract="Get the files in the list." />
<method name="getModel" initial="g" htmlFileName="com/matrixone/fcs/applet/DocumentTable" containerName="DocumentTable"  containerType="class" id="-1159758210" argList="()" abstract="Get the table model." />
<method name="getSelectedFileCount" initial="g" htmlFileName="com/matrixone/fcs/applet/DocumentTable" containerName="DocumentTable"  containerType="class" id="-598138193" argList="()" abstract="Get the selected file count." />
<method name="getSelectedFiles" initial="g" htmlFileName="com/matrixone/fcs/applet/DocumentTable" containerName="DocumentTable"  containerType="class" id="-1515938005" argList="()" abstract="Get the selected files in the list." />
<method name="getTable" initial="g" htmlFileName="com/matrixone/fcs/applet/DocumentTable" containerName="DocumentTable"  containerType="class" id="-1538436423" argList="()" abstract="Get the table." />
<method name="init" initial="i" htmlFileName="com/matrixone/fcs/applet/DocumentTable" containerName="DocumentTable"  containerType="class" id="1549636801" argList="(boolean)" abstract="Initialize the DocumentTable object." />
<method name="init" initial="i" htmlFileName="com/matrixone/fcs/applet/DocumentTable" containerName="DocumentTable"  containerType="class" id="1549636801" argList="(com.matrixone.fcs.applet.DocumentConfigInfo)" abstract="Initialize the DocumentTable object." />
<method name="isUploading" initial="i" htmlFileName="com/matrixone/fcs/applet/DocumentTable" containerName="DocumentTable"  containerType="class" id="1092457786" argList="()" abstract="Test to see if file is being uploaded." />
<method name="itemStateChanged" initial="i" htmlFileName="com/matrixone/fcs/applet/DocumentTable" containerName="DocumentTable"  containerType="class" id="-1435843973" argList="(java.awt.event.ItemEvent)" abstract="ItemListener interface." />
<method name="removeAllFiles" initial="r" htmlFileName="com/matrixone/fcs/applet/DocumentTable" containerName="DocumentTable"  containerType="class" id="-1742071401" argList="()" abstract="Remove all the files from the model." />
<method name="removeFile" initial="r" htmlFileName="com/matrixone/fcs/applet/DocumentTable" containerName="DocumentTable"  containerType="class" id="2078953393" argList="(com.matrixone.fcs.applet.FileInfo)" abstract="Remove the file from the model." />
<method name="scroll" initial="s" htmlFileName="com/matrixone/fcs/applet/DocumentTable" containerName="DocumentTable"  containerType="class" id="1282513124" argList="()" abstract="Scroll to the last row in the table." />
<method name="scroll" initial="s" htmlFileName="com/matrixone/fcs/applet/DocumentTable" containerName="DocumentTable"  containerType="class" id="1282513124" argList="(int)" abstract="Scroll to the last row in the table." />
<method name="setBackground" initial="s" htmlFileName="com/matrixone/fcs/applet/DocumentTable" containerName="DocumentTable"  containerType="class" id="-1164359007" argList="(java.awt.Color)" abstract="Set the background color for the table." />
<method name="setGridColor" initial="s" htmlFileName="com/matrixone/fcs/applet/DocumentTable" containerName="DocumentTable"  containerType="class" id="1349286262" argList="(java.awt.Color)" abstract="Set the grid color for the table." />
<method name="setHeaderCheckbox" initial="s" htmlFileName="com/matrixone/fcs/applet/DocumentTable" containerName="DocumentTable"  containerType="class" id="-1780352481" argList="(boolean)" abstract="Used to set table header checkbox if all rows are selected" />
<method name="setSelectionBackground" initial="s" htmlFileName="com/matrixone/fcs/applet/DocumentTable" containerName="DocumentTable"  containerType="class" id="-240601927" argList="(java.awt.Color)" abstract="Set the selection background color for the table." />
<method name="start" initial="s" htmlFileName="com/matrixone/fcs/applet/DocumentTable" containerName="DocumentTable"  containerType="class" id="-1609303505" argList="(long, int)" abstract="StatusMonitor interface." />
<method name="startFile" initial="s" htmlFileName="com/matrixone/fcs/applet/DocumentTable" containerName="DocumentTable"  containerType="class" id="-134316013" argList="(java.lang.String, long)" abstract="StatusMonitor interface" />
<method name="stopCellEditing" initial="s" htmlFileName="com/matrixone/fcs/applet/DocumentTable" containerName="DocumentTable"  containerType="class" id="-681242915" argList="()" abstract="Stop editing in the table." />
<method name="updateStatus" initial="u" htmlFileName="com/matrixone/fcs/applet/DocumentTable" containerName="DocumentTable"  containerType="class" id="553262294" argList="(int)" abstract="StatusMonitor interface" />
<constructor name="DocumentTable" initial="D" htmlFileName="com/matrixone/fcs/applet/DocumentTable" containerName="DocumentTable"  containerType="class" id="-513333845" argList="(com.matrixone.fcs.applet.UploadController)" abstract="Construct a new DocumentTable object." />
<data name="_dropTarget" initial="_" htmlFileName="com/matrixone/fcs/applet/DocumentTable" containerName="DocumentTable"  containerType="class" id="590349961" abstract="" />
<data name="_tableDropTarget" initial="_" htmlFileName="com/matrixone/fcs/applet/DocumentTable" containerName="DocumentTable"  containerType="class" id="-457860615" abstract="" />
<data name="DROP_FEEDBACK_COLOR" initial="D" htmlFileName="com/matrixone/fcs/applet/DocumentTable" containerName="DocumentTable"  containerType="class" id="-1614352017" abstract="" />
<data name="EMPTY_BORDER" initial="E" htmlFileName="com/matrixone/fcs/applet/DocumentTable" containerName="DocumentTable"  containerType="class" id="49288938" abstract="" />
<data name="TABLE_BORDER" initial="T" htmlFileName="com/matrixone/fcs/applet/DocumentTable" containerName="DocumentTable"  containerType="class" id="1753826667" abstract="" />
<class name="DocumentUpdateApplet" initial="D" htmlFileName="com/matrixone/fcs/applet/DocumentUpdateApplet"  fatherClass="DocumentApplet" fatherId="-89095985" fatherType="class"  DSCharacteristic="class" id="-315636360" abstract="Provides the ability to replace or update files in FCS with others." packageName="com.matrixone.fcs.applet" packagePath="com/matrixone/fcs/applet/" packageAbstract="" />
<method name="init" initial="i" htmlFileName="com/matrixone/fcs/applet/DocumentUpdateApplet" containerName="DocumentUpdateApplet"  containerType="class" id="1549636801" argList="()" abstract="Initialization method that will be called after" />
<constructor name="DocumentUpdateApplet" initial="D" htmlFileName="com/matrixone/fcs/applet/DocumentUpdateApplet" containerName="DocumentUpdateApplet"  containerType="class" id="1870022070" argList="()" abstract="Construct a new DocumentUpdateApplet object." />
<data name="FILES_PARAM" initial="F" htmlFileName="com/matrixone/fcs/applet/DocumentUpdateApplet" containerName="DocumentUpdateApplet"  containerType="class" id="2014809027" abstract="" />
<data name="UPDATES_PARAM" initial="U" htmlFileName="com/matrixone/fcs/applet/DocumentUpdateApplet" containerName="DocumentUpdateApplet"  containerType="class" id="-22486256" abstract="" />
<data name="userDefaultCheckoutFolder_PARAM" initial="u" htmlFileName="com/matrixone/fcs/applet/DocumentUpdateApplet" containerName="DocumentUpdateApplet"  containerType="class" id="505471184" abstract="" />
<class name="DocumentUpdateTable" initial="D" htmlFileName="com/matrixone/fcs/applet/DocumentUpdateTable"  fatherClass="DocumentTable" fatherId="-579796691" fatherType="class"  DSCharacteristic="class" id="521274212" abstract="Table which displays document info and supports " packageName="com.matrixone.fcs.applet" packagePath="com/matrixone/fcs/applet/" packageAbstract="" />
<method name="allowDrop" initial="a" htmlFileName="com/matrixone/fcs/applet/DocumentUpdateTable" containerName="DocumentUpdateTable"  containerType="class" id="-54271239" argList="(java.awt.dnd.DropTargetDragEvent)" abstract="Test if the drop should be allowed." />
<method name="dragEnter" initial="d" htmlFileName="com/matrixone/fcs/applet/DocumentUpdateTable" containerName="DocumentUpdateTable"  containerType="class" id="756369229" argList="(java.awt.dnd.DropTargetDragEvent)" abstract="DropTargetListener interface" />
<method name="dragExit" initial="d" htmlFileName="com/matrixone/fcs/applet/DocumentUpdateTable" containerName="DocumentUpdateTable"  containerType="class" id="1442010143" argList="(java.awt.dnd.DropTargetEvent)" abstract="DropTargetListener interface" />
<method name="dragOver" initial="d" htmlFileName="com/matrixone/fcs/applet/DocumentUpdateTable" containerName="DocumentUpdateTable"  containerType="class" id="-1154251095" argList="(java.awt.dnd.DropTargetDragEvent)" abstract="DropTargetListener interface" />
<method name="drop" initial="d" htmlFileName="com/matrixone/fcs/applet/DocumentUpdateTable" containerName="DocumentUpdateTable"  containerType="class" id="842814338" argList="(java.awt.dnd.DropTargetDropEvent)" abstract="DropTargetListener interface" />
<method name="dropActionChanged" initial="d" htmlFileName="com/matrixone/fcs/applet/DocumentUpdateTable" containerName="DocumentUpdateTable"  containerType="class" id="1509822850" argList="(java.awt.dnd.DropTargetDragEvent)" abstract="DropTargetListener interface" />
<method name="init" initial="i" htmlFileName="com/matrixone/fcs/applet/DocumentUpdateTable" containerName="DocumentUpdateTable"  containerType="class" id="1549636801" argList="(com.matrixone.fcs.applet.DocumentConfigInfo)" abstract="Initialize the DocumentUpdateTable object." />
<constructor name="DocumentUpdateTable" initial="D" htmlFileName="com/matrixone/fcs/applet/DocumentUpdateTable" containerName="DocumentUpdateTable"  containerType="class" id="-801807710" argList="(com.matrixone.fcs.applet.UploadController)" abstract="Construct a new DocumentUpdateTable object." />
<class name="DocumentUploadApplet" initial="D" htmlFileName="com/matrixone/fcs/applet/DocumentUploadApplet"  fatherClass="DocumentApplet" fatherId="-89095985" fatherType="class"  DSCharacteristic="class" id="-1511138640" abstract="" packageName="com.matrixone.fcs.applet" packagePath="com/matrixone/fcs/applet/" packageAbstract="" />
<method name="init" initial="i" htmlFileName="com/matrixone/fcs/applet/DocumentUploadApplet" containerName="DocumentUploadApplet"  containerType="class" id="1549636801" argList="()" abstract="Initialization method that will be called after" />
<method name="setSize" initial="s" htmlFileName="com/matrixone/fcs/applet/DocumentUploadApplet" containerName="DocumentUploadApplet"  containerType="class" id="876676718" argList="(int, int)" abstract="" />
<constructor name="DocumentUploadApplet" initial="D" htmlFileName="com/matrixone/fcs/applet/DocumentUploadApplet" containerName="DocumentUploadApplet"  containerType="class" id="-1762815762" argList="()" abstract="Construct a new DocumentUploadApplet object." />
<class name="DocumentUploadTable" initial="D" htmlFileName="com/matrixone/fcs/applet/DocumentUploadTable"  fatherClass="DocumentTable" fatherId="-579796691" fatherType="class"  DSCharacteristic="class" id="-2011142356" abstract="Table which displays file info and supports" packageName="com.matrixone.fcs.applet" packagePath="com/matrixone/fcs/applet/" packageAbstract="" />
<method name="dragEnter" initial="d" htmlFileName="com/matrixone/fcs/applet/DocumentUploadTable" containerName="DocumentUploadTable"  containerType="class" id="756369229" argList="(java.awt.dnd.DropTargetDragEvent)" abstract="DropTargetListener interface" />
<method name="dragExit" initial="d" htmlFileName="com/matrixone/fcs/applet/DocumentUploadTable" containerName="DocumentUploadTable"  containerType="class" id="1442010143" argList="(java.awt.dnd.DropTargetEvent)" abstract="DropTargetListener interface" />
<method name="dragOver" initial="d" htmlFileName="com/matrixone/fcs/applet/DocumentUploadTable" containerName="DocumentUploadTable"  containerType="class" id="-1154251095" argList="(java.awt.dnd.DropTargetDragEvent)" abstract="DropTargetListener interface" />
<method name="drop" initial="d" htmlFileName="com/matrixone/fcs/applet/DocumentUploadTable" containerName="DocumentUploadTable"  containerType="class" id="842814338" argList="(java.awt.dnd.DropTargetDropEvent)" abstract="DropTargetListener interface" />
<method name="dropActionChanged" initial="d" htmlFileName="com/matrixone/fcs/applet/DocumentUploadTable" containerName="DocumentUploadTable"  containerType="class" id="1509822850" argList="(java.awt.dnd.DropTargetDragEvent)" abstract="DropTargetListener interface" />
<method name="init" initial="i" htmlFileName="com/matrixone/fcs/applet/DocumentUploadTable" containerName="DocumentUploadTable"  containerType="class" id="1549636801" argList="(com.matrixone.fcs.applet.DocumentConfigInfo)" abstract="Initialize the DocumentUploadTable object." />
<constructor name="DocumentUploadTable" initial="D" htmlFileName="com/matrixone/fcs/applet/DocumentUploadTable" containerName="DocumentUploadTable"  containerType="class" id="327929962" argList="(com.matrixone.fcs.applet.UploadController)" abstract="Construct a new DocumentUploadTable object." />
<class name="DownloadDialogStringResource" initial="D" htmlFileName="com/matrixone/fcs/applet/DownloadDialogStringResource"  fatherClass="StringResource" fatherId="863185465" fatherType="class"  DSCharacteristic="class" id="728994377" abstract="This class is used as a set of keys associated" packageName="com.matrixone.fcs.applet" packagePath="com/matrixone/fcs/applet/" packageAbstract="" />
<method name="getString" initial="g" htmlFileName="com/matrixone/fcs/applet/DownloadDialogStringResource" containerName="DownloadDialogStringResource"  containerType="class" id="-1753902998" argList="(java.lang.String, java.util.Locale)" abstract="Get a string for the specified key." />
<constructor name="DownloadDialogStringResource" initial="D" htmlFileName="com/matrixone/fcs/applet/DownloadDialogStringResource" containerName="DownloadDialogStringResource"  containerType="class" id="1453814215" argList="()" abstract="" />
<class name="DownloadProgressDialog" initial="D" htmlFileName="com/matrixone/fcs/applet/DownloadProgressDialog"  fatherClass="JDialog" fatherId="1421194362" fatherType="class"  DSCharacteristic="class" id="-1475865097" abstract="Progress dialog for monitoring file uploading." packageName="com.matrixone.fcs.applet" packagePath="com/matrixone/fcs/applet/" packageAbstract="" />
<method name="end" initial="e" htmlFileName="com/matrixone/fcs/applet/DownloadProgressDialog" containerName="DownloadProgressDialog"  containerType="class" id="-2074225130" argList="()" abstract="The transfer is complete." />
<method name="endFile" initial="e" htmlFileName="com/matrixone/fcs/applet/DownloadProgressDialog" containerName="DownloadProgressDialog"  containerType="class" id="-1432743814" argList="()" abstract="File is done being transferred." />
<method name="setFileName" initial="s" htmlFileName="com/matrixone/fcs/applet/DownloadProgressDialog" containerName="DownloadProgressDialog"  containerType="class" id="-1511014008" argList="(java.lang.String)" abstract="" />
<method name="setVisible" initial="s" htmlFileName="com/matrixone/fcs/applet/DownloadProgressDialog" containerName="DownloadProgressDialog"  containerType="class" id="1180769313" argList="(boolean)" abstract="Override of the setVisible method" />
<method name="start" initial="s" htmlFileName="com/matrixone/fcs/applet/DownloadProgressDialog" containerName="DownloadProgressDialog"  containerType="class" id="-1609303505" argList="(long, int)" abstract="Start the transfer." />
<method name="startFile" initial="s" htmlFileName="com/matrixone/fcs/applet/DownloadProgressDialog" containerName="DownloadProgressDialog"  containerType="class" id="-134316013" argList="(java.lang.String, long)" abstract="Start the transfer of this file." />
<method name="updateStatus" initial="u" htmlFileName="com/matrixone/fcs/applet/DownloadProgressDialog" containerName="DownloadProgressDialog"  containerType="class" id="553262294" argList="(int)" abstract="Update the progress bars." />
<constructor name="DownloadProgressDialog" initial="D" htmlFileName="com/matrixone/fcs/applet/DownloadProgressDialog" containerName="DownloadProgressDialog"  containerType="class" id="-653657355" argList="(com.matrixone.fcs.applet.FileDownloadApplet, java.util.Locale)" abstract="Implementation of a progress dialog to be shown" />
<class name="FieldPrompt" initial="F" htmlFileName="com/matrixone/fcs/applet/FieldPrompt"  fatherClass="JLabel" fatherId="264890594" fatherType="class"  DSCharacteristic="class" id="659010808" abstract="The FieldPrompt class will display a prompt over top of a text component when" packageName="com.matrixone.fcs.applet" packagePath="com/matrixone/fcs/applet/" packageAbstract="" />
<method name="changeAlpha" initial="c" htmlFileName="com/matrixone/fcs/applet/FieldPrompt" containerName="FieldPrompt"  containerType="class" id="1775163267" argList="(float)" abstract="Convenience method to change the alpha value of the current foreground" />
<method name="changeAlpha" initial="c" htmlFileName="com/matrixone/fcs/applet/FieldPrompt" containerName="FieldPrompt"  containerType="class" id="1775163267" argList="(int)" abstract="Convenience method to change the alpha value of the current foreground" />
<method name="changedUpdate" initial="c" htmlFileName="com/matrixone/fcs/applet/FieldPrompt" containerName="FieldPrompt"  containerType="class" id="-535139052" argList="(javax.swing.event.DocumentEvent)" abstract="DocumentListener interface." />
<method name="changeStyle" initial="c" htmlFileName="com/matrixone/fcs/applet/FieldPrompt" containerName="FieldPrompt"  containerType="class" id="557112144" argList="(int)" abstract="Convenience method to change the style of the current Font." />
<method name="focusGained" initial="f" htmlFileName="com/matrixone/fcs/applet/FieldPrompt" containerName="FieldPrompt"  containerType="class" id="1916478139" argList="(java.awt.event.FocusEvent)" abstract="FocusListener interface." />
<method name="focusLost" initial="f" htmlFileName="com/matrixone/fcs/applet/FieldPrompt" containerName="FieldPrompt"  containerType="class" id="-1658733003" argList="(java.awt.event.FocusEvent)" abstract="FocusListener interface." />
<method name="getShow" initial="g" htmlFileName="com/matrixone/fcs/applet/FieldPrompt" containerName="FieldPrompt"  containerType="class" id="251567230" argList="()" abstract="Get the Show property" />
<method name="getShowPromptOnce" initial="g" htmlFileName="com/matrixone/fcs/applet/FieldPrompt" containerName="FieldPrompt"  containerType="class" id="500340473" argList="()" abstract="Get the showPromptOnce property" />
<method name="insertUpdate" initial="i" htmlFileName="com/matrixone/fcs/applet/FieldPrompt" containerName="FieldPrompt"  containerType="class" id="-1924221521" argList="(javax.swing.event.DocumentEvent)" abstract="DocumentListener interface." />
<method name="removeUpdate" initial="r" htmlFileName="com/matrixone/fcs/applet/FieldPrompt" containerName="FieldPrompt"  containerType="class" id="882118980" argList="(javax.swing.event.DocumentEvent)" abstract="DocumentListener interface." />
<method name="setShow" initial="s" htmlFileName="com/matrixone/fcs/applet/FieldPrompt" containerName="FieldPrompt"  containerType="class" id="154729970" argList="(com.matrixone.fcs.applet.FieldPrompt.Show)" abstract="Set the prompt Show property to control when the prompt is shown." />
<method name="setShowPromptOnce" initial="s" htmlFileName="com/matrixone/fcs/applet/FieldPrompt" containerName="FieldPrompt"  containerType="class" id="921220973" argList="(boolean)" abstract="Show the prompt once." />
<constructor name="FieldPrompt" initial="F" htmlFileName="com/matrixone/fcs/applet/FieldPrompt" containerName="FieldPrompt"  containerType="class" id="-524511946" argList="(java.lang.String, javax.swing.text.JTextComponent)" abstract="FieldPrompt constructor." />
<constructor name="FieldPrompt" initial="F" htmlFileName="com/matrixone/fcs/applet/FieldPrompt" containerName="FieldPrompt"  containerType="class" id="-524511946" argList="(java.lang.String, javax.swing.text.JTextComponent, com.matrixone.fcs.applet.FieldPrompt.Show)" abstract="FieldPrompt constructor." />
<class name="FieldPrompt.Show" initial="F" htmlFileName="com/matrixone/fcs/applet/FieldPrompt.Show"  fatherClass="Enum" fatherId="1636233218" fatherType="enum"  DSCharacteristic="enum" id="621333540" abstract="" packageName="com.matrixone.fcs.applet" packagePath="com/matrixone/fcs/applet/" packageAbstract="" />
<method name="valueOf" initial="v" htmlFileName="com/matrixone/fcs/applet/FieldPrompt.Show" containerName="FieldPrompt.Show"  containerType="enum" id="86067113" argList="(java.lang.String)" abstract="" />
<method name="values" initial="v" htmlFileName="com/matrixone/fcs/applet/FieldPrompt.Show" containerName="FieldPrompt.Show"  containerType="enum" id="233482607" argList="()" abstract="" />
<class name="FileDownloadApplet" initial="F" htmlFileName="com/matrixone/fcs/applet/FileDownloadApplet"  fatherClass="JApplet" fatherId="-216752472" fatherType="class"  DSCharacteristic="class" id="2145238488" abstract="" packageName="com.matrixone.fcs.applet" packagePath="com/matrixone/fcs/applet/" packageAbstract="" />
<method name="abort" initial="a" htmlFileName="com/matrixone/fcs/applet/FileDownloadApplet" containerName="FileDownloadApplet"  containerType="class" id="-1198226783" argList="()" abstract="Abort the download." />
<method name="doWork" initial="d" htmlFileName="com/matrixone/fcs/applet/FileDownloadApplet" containerName="FileDownloadApplet"  containerType="class" id="1398850581" argList="()" abstract="Called to start the download process." />
<method name="getParameter" initial="g" htmlFileName="com/matrixone/fcs/applet/FileDownloadApplet" containerName="FileDownloadApplet"  containerType="class" id="-159593730" argList="(java.lang.String)" abstract="Get the applet parameter value." />
<method name="init" initial="i" htmlFileName="com/matrixone/fcs/applet/FileDownloadApplet" containerName="FileDownloadApplet"  containerType="class" id="1549636801" argList="()" abstract="Initialization method that is called after the" />
<method name="setApplicationParams" initial="s" htmlFileName="com/matrixone/fcs/applet/FileDownloadApplet" containerName="FileDownloadApplet"  containerType="class" id="462807197" argList="(java.util.HashMap)" abstract="Set parameters for the applet when used from a" />
<method name="setCookies" initial="s" htmlFileName="com/matrixone/fcs/applet/FileDownloadApplet" containerName="FileDownloadApplet"  containerType="class" id="1839502308" argList="(java.lang.String)" abstract="Set the cookies." />
<method name="setLookAndFeel" initial="s" htmlFileName="com/matrixone/fcs/applet/FileDownloadApplet" containerName="FileDownloadApplet"  containerType="class" id="1878836117" argList="()" abstract="Set the GUI look and feel." />
<method name="stop" initial="s" htmlFileName="com/matrixone/fcs/applet/FileDownloadApplet" containerName="FileDownloadApplet"  containerType="class" id="-1608387953" argList="()" abstract="Applet stopped by the browswer." />
<method name="wasAborted" initial="w" htmlFileName="com/matrixone/fcs/applet/FileDownloadApplet" containerName="FileDownloadApplet"  containerType="class" id="-876889237" argList="()" abstract="Test if the download was aborted." />
<constructor name="FileDownloadApplet" initial="F" htmlFileName="com/matrixone/fcs/applet/FileDownloadApplet" containerName="FileDownloadApplet"  containerType="class" id="1814066710" argList="()" abstract="" />
<data name="_LAF" initial="_" htmlFileName="com/matrixone/fcs/applet/FileDownloadApplet" containerName="FileDownloadApplet"  containerType="class" id="-1189236682" abstract="" />
<data name="_locale" initial="_" htmlFileName="com/matrixone/fcs/applet/FileDownloadApplet" containerName="FileDownloadApplet"  containerType="class" id="-299781297" abstract="" />
<data name="ACTION" initial="A" htmlFileName="com/matrixone/fcs/applet/FileDownloadApplet" containerName="FileDownloadApplet"  containerType="class" id="-1725554894" abstract="" />
<data name="COOKIES_PARAM" initial="C" htmlFileName="com/matrixone/fcs/applet/FileDownloadApplet" containerName="FileDownloadApplet"  containerType="class" id="-875668309" abstract="" />
<data name="FCS_URL_PARAM" initial="F" htmlFileName="com/matrixone/fcs/applet/FileDownloadApplet" containerName="FileDownloadApplet"  containerType="class" id="1002356596" abstract="" />
<data name="FILE_URI" initial="F" htmlFileName="com/matrixone/fcs/applet/FileDownloadApplet" containerName="FileDownloadApplet"  containerType="class" id="1099823295" abstract="" />
<data name="OUT_DIR_PARAM" initial="O" htmlFileName="com/matrixone/fcs/applet/FileDownloadApplet" containerName="FileDownloadApplet"  containerType="class" id="-47247970" abstract="" />
<data name="REFRESHER_URL_PARAM" initial="R" htmlFileName="com/matrixone/fcs/applet/FileDownloadApplet" containerName="FileDownloadApplet"  containerType="class" id="-820728638" abstract="Constants" />
<data name="TICKET_PARAM" initial="T" htmlFileName="com/matrixone/fcs/applet/FileDownloadApplet" containerName="FileDownloadApplet"  containerType="class" id="1775053934" abstract="" />
<class name="FileInfo" initial="F" htmlFileName="com/matrixone/fcs/applet/FileInfo"  fatherClass="Object" fatherId="-350351719" fatherType="class"  DSCharacteristic="class" id="-1375201404" abstract="" packageName="com.matrixone.fcs.applet" packagePath="com/matrixone/fcs/applet/" packageAbstract="" />
<method name="getComments" initial="g" htmlFileName="com/matrixone/fcs/applet/FileInfo" containerName="FileInfo"  containerType="class" id="-58155481" argList="()" abstract="" />
<method name="getDescription" initial="g" htmlFileName="com/matrixone/fcs/applet/FileInfo" containerName="FileInfo"  containerType="class" id="-1624070837" argList="()" abstract="" />
<method name="getFile" initial="g" htmlFileName="com/matrixone/fcs/applet/FileInfo" containerName="FileInfo"  containerType="class" id="-1454496097" argList="()" abstract="" />
<method name="getFileName" initial="g" htmlFileName="com/matrixone/fcs/applet/FileInfo" containerName="FileInfo"  containerType="class" id="-76858860" argList="()" abstract="" />
<method name="getFileTitle" initial="g" htmlFileName="com/matrixone/fcs/applet/FileInfo" containerName="FileInfo"  containerType="class" id="-1276625781" argList="()" abstract="" />
<method name="getFormat" initial="g" htmlFileName="com/matrixone/fcs/applet/FileInfo" containerName="FileInfo"  containerType="class" id="1409896644" argList="()" abstract="" />
<method name="getFormats" initial="g" htmlFileName="com/matrixone/fcs/applet/FileInfo" containerName="FileInfo"  containerType="class" id="160657643" argList="()" abstract="" />
<method name="getOriginalFileName" initial="g" htmlFileName="com/matrixone/fcs/applet/FileInfo" containerName="FileInfo"  containerType="class" id="709048451" argList="()" abstract="" />
<method name="setComments" initial="s" htmlFileName="com/matrixone/fcs/applet/FileInfo" containerName="FileInfo"  containerType="class" id="-1492310629" argList="(java.lang.String)" abstract="" />
<method name="setDescription" initial="s" htmlFileName="com/matrixone/fcs/applet/FileInfo" containerName="FileInfo"  containerType="class" id="-205424297" argList="(java.lang.String)" abstract="" />
<method name="setFile" initial="s" htmlFileName="com/matrixone/fcs/applet/FileInfo" containerName="FileInfo"  containerType="class" id="-1551333357" argList="(java.io.File)" abstract="" />
<method name="setFileTitle" initial="s" htmlFileName="com/matrixone/fcs/applet/FileInfo" containerName="FileInfo"  containerType="class" id="1509204887" argList="(java.lang.String)" abstract="" />
<method name="setFormat" initial="s" htmlFileName="com/matrixone/fcs/applet/FileInfo" containerName="FileInfo"  containerType="class" id="-1456397000" argList="(java.lang.String)" abstract="" />
<method name="setFormats" initial="s" htmlFileName="com/matrixone/fcs/applet/FileInfo" containerName="FileInfo"  containerType="class" id="1499867895" argList="(java.lang.String[])" abstract="" />
<constructor name="FileInfo" initial="F" htmlFileName="com/matrixone/fcs/applet/FileInfo" containerName="FileInfo"  containerType="class" id="1746132674" argList="(java.lang.String)" abstract="" />
<constructor name="FileInfo" initial="F" htmlFileName="com/matrixone/fcs/applet/FileInfo" containerName="FileInfo"  containerType="class" id="1746132674" argList="(java.io.File)" abstract="" />
<class name="FileModel" initial="F" htmlFileName="com/matrixone/fcs/applet/FileModel"  fatherClass="AbstractTableModel" fatherId="306180751" fatherType="class"  DSCharacteristic="class" id="1763281991" abstract="Model representing a list of files." packageName="com.matrixone.fcs.applet" packagePath="com/matrixone/fcs/applet/" packageAbstract="" />
<method name="addColumn" initial="a" htmlFileName="com/matrixone/fcs/applet/FileModel" containerName="FileModel"  containerType="class" id="-947902950" argList="(java.lang.String, java.lang.String)" abstract="Add a column to the table." />
<method name="addFile" initial="a" htmlFileName="com/matrixone/fcs/applet/FileModel" containerName="FileModel"  containerType="class" id="-127844364" argList="(com.matrixone.fcs.applet.FileInfo)" abstract="Add the file to the list." />
<method name="changeFile" initial="c" htmlFileName="com/matrixone/fcs/applet/FileModel" containerName="FileModel"  containerType="class" id="-403472635" argList="(com.matrixone.fcs.applet.FileInfo)" abstract="The data for this file has changed." />
<method name="clearFiles" initial="c" htmlFileName="com/matrixone/fcs/applet/FileModel" containerName="FileModel"  containerType="class" id="-1306901145" argList="()" abstract="Clear the list of files." />
<method name="getColumnClass" initial="g" htmlFileName="com/matrixone/fcs/applet/FileModel" containerName="FileModel"  containerType="class" id="72780229" argList="(int)" abstract="TableModel interface" />
<method name="getColumnCount" initial="g" htmlFileName="com/matrixone/fcs/applet/FileModel" containerName="FileModel"  containerType="class" id="-711100466" argList="()" abstract="TableModel interface" />
<method name="getColumnName" initial="g" htmlFileName="com/matrixone/fcs/applet/FileModel" containerName="FileModel"  containerType="class" id="675085946" argList="(int)" abstract="TableModel interface" />
<method name="getFile" initial="g" htmlFileName="com/matrixone/fcs/applet/FileModel" containerName="FileModel"  containerType="class" id="-1454496097" argList="(int)" abstract="Get the file at the given index." />
<method name="getFiles" initial="g" htmlFileName="com/matrixone/fcs/applet/FileModel" containerName="FileModel"  containerType="class" id="1558795888" argList="()" abstract="Get the files contained in the model." />
<method name="getRowCount" initial="g" htmlFileName="com/matrixone/fcs/applet/FileModel" containerName="FileModel"  containerType="class" id="1661021222" argList="()" abstract="TableModel interface" />
<method name="getSelectedFileCount" initial="g" htmlFileName="com/matrixone/fcs/applet/FileModel" containerName="FileModel"  containerType="class" id="-598138193" argList="()" abstract="Get the number of selected files." />
<method name="getSelectedFiles" initial="g" htmlFileName="com/matrixone/fcs/applet/FileModel" containerName="FileModel"  containerType="class" id="-1515938005" argList="()" abstract="Get the selected files contained in the model." />
<method name="getValueAt" initial="g" htmlFileName="com/matrixone/fcs/applet/FileModel" containerName="FileModel"  containerType="class" id="1138228675" argList="(int, int)" abstract="TableModel interface" />
<method name="isCellEditable" initial="i" htmlFileName="com/matrixone/fcs/applet/FileModel" containerName="FileModel"  containerType="class" id="1552398753" argList="(int, int)" abstract="TableModel interface" />
<method name="isSelected" initial="i" htmlFileName="com/matrixone/fcs/applet/FileModel" containerName="FileModel"  containerType="class" id="-473360692" argList="(int)" abstract="Test if the row at the given index is selected." />
<method name="removeFile" initial="r" htmlFileName="com/matrixone/fcs/applet/FileModel" containerName="FileModel"  containerType="class" id="2078953393" argList="(com.matrixone.fcs.applet.FileInfo)" abstract="Remove the file from the list." />
<method name="setHasSelectionColumn" initial="s" htmlFileName="com/matrixone/fcs/applet/FileModel" containerName="FileModel"  containerType="class" id="-1542128761" argList="(boolean)" abstract="Set whether the model supports a selection column." />
<method name="setSelections" initial="s" htmlFileName="com/matrixone/fcs/applet/FileModel" containerName="FileModel"  containerType="class" id="1620395976" argList="(boolean)" abstract="Set the selections for the model." />
<method name="setValueAt" initial="s" htmlFileName="com/matrixone/fcs/applet/FileModel" containerName="FileModel"  containerType="class" id="-1817528369" argList="(java.lang.Object, int, int)" abstract="TableModel interface" />
<constructor name="FileModel" initial="F" htmlFileName="com/matrixone/fcs/applet/FileModel" containerName="FileModel"  containerType="class" id="1889367365" argList="()" abstract="Construct a new FileModel object." />
<data name="COMMENTS" initial="C" htmlFileName="com/matrixone/fcs/applet/FileModel" containerName="FileModel"  containerType="class" id="1824148788" abstract="" />
<data name="DESCRIPTION" initial="D" htmlFileName="com/matrixone/fcs/applet/FileModel" containerName="FileModel"  containerType="class" id="-960227252" abstract="" />
<data name="FILE" initial="F" htmlFileName="com/matrixone/fcs/applet/FileModel" containerName="FileModel"  containerType="class" id="-1669835092" abstract="" />
<data name="FORMAT" initial="F" htmlFileName="com/matrixone/fcs/applet/FileModel" containerName="FileModel"  containerType="class" id="1419916433" abstract="" />
<data name="SELECTED" initial="S" htmlFileName="com/matrixone/fcs/applet/FileModel" containerName="FileModel"  containerType="class" id="906284653" abstract="" />
<class name="ImageCache" initial="I" htmlFileName="com/matrixone/fcs/applet/ImageCache"  fatherClass="Object" fatherId="-350351719" fatherType="class"  DSCharacteristic="class" id="-330389535" abstract="" packageName="com.matrixone.fcs.applet" packagePath="com/matrixone/fcs/applet/" packageAbstract="" />
<method name="getBrowseIcon" initial="g" htmlFileName="com/matrixone/fcs/applet/ImageCache" containerName="ImageCache"  containerType="class" id="-425114088" argList="()" abstract="Get the browse icon." />
<method name="getDetailsIcon" initial="g" htmlFileName="com/matrixone/fcs/applet/ImageCache" containerName="ImageCache"  containerType="class" id="-901677044" argList="()" abstract="Get the details icon." />
<method name="getFileIcon" initial="g" htmlFileName="com/matrixone/fcs/applet/ImageCache" containerName="ImageCache"  containerType="class" id="220719974" argList="(java.lang.String)" abstract="Get the icon for the given file extension." />
<method name="getHideDetailsIcon" initial="g" htmlFileName="com/matrixone/fcs/applet/ImageCache" containerName="ImageCache"  containerType="class" id="-949332754" argList="()" abstract="Get the hide details icon." />
<method name="getUploadAbortedIcon" initial="g" htmlFileName="com/matrixone/fcs/applet/ImageCache" containerName="ImageCache"  containerType="class" id="-1408307776" argList="()" abstract="Get the upload aborted icon." />
<method name="getUploadCompleteIcon" initial="g" htmlFileName="com/matrixone/fcs/applet/ImageCache" containerName="ImageCache"  containerType="class" id="-35080632" argList="()" abstract="Get the upload complete icon." />
<method name="getUploadInProgressIcon" initial="g" htmlFileName="com/matrixone/fcs/applet/ImageCache" containerName="ImageCache"  containerType="class" id="26560431" argList="()" abstract="Get the upload in progress icon." />
<constructor name="ImageCache" initial="I" htmlFileName="com/matrixone/fcs/applet/ImageCache" containerName="ImageCache"  containerType="class" id="315749727" argList="()" abstract="" />
<class name="LeftJustifiedHeaderRenderer" initial="L" htmlFileName="com/matrixone/fcs/applet/LeftJustifiedHeaderRenderer"  fatherClass="DefaultTableCellRenderer" fatherId="-2110595270" fatherType="class"  DSCharacteristic="class" id="1098450146" abstract="Used for rendering the table header." packageName="com.matrixone.fcs.applet" packagePath="com/matrixone/fcs/applet/" packageAbstract="" />
<method name="getTableCellRendererComponent" initial="g" htmlFileName="com/matrixone/fcs/applet/LeftJustifiedHeaderRenderer" containerName="LeftJustifiedHeaderRenderer"  containerType="class" id="2048641233" argList="(javax.swing.JTable, java.lang.Object, boolean, boolean, int, int)" abstract="" />
<method name="paintComponent" initial="p" htmlFileName="com/matrixone/fcs/applet/LeftJustifiedHeaderRenderer" containerName="LeftJustifiedHeaderRenderer"  containerType="class" id="903078450" argList="(java.awt.Graphics)" abstract="Paint the background using a gradient." />
<constructor name="LeftJustifiedHeaderRenderer" initial="L" htmlFileName="com/matrixone/fcs/applet/LeftJustifiedHeaderRenderer" containerName="LeftJustifiedHeaderRenderer"  containerType="class" id="954781088" argList="()" abstract="" />
<class name="ProgressDialog" initial="P" htmlFileName="com/matrixone/fcs/applet/ProgressDialog"  fatherClass="JDialog" fatherId="1421194362" fatherType="class"  DSCharacteristic="class" id="-1869655729" abstract="Progress dialog for monitoring file uploading." packageName="com.matrixone.fcs.applet" packagePath="com/matrixone/fcs/applet/" packageAbstract="" />
<method name="end" initial="e" htmlFileName="com/matrixone/fcs/applet/ProgressDialog" containerName="ProgressDialog"  containerType="class" id="-2074225130" argList="()" abstract="The transfer is complete." />
<method name="endFile" initial="e" htmlFileName="com/matrixone/fcs/applet/ProgressDialog" containerName="ProgressDialog"  containerType="class" id="-1432743814" argList="()" abstract="File is done being transferred." />
<method name="setVisible" initial="s" htmlFileName="com/matrixone/fcs/applet/ProgressDialog" containerName="ProgressDialog"  containerType="class" id="1180769313" argList="(boolean)" abstract="Override of the setVisible method" />
<method name="start" initial="s" htmlFileName="com/matrixone/fcs/applet/ProgressDialog" containerName="ProgressDialog"  containerType="class" id="-1609303505" argList="(long, int)" abstract="Start the transfer." />
<method name="startFile" initial="s" htmlFileName="com/matrixone/fcs/applet/ProgressDialog" containerName="ProgressDialog"  containerType="class" id="-134316013" argList="(java.lang.String, long)" abstract="Start the transfer of this file." />
<method name="updateStatus" initial="u" htmlFileName="com/matrixone/fcs/applet/ProgressDialog" containerName="ProgressDialog"  containerType="class" id="553262294" argList="(int)" abstract="Update the progress bars." />
<constructor name="ProgressDialog" initial="P" htmlFileName="com/matrixone/fcs/applet/ProgressDialog" containerName="ProgressDialog"  containerType="class" id="1058886733" argList="(com.matrixone.fcs.applet.UploadController, java.util.Locale)" abstract="Implementation of a progress dialog to be shown" />
<class name="StringResource" initial="S" htmlFileName="com/matrixone/fcs/applet/StringResource"  fatherClass="Object" fatherId="-350351719" fatherType="class"  DSCharacteristic="class" id="863185465" abstract="The StringResource class provides a set of string utilities" packageName="com.matrixone.fcs.applet" packagePath="com/matrixone/fcs/applet/" packageAbstract="" />
<method name="adjustFileSeparator" initial="a" htmlFileName="com/matrixone/fcs/applet/StringResource" containerName="StringResource"  containerType="class" id="38616599" argList="(java.lang.String)" abstract="Change the file separators to match that of the system" />
<method name="fillStr" initial="f" htmlFileName="com/matrixone/fcs/applet/StringResource" containerName="StringResource"  containerType="class" id="249741667" argList="(java.lang.String, java.lang.String)" abstract="Return a quoted input string" />
<method name="format" initial="f" htmlFileName="com/matrixone/fcs/applet/StringResource" containerName="StringResource"  containerType="class" id="1255687546" argList="(java.lang.String, java.lang.String[], java.lang.String[])" abstract="Locate string tags (tokens) that match the pattern &quot;&lt;description&gt;&quot; and" />
<method name="format" initial="f" htmlFileName="com/matrixone/fcs/applet/StringResource" containerName="StringResource"  containerType="class" id="1255687546" argList="(java.lang.String, java.lang.String, java.lang.String)" abstract="Replace the tags &lt;description&gt; (i.e." />
<method name="format" initial="f" htmlFileName="com/matrixone/fcs/applet/StringResource" containerName="StringResource"  containerType="class" id="1255687546" argList="(java.lang.String, java.lang.String, java.lang.String, java.lang.String, java.lang.String)" abstract="Replace the tags &lt;description&gt; (i.e." />
<method name="format" initial="f" htmlFileName="com/matrixone/fcs/applet/StringResource" containerName="StringResource"  containerType="class" id="1255687546" argList="(java.lang.String, java.lang.String, java.lang.String, java.lang.String, java.lang.String, java.lang.String, java.lang.String)" abstract="Replace the tags &lt;description&gt; (i.e." />
<method name="format" initial="f" htmlFileName="com/matrixone/fcs/applet/StringResource" containerName="StringResource"  containerType="class" id="1255687546" argList="(java.lang.String, java.lang.String, java.lang.String, java.lang.String, java.lang.String, java.lang.String, java.lang.String, java.lang.String, java.lang.String)" abstract="Replace the tags &lt;description&gt; (i.e." />
<method name="format" initial="f" htmlFileName="com/matrixone/fcs/applet/StringResource" containerName="StringResource"  containerType="class" id="1255687546" argList="(java.lang.String, java.lang.String, java.lang.String, java.lang.String, java.lang.String, java.lang.String, java.lang.String, java.lang.String, java.lang.String, java.lang.String, java.lang.String)" abstract="Replace the tags &lt;description&gt; (i.e." />
<method name="format" initial="f" htmlFileName="com/matrixone/fcs/applet/StringResource" containerName="StringResource"  containerType="class" id="1255687546" argList="(java.lang.String, java.lang.String, java.lang.String, java.lang.String, java.lang.String, java.lang.String, java.lang.String, java.lang.String, java.lang.String, java.lang.String, java.lang.String, java.lang.String, java.lang.String)" abstract="Replace the tags &lt;description&gt; (i.e." />
<method name="format" initial="f" htmlFileName="com/matrixone/fcs/applet/StringResource" containerName="StringResource"  containerType="class" id="1255687546" argList="(java.lang.String, java.lang.String, java.lang.String, java.lang.String, java.lang.String, java.lang.String, java.lang.String, java.lang.String, java.lang.String, java.lang.String, java.lang.String, java.lang.String, java.lang.String, java.lang.String, java.lang.String)" abstract="Replace the tags &lt;description&gt; (i.e." />
<method name="get" initial="g" htmlFileName="com/matrixone/fcs/applet/StringResource" containerName="StringResource"  containerType="class" id="2129970875" argList="()" abstract="Return the string value." />
<method name="parseResults" initial="p" htmlFileName="com/matrixone/fcs/applet/StringResource" containerName="StringResource"  containerType="class" id="1882248238" argList="(java.lang.String, java.lang.String)" abstract="" />
<method name="quoteStr" initial="q" htmlFileName="com/matrixone/fcs/applet/StringResource" containerName="StringResource"  containerType="class" id="1688972444" argList="(java.lang.String)" abstract="Return a quoted input string" />
<method name="quoteStr" initial="q" htmlFileName="com/matrixone/fcs/applet/StringResource" containerName="StringResource"  containerType="class" id="1688972444" argList="(java.lang.StringBuffer)" abstract="Return a quoted input StringBuffer" />
<constructor name="StringResource" initial="S" htmlFileName="com/matrixone/fcs/applet/StringResource" containerName="StringResource"  containerType="class" id="-2010032713" argList="()" abstract="" />
<class name="UploadController" initial="U" htmlFileName="com/matrixone/fcs/applet/UploadController"  DSCharacteristic="interface" id="-489968042" abstract="Interface to support aborting of an upload." packageName="com.matrixone.fcs.applet" packagePath="com/matrixone/fcs/applet/" packageAbstract="" />
<method name="abort" initial="a" htmlFileName="com/matrixone/fcs/applet/UploadController" containerName="UploadController"  containerType="interface" id="-1198226783" argList="()" abstract="Abort the upload." />
<method name="isAborted" initial="i" htmlFileName="com/matrixone/fcs/applet/UploadController" containerName="UploadController"  containerType="interface" id="-2109609620" argList="()" abstract="Test if the upload was aborted." />
<method name="setMonitor" initial="s" htmlFileName="com/matrixone/fcs/applet/UploadController" containerName="UploadController"  containerType="interface" id="-817684935" argList="(com.matrixone.client.fcs.StatusMonitor)" abstract="Set the status monitor for the upload." />
<method name="uploadComplete" initial="u" htmlFileName="com/matrixone/fcs/applet/UploadController" containerName="UploadController"  containerType="interface" id="-1600286409" argList="()" abstract="Notify the controller the upload completed successfully." />
<class name="UploadDialogStringResource" initial="U" htmlFileName="com/matrixone/fcs/applet/UploadDialogStringResource"  fatherClass="StringResource" fatherId="863185465" fatherType="class"  DSCharacteristic="class" id="-1406693374" abstract="This class is used as a set of keys associated" packageName="com.matrixone.fcs.applet" packagePath="com/matrixone/fcs/applet/" packageAbstract="" />
<method name="getString" initial="g" htmlFileName="com/matrixone/fcs/applet/UploadDialogStringResource" containerName="UploadDialogStringResource"  containerType="class" id="-1753902998" argList="(java.lang.String, java.util.Locale)" abstract="Get a string for the specified key." />
<constructor name="UploadDialogStringResource" initial="U" htmlFileName="com/matrixone/fcs/applet/UploadDialogStringResource" containerName="UploadDialogStringResource"  containerType="class" id="134906048" argList="()" abstract="" />
</fw>

