<?xml version="1.0" encoding="utf-8"?>
<fw name="ENOAppsCommon" footer="Copyright &#169; 1999-2016, Dassault Syst&#232;mes. All rights reserved. ">
<class name="File" initial="F" htmlFileName="com/dassault_systemes/enovia/plmprovider/rest/service/File"  fatherClass="RestService" fatherId="-1155470925" fatherType="class"  DSCharacteristic="class" id="1908617838" abstract="" packageName="com.dassault_systemes.enovia.plmprovider.rest.service" packagePath="com/dassault_systemes/enovia/plmprovider/rest/service/" packageAbstract="" />
<method name="getCheckOutURLs" initial="g" htmlFileName="com/dassault_systemes/enovia/plmprovider/rest/service/File" containerName="File"  containerType="class" id="-311297879" argList="(javax.servlet.http.HttpServletRequest, com.matrixone.apps.plmprovider.FileRequestWrapper)" abstract="This function will get fcs urls of all required files associated with " />
<method name="getFiles" initial="g" htmlFileName="com/dassault_systemes/enovia/plmprovider/rest/service/File" containerName="File"  containerType="class" id="-1986038232" argList="(javax.servlet.http.HttpServletRequest, com.matrixone.apps.plmprovider.FileRequest)" abstract="This method will return the list of files associated to the object whose id is sent as input" />
<method name="getFilesAsZip" initial="g" htmlFileName="com/dassault_systemes/enovia/plmprovider/rest/service/File" containerName="File"  containerType="class" id="759231931" argList="(javax.servlet.http.HttpServletRequest, com.matrixone.apps.plmprovider.FileRequestWrapper)" abstract="Service to return RawFileResponse object containing " />
<method name="getUploadTicket" initial="g" htmlFileName="com/dassault_systemes/enovia/plmprovider/rest/service/File" containerName="File"  containerType="class" id="-1379909306" argList="(javax.servlet.http.HttpServletRequest, com.matrixone.apps.plmprovider.FileRequest)" abstract="This function returns the ticket and URL to upload a file" />
<method name="getUrl" initial="g" htmlFileName="com/dassault_systemes/enovia/plmprovider/rest/service/File" containerName="File"  containerType="class" id="-1893356624" argList="(javax.servlet.http.HttpServletRequest, com.matrixone.apps.plmprovider.FileRequest)" abstract="Services to get FCS url that corresponds to the file/format/object in the request object" />
<method name="moveFileToVault" initial="m" htmlFileName="com/dassault_systemes/enovia/plmprovider/rest/service/File" containerName="File"  containerType="class" id="690883007" argList="(javax.servlet.http.HttpServletRequest, com.matrixone.apps.plmprovider.FileReceipt)" abstract="This service finishes the check-in." />
<constructor name="File" initial="F" htmlFileName="com/dassault_systemes/enovia/plmprovider/rest/service/File" containerName="File"  containerType="class" id="-1384669524" argList="()" abstract="" />
<class name="MetaData" initial="M" htmlFileName="com/dassault_systemes/enovia/plmprovider/rest/service/MetaData"  fatherClass="RestService" fatherId="-1155470925" fatherType="class"  DSCharacteristic="class" id="1864488641" abstract="" packageName="com.dassault_systemes.enovia.plmprovider.rest.service" packagePath="com/dassault_systemes/enovia/plmprovider/rest/service/" packageAbstract="" />
<method name="getMetaInfo" initial="g" htmlFileName="com/dassault_systemes/enovia/plmprovider/rest/service/MetaData" containerName="MetaData"  containerType="class" id="-1129448928" argList="(javax.servlet.http.HttpServletRequest, java.lang.String)" abstract="Service to get the meta info modeled on this server." />
<constructor name="MetaData" initial="M" htmlFileName="com/dassault_systemes/enovia/plmprovider/rest/service/MetaData" containerName="MetaData"  containerType="class" id="1357936831" argList="()" abstract="" />
<class name="NavRep" initial="N" htmlFileName="com/dassault_systemes/enovia/plmprovider/rest/service/NavRep"  fatherClass="RestService" fatherId="-1155470925" fatherType="class"  DSCharacteristic="class" id="761626220" abstract="" packageName="com.dassault_systemes.enovia.plmprovider.rest.service" packagePath="com/dassault_systemes/enovia/plmprovider/rest/service/" packageAbstract="" />
<method name="getStaticUrls" initial="g" htmlFileName="com/dassault_systemes/enovia/plmprovider/rest/service/NavRep" containerName="NavRep"  containerType="class" id="-124477727" argList="(javax.servlet.http.HttpServletRequest, com.matrixone.apps.plmprovider.NavRepRequest)" abstract="This function will get urls with fake server name but proper associated object ids" />
<method name="getUrls" initial="g" htmlFileName="com/dassault_systemes/enovia/plmprovider/rest/service/NavRep" containerName="NavRep"  containerType="class" id="-121673425" argList="(javax.servlet.http.HttpServletRequest, com.matrixone.apps.plmprovider.NavRepRequest)" abstract="This service will get FCS urls for all the objects in the request object" />
<constructor name="NavRep" initial="N" htmlFileName="com/dassault_systemes/enovia/plmprovider/rest/service/NavRep" containerName="NavRep"  containerType="class" id="-1755024342" argList="()" abstract="" />
<class name="PlmProviderModeler" initial="P" htmlFileName="com/dassault_systemes/enovia/plmprovider/rest/service/PlmProviderModeler"  fatherClass="ModelerBase" fatherId="-174005383" fatherType="class"  DSCharacteristic="class" id="1562616102" abstract="" packageName="com.dassault_systemes.enovia.plmprovider.rest.service" packagePath="com/dassault_systemes/enovia/plmprovider/rest/service/" packageAbstract="" />
<method name="getServices" initial="g" htmlFileName="com/dassault_systemes/enovia/plmprovider/rest/service/PlmProviderModeler" containerName="PlmProviderModeler"  containerType="class" id="69296373" argList="()" abstract="" />
<constructor name="PlmProviderModeler" initial="P" htmlFileName="com/dassault_systemes/enovia/plmprovider/rest/service/PlmProviderModeler" containerName="PlmProviderModeler"  containerType="class" id="-2084035740" argList="()" abstract="" />
<class name="Query" initial="Q" htmlFileName="com/dassault_systemes/enovia/plmprovider/rest/service/Query"  fatherClass="RestService" fatherId="-1155470925" fatherType="class"  DSCharacteristic="class" id="-1020658822" abstract="" packageName="com.dassault_systemes.enovia.plmprovider.rest.service" packagePath="com/dassault_systemes/enovia/plmprovider/rest/service/" packageAbstract="" />
<method name="doExpand" initial="d" htmlFileName="com/dassault_systemes/enovia/plmprovider/rest/service/Query" containerName="Query"  containerType="class" id="606326372" argList="(javax.servlet.http.HttpServletRequest, java.lang.String, com.matrixone.apps.plmprovider.QueryRequest)" abstract="This service performs an expand." />
<method name="doExpandCATIALinks" initial="d" htmlFileName="com/dassault_systemes/enovia/plmprovider/rest/service/Query" containerName="Query"  containerType="class" id="517542521" argList="(javax.servlet.http.HttpServletRequest, java.lang.String, com.matrixone.apps.plmprovider.QueryRequest)" abstract="This service performs a expand for CATIALinks." />
<method name="doGetParents" initial="d" htmlFileName="com/dassault_systemes/enovia/plmprovider/rest/service/Query" containerName="Query"  containerType="class" id="313887051" argList="(javax.servlet.http.HttpServletRequest, java.lang.String, com.matrixone.apps.plmprovider.QueryRequest)" abstract="This service performs an expand to get parents." />
<method name="doMultiRootExpand" initial="d" htmlFileName="com/dassault_systemes/enovia/plmprovider/rest/service/Query" containerName="Query"  containerType="class" id="1032274015" argList="(javax.servlet.http.HttpServletRequest, java.lang.String, com.matrixone.apps.plmprovider.QueryMultiRootRequest)" abstract="This service performs multi root expand" />
<method name="doQuery" initial="d" htmlFileName="com/dassault_systemes/enovia/plmprovider/rest/service/Query" containerName="Query"  containerType="class" id="-767069844" argList="(javax.servlet.http.HttpServletRequest, java.lang.String, com.matrixone.apps.plmprovider.QueryRequest)" abstract="This service performs a query" />
<method name="getCount" initial="g" htmlFileName="com/dassault_systemes/enovia/plmprovider/rest/service/Query" containerName="Query"  containerType="class" id="-232628592" argList="(javax.servlet.http.HttpServletRequest, com.matrixone.apps.plmprovider.QueryRequest)" abstract="This service performs a query and returns a count of the number of objects" />
<method name="getTypeHashName" initial="g" htmlFileName="com/dassault_systemes/enovia/plmprovider/rest/service/Query" containerName="Query"  containerType="class" id="-1291440288" argList="(javax.servlet.http.HttpServletRequest, java.lang.String)" abstract="This service gets the hash name of the type for the given business object." />
<constructor name="Query" initial="Q" htmlFileName="com/dassault_systemes/enovia/plmprovider/rest/service/Query" containerName="Query"  containerType="class" id="430862008" argList="()" abstract="" />
</fw>

