<?xml version="1.0" encoding="utf-8"?>
<fw name="ENOAppsCommon" footer="Copyright &#169; 1999-2016, Dassault Syst&#232;mes. All rights reserved. ">
<class name="AttributeDefinition" initial="A" htmlFileName="com/matrixone/apps/plmprovider/AttributeDefinition"  fatherClass="Object" fatherId="-744902364" fatherType="class"  DSCharacteristic="class" id="1125096232" abstract="" packageName="com.matrixone.apps.plmprovider" packagePath="com/matrixone/apps/plmprovider/" packageAbstract="" />
<method name="getBasicName" initial="g" htmlFileName="com/matrixone/apps/plmprovider/AttributeDefinition" containerName="AttributeDefinition"  containerType="class" id="-1311569277" argList="()" abstract="" />
<method name="getDisplayName" initial="g" htmlFileName="com/matrixone/apps/plmprovider/AttributeDefinition" containerName="AttributeDefinition"  containerType="class" id="-1738316393" argList="()" abstract="" />
<method name="getName" initial="g" htmlFileName="com/matrixone/apps/plmprovider/AttributeDefinition" containerName="AttributeDefinition"  containerType="class" id="-1094020895" argList="()" abstract="Gets the name value for this AttributeDefinition." />
<method name="getReferencedNodeType" initial="g" htmlFileName="com/matrixone/apps/plmprovider/AttributeDefinition" containerName="AttributeDefinition"  containerType="class" id="-1889758389" argList="()" abstract="Gets the referencedNodeType value for this AttributeDefinition." />
<method name="getType" initial="g" htmlFileName="com/matrixone/apps/plmprovider/AttributeDefinition" containerName="AttributeDefinition"  containerType="class" id="-1996735024" argList="()" abstract="" />
<method name="getValues" initial="g" htmlFileName="com/matrixone/apps/plmprovider/AttributeDefinition" containerName="AttributeDefinition"  containerType="class" id="993741880" argList="()" abstract="" />
<method name="isIsDisplay" initial="i" htmlFileName="com/matrixone/apps/plmprovider/AttributeDefinition" containerName="AttributeDefinition"  containerType="class" id="317870286" argList="()" abstract="Gets the isDisplay value for this AttributeDefinition." />
<method name="isIsInternal" initial="i" htmlFileName="com/matrixone/apps/plmprovider/AttributeDefinition" containerName="AttributeDefinition"  containerType="class" id="-1457462095" argList="()" abstract="" />
<method name="isIsMandatory" initial="i" htmlFileName="com/matrixone/apps/plmprovider/AttributeDefinition" containerName="AttributeDefinition"  containerType="class" id="1433785637" argList="()" abstract="Gets the isMandatory value for this AttributeDefinition." />
<method name="isIsPrimaryKey" initial="i" htmlFileName="com/matrixone/apps/plmprovider/AttributeDefinition" containerName="AttributeDefinition"  containerType="class" id="-211527183" argList="()" abstract="Gets the isPrimaryKey value for this AttributeDefinition." />
<method name="isIsReadOnly" initial="i" htmlFileName="com/matrixone/apps/plmprovider/AttributeDefinition" containerName="AttributeDefinition"  containerType="class" id="601314070" argList="()" abstract="Gets the isReadOnly value for this AttributeDefinition." />
<method name="setBasicName" initial="s" htmlFileName="com/matrixone/apps/plmprovider/AttributeDefinition" containerName="AttributeDefinition"  containerType="class" id="-572334601" argList="(java.lang.String)" abstract="" />
<method name="setDisplayName" initial="s" htmlFileName="com/matrixone/apps/plmprovider/AttributeDefinition" containerName="AttributeDefinition"  containerType="class" id="-3396597" argList="(java.lang.String)" abstract="" />
<method name="setIsDisplay" initial="s" htmlFileName="com/matrixone/apps/plmprovider/AttributeDefinition" containerName="AttributeDefinition"  containerType="class" id="-1922617706" argList="(boolean)" abstract="Sets the isDisplay value for this AttributeDefinition." />
<method name="setIsInternal" initial="s" htmlFileName="com/matrixone/apps/plmprovider/AttributeDefinition" containerName="AttributeDefinition"  containerType="class" id="2101854185" argList="(boolean)" abstract="" />
<method name="setIsMandatory" initial="s" htmlFileName="com/matrixone/apps/plmprovider/AttributeDefinition" containerName="AttributeDefinition"  containerType="class" id="103440621" argList="(boolean)" abstract="Sets the isMandatory value for this AttributeDefinition." />
<method name="setIsPrimaryKey" initial="s" htmlFileName="com/matrixone/apps/plmprovider/AttributeDefinition" containerName="AttributeDefinition"  containerType="class" id="1497450281" argList="(boolean)" abstract="Sets the isPrimaryKey value for this AttributeDefinition." />
<method name="setIsReadOnly" initial="s" htmlFileName="com/matrixone/apps/plmprovider/AttributeDefinition" containerName="AttributeDefinition"  containerType="class" id="-134336946" argList="(boolean)" abstract="Sets the isReadOnly value for this AttributeDefinition." />
<method name="setName" initial="s" htmlFileName="com/matrixone/apps/plmprovider/AttributeDefinition" containerName="AttributeDefinition"  containerType="class" id="324625645" argList="(java.lang.String)" abstract="Sets the name value for this AttributeDefinition." />
<method name="setReferencedNodeType" initial="s" htmlFileName="com/matrixone/apps/plmprovider/AttributeDefinition" containerName="AttributeDefinition"  containerType="class" id="-1112448425" argList="(java.lang.String)" abstract="Sets the referencedNodeType value for this AttributeDefinition." />
<method name="setType" initial="s" htmlFileName="com/matrixone/apps/plmprovider/AttributeDefinition" containerName="AttributeDefinition"  containerType="class" id="-578088484" argList="(java.lang.String)" abstract="" />
<method name="setValues" initial="s" htmlFileName="com/matrixone/apps/plmprovider/AttributeDefinition" containerName="AttributeDefinition"  containerType="class" id="-1486533308" argList="(java.lang.String[])" abstract="" />
<method name="toString" initial="t" htmlFileName="com/matrixone/apps/plmprovider/AttributeDefinition" containerName="AttributeDefinition"  containerType="class" id="-1490749044" argList="()" abstract="" />
<constructor name="AttributeDefinition" initial="A" htmlFileName="com/matrixone/apps/plmprovider/AttributeDefinition" containerName="AttributeDefinition"  containerType="class" id="-2019421718" argList="()" abstract="Default constructor." />
<class name="ConnectResponse" initial="C" htmlFileName="com/matrixone/apps/plmprovider/ConnectResponse"  fatherClass="Object" fatherId="-744902364" fatherType="class"  DSCharacteristic="class" id="-247327636" abstract="" packageName="com.matrixone.apps.plmprovider" packagePath="com/matrixone/apps/plmprovider/" packageAbstract="" />
<method name="getdefaultSecurityContext" initial="g" htmlFileName="com/matrixone/apps/plmprovider/ConnectResponse" containerName="ConnectResponse"  containerType="class" id="-739366460" argList="()" abstract="Gets default Security Context" />
<method name="getEncryptedKey" initial="g" htmlFileName="com/matrixone/apps/plmprovider/ConnectResponse" containerName="ConnectResponse"  containerType="class" id="-950367663" argList="()" abstract="Gets encrypted key" />
<method name="getSecurityContextAssignments" initial="g" htmlFileName="com/matrixone/apps/plmprovider/ConnectResponse" containerName="ConnectResponse"  containerType="class" id="512885837" argList="()" abstract="Gets security Context Assignments." />
<method name="setdefaultSecurityContext" initial="s" htmlFileName="com/matrixone/apps/plmprovider/ConnectResponse" containerName="ConnectResponse"  containerType="class" id="502043344" argList="(java.lang.String)" abstract="Sets default Security Context" />
<method name="setEncryptedKey" initial="s" htmlFileName="com/matrixone/apps/plmprovider/ConnectResponse" containerName="ConnectResponse"  containerType="class" id="1292538461" argList="(java.lang.String)" abstract="Sets sessionKey" />
<method name="setSecurityContextAssignments" initial="s" htmlFileName="com/matrixone/apps/plmprovider/ConnectResponse" containerName="ConnectResponse"  containerType="class" id="31262553" argList="(java.util.Vector)" abstract="Sets security Context Assignments." />
<constructor name="ConnectResponse" initial="C" htmlFileName="com/matrixone/apps/plmprovider/ConnectResponse" containerName="ConnectResponse"  containerType="class" id="662538286" argList="()" abstract="Construct a ConnectResponse object." />
<class name="ContextTimeStamp" initial="C" htmlFileName="com/matrixone/apps/plmprovider/ContextTimeStamp"  fatherClass="Object" fatherId="-744902364" fatherType="class"  DSCharacteristic="class" id="-1413720336" abstract="" packageName="com.matrixone.apps.plmprovider" packagePath="com/matrixone/apps/plmprovider/" packageAbstract="" />
<method name="getContext" initial="g" htmlFileName="com/matrixone/apps/plmprovider/ContextTimeStamp" containerName="ContextTimeStamp"  containerType="class" id="1256366425" argList="()" abstract="Gets context." />
<method name="getTimeStamp" initial="g" htmlFileName="com/matrixone/apps/plmprovider/ContextTimeStamp" containerName="ContextTimeStamp"  containerType="class" id="604703840" argList="()" abstract="Gets timestamp(context created time)." />
<method name="setContext" initial="s" htmlFileName="com/matrixone/apps/plmprovider/ContextTimeStamp" containerName="ContextTimeStamp"  containerType="class" id="1677246925" argList="(matrix.db.Context)" abstract="Sets the context." />
<method name="setTimeStamp" initial="s" htmlFileName="com/matrixone/apps/plmprovider/ContextTimeStamp" containerName="ContextTimeStamp"  containerType="class" id="1343938516" argList="(java.lang.Long)" abstract="Sets timestamp(context created time)." />
<constructor name="ContextTimeStamp" initial="C" htmlFileName="com/matrixone/apps/plmprovider/ContextTimeStamp" containerName="ContextTimeStamp"  containerType="class" id="1081399218" argList="()" abstract="Construct a ContextTimeStamp object." />
<constructor name="ContextTimeStamp" initial="C" htmlFileName="com/matrixone/apps/plmprovider/ContextTimeStamp" containerName="ContextTimeStamp"  containerType="class" id="1081399218" argList="(java.lang.Long, matrix.db.Context)" abstract="Construct a ContextTimeStamp object." />
<class name="FileReceipt" initial="F" htmlFileName="com/matrixone/apps/plmprovider/FileReceipt"  fatherClass="Object" fatherId="-744902364" fatherType="class"  DSCharacteristic="class" id="-16474949" abstract="" packageName="com.matrixone.apps.plmprovider" packagePath="com/matrixone/apps/plmprovider/" packageAbstract="" />
<method name="getReceipt" initial="g" htmlFileName="com/matrixone/apps/plmprovider/FileReceipt" containerName="FileReceipt"  containerType="class" id="-1485170782" argList="()" abstract="" />
<method name="setReceipt" initial="s" htmlFileName="com/matrixone/apps/plmprovider/FileReceipt" containerName="FileReceipt"  containerType="class" id="-1064290282" argList="(java.lang.String)" abstract="" />
<constructor name="FileReceipt" initial="F" htmlFileName="com/matrixone/apps/plmprovider/FileReceipt" containerName="FileReceipt"  containerType="class" id="-28944067" argList="()" abstract="Default constructor." />
<class name="FileRequest" initial="F" htmlFileName="com/matrixone/apps/plmprovider/FileRequest"  fatherClass="Object" fatherId="-744902364" fatherType="class"  DSCharacteristic="class" id="1374641988" abstract="" packageName="com.matrixone.apps.plmprovider" packagePath="com/matrixone/apps/plmprovider/" packageAbstract="" />
<method name="getFileFormat" initial="g" htmlFileName="com/matrixone/apps/plmprovider/FileRequest" containerName="FileRequest"  containerType="class" id="1565765737" argList="()" abstract="" />
<method name="getFileName" initial="g" htmlFileName="com/matrixone/apps/plmprovider/FileRequest" containerName="FileRequest"  containerType="class" id="-1721296259" argList="()" abstract="" />
<method name="getMcsURL" initial="g" htmlFileName="com/matrixone/apps/plmprovider/FileRequest" containerName="FileRequest"  containerType="class" id="-1170246232" argList="()" abstract="" />
<method name="getObjectId" initial="g" htmlFileName="com/matrixone/apps/plmprovider/FileRequest" containerName="FileRequest"  containerType="class" id="-910967728" argList="()" abstract="" />
<method name="setFileFormat" initial="s" htmlFileName="com/matrixone/apps/plmprovider/FileRequest" containerName="FileRequest"  containerType="class" id="-1287763083" argList="(java.lang.String)" abstract="" />
<method name="setFileName" initial="s" htmlFileName="com/matrixone/apps/plmprovider/FileRequest" containerName="FileRequest"  containerType="class" id="-1558902647" argList="(java.lang.String)" abstract="" />
<method name="setMcsURL" initial="s" htmlFileName="com/matrixone/apps/plmprovider/FileRequest" containerName="FileRequest"  containerType="class" id="644445876" argList="(java.lang.String)" abstract="" />
<method name="setObjectId" initial="s" htmlFileName="com/matrixone/apps/plmprovider/FileRequest" containerName="FileRequest"  containerType="class" id="-748574116" argList="(java.lang.String)" abstract="" />
<constructor name="FileRequest" initial="F" htmlFileName="com/matrixone/apps/plmprovider/FileRequest" containerName="FileRequest"  containerType="class" id="-1043508986" argList="()" abstract="Default constructor." />
<class name="FileRequestWrapper" initial="F" htmlFileName="com/matrixone/apps/plmprovider/FileRequestWrapper"  fatherClass="Object" fatherId="-744902364" fatherType="class"  DSCharacteristic="class" id="1924415095" abstract="" packageName="com.matrixone.apps.plmprovider" packagePath="com/matrixone/apps/plmprovider/" packageAbstract="" />
<method name="getRequest" initial="g" htmlFileName="com/matrixone/apps/plmprovider/FileRequestWrapper" containerName="FileRequestWrapper"  containerType="class" id="-1310218695" argList="()" abstract="" />
<method name="setRequest" initial="s" htmlFileName="com/matrixone/apps/plmprovider/FileRequestWrapper" containerName="FileRequestWrapper"  containerType="class" id="-889338195" argList="(com.matrixone.apps.plmprovider.FileRequest[])" abstract="" />
<constructor name="FileRequestWrapper" initial="F" htmlFileName="com/matrixone/apps/plmprovider/FileRequestWrapper" containerName="FileRequestWrapper"  containerType="class" id="1460452857" argList="()" abstract="" />
<class name="FileResponse" initial="F" htmlFileName="com/matrixone/apps/plmprovider/FileResponse"  fatherClass="Object" fatherId="-744902364" fatherType="class"  DSCharacteristic="class" id="769464282" abstract="" packageName="com.matrixone.apps.plmprovider" packagePath="com/matrixone/apps/plmprovider/" packageAbstract="" />
<method name="getResults" initial="g" htmlFileName="com/matrixone/apps/plmprovider/FileResponse" containerName="FileResponse"  containerType="class" id="-769230368" argList="()" abstract="" />
<method name="setResults" initial="s" htmlFileName="com/matrixone/apps/plmprovider/FileResponse" containerName="FileResponse"  containerType="class" id="-348349868" argList="(com.matrixone.apps.plmprovider.FileResult[])" abstract="" />
<constructor name="FileResponse" initial="F" htmlFileName="com/matrixone/apps/plmprovider/FileResponse" containerName="FileResponse"  containerType="class" id="-1317551844" argList="()" abstract="Default constructor." />
<class name="FileResult" initial="F" htmlFileName="com/matrixone/apps/plmprovider/FileResult"  fatherClass="Object" fatherId="-744902364" fatherType="class"  DSCharacteristic="class" id="1468293246" abstract="" packageName="com.matrixone.apps.plmprovider" packagePath="com/matrixone/apps/plmprovider/" packageAbstract="" />
<method name="getFileFormat" initial="g" htmlFileName="com/matrixone/apps/plmprovider/FileResult" containerName="FileResult"  containerType="class" id="1565765737" argList="()" abstract="" />
<method name="getFileName" initial="g" htmlFileName="com/matrixone/apps/plmprovider/FileResult" containerName="FileResult"  containerType="class" id="-1721296259" argList="()" abstract="" />
<method name="getFileSize" initial="g" htmlFileName="com/matrixone/apps/plmprovider/FileResult" containerName="FileResult"  containerType="class" id="837503603" argList="()" abstract="" />
<method name="getObjectId" initial="g" htmlFileName="com/matrixone/apps/plmprovider/FileResult" containerName="FileResult"  containerType="class" id="-910967728" argList="()" abstract="" />
<method name="getTimestamp" initial="g" htmlFileName="com/matrixone/apps/plmprovider/FileResult" containerName="FileResult"  containerType="class" id="-1988004736" argList="()" abstract="" />
<method name="getUrl" initial="g" htmlFileName="com/matrixone/apps/plmprovider/FileResult" containerName="FileResult"  containerType="class" id="-1879935463" argList="()" abstract="" />
<method name="setFileFormat" initial="s" htmlFileName="com/matrixone/apps/plmprovider/FileResult" containerName="FileResult"  containerType="class" id="-1287763083" argList="(java.lang.String)" abstract="" />
<method name="setFileName" initial="s" htmlFileName="com/matrixone/apps/plmprovider/FileResult" containerName="FileResult"  containerType="class" id="-1558902647" argList="(java.lang.String)" abstract="" />
<method name="setFileSize" initial="s" htmlFileName="com/matrixone/apps/plmprovider/FileResult" containerName="FileResult"  containerType="class" id="999897215" argList="(java.lang.String)" abstract="" />
<method name="setObjectId" initial="s" htmlFileName="com/matrixone/apps/plmprovider/FileResult" containerName="FileResult"  containerType="class" id="-748574116" argList="(java.lang.String)" abstract="" />
<method name="setTimestamp" initial="s" htmlFileName="com/matrixone/apps/plmprovider/FileResult" containerName="FileResult"  containerType="class" id="-1248770060" argList="(int)" abstract="" />
<method name="setUrl" initial="s" htmlFileName="com/matrixone/apps/plmprovider/FileResult" containerName="FileResult"  containerType="class" id="-1418530675" argList="(java.lang.String)" abstract="" />
<constructor name="FileResult" initial="F" htmlFileName="com/matrixone/apps/plmprovider/FileResult" containerName="FileResult"  containerType="class" id="1711734464" argList="()" abstract="Default constructor." />
<class name="FilterClause" initial="F" htmlFileName="com/matrixone/apps/plmprovider/FilterClause"  fatherClass="Object" fatherId="-744902364" fatherType="class"  DSCharacteristic="class" id="-1224608784" abstract="" packageName="com.matrixone.apps.plmprovider" packagePath="com/matrixone/apps/plmprovider/" packageAbstract="" />
<method name="getAttributeName" initial="g" htmlFileName="com/matrixone/apps/plmprovider/FilterClause" containerName="FilterClause"  containerType="class" id="593097073" argList="()" abstract="" />
<method name="getOperator" initial="g" htmlFileName="com/matrixone/apps/plmprovider/FilterClause" containerName="FilterClause"  containerType="class" id="1967417786" argList="()" abstract="" />
<method name="getValue" initial="g" htmlFileName="com/matrixone/apps/plmprovider/FilterClause" containerName="FilterClause"  containerType="class" id="1375784731" argList="()" abstract="" />
<method name="setAttributeName" initial="s" htmlFileName="com/matrixone/apps/plmprovider/FilterClause" containerName="FilterClause"  containerType="class" id="1403710181" argList="(java.lang.String)" abstract="" />
<method name="setOperator" initial="s" htmlFileName="com/matrixone/apps/plmprovider/FilterClause" containerName="FilterClause"  containerType="class" id="2129811398" argList="(java.lang.String)" abstract="" />
<method name="setValue" initial="s" htmlFileName="com/matrixone/apps/plmprovider/FilterClause" containerName="FilterClause"  containerType="class" id="-1890812785" argList="(java.lang.String)" abstract="" />
<constructor name="FilterClause" initial="F" htmlFileName="com/matrixone/apps/plmprovider/FilterClause" containerName="FilterClause"  containerType="class" id="911258802" argList="()" abstract="Default constructor." />
<class name="MetaInfo" initial="M" htmlFileName="com/matrixone/apps/plmprovider/MetaInfo"  fatherClass="Object" fatherId="-744902364" fatherType="class"  DSCharacteristic="class" id="1938805796" abstract="" packageName="com.matrixone.apps.plmprovider" packagePath="com/matrixone/apps/plmprovider/" packageAbstract="" />
<method name="getNodeTypes" initial="g" htmlFileName="com/matrixone/apps/plmprovider/MetaInfo" containerName="MetaInfo"  containerType="class" id="1616532161" argList="()" abstract="Gets the nodeTypes value for this MetaInfo." />
<method name="getRelationTypes" initial="g" htmlFileName="com/matrixone/apps/plmprovider/MetaInfo" containerName="MetaInfo"  containerType="class" id="-1304439673" argList="()" abstract="" />
<method name="setNodeTypes" initial="s" htmlFileName="com/matrixone/apps/plmprovider/MetaInfo" containerName="MetaInfo"  containerType="class" id="-1939200459" argList="(com.matrixone.apps.plmprovider.NodeType[])" abstract="Sets the nodeTypes value for this MetaInfo." />
<method name="setRelationTypes" initial="s" htmlFileName="com/matrixone/apps/plmprovider/MetaInfo" containerName="MetaInfo"  containerType="class" id="-493826565" argList="(com.matrixone.apps.plmprovider.RelationType[])" abstract="" />
<constructor name="MetaInfo" initial="M" htmlFileName="com/matrixone/apps/plmprovider/MetaInfo" containerName="MetaInfo"  containerType="class" id="-944071194" argList="()" abstract="" />
<constructor name="MetaInfo" initial="M" htmlFileName="com/matrixone/apps/plmprovider/MetaInfo" containerName="MetaInfo"  containerType="class" id="-944071194" argList="(com.matrixone.apps.plmprovider.NodeType[])" abstract="" />
<class name="NameValue" initial="N" htmlFileName="com/matrixone/apps/plmprovider/NameValue"  fatherClass="Object" fatherId="-744902364" fatherType="class"  DSCharacteristic="class" id="-2125450895" abstract="" packageName="com.matrixone.apps.plmprovider" packagePath="com/matrixone/apps/plmprovider/" packageAbstract="" />
<method name="equals" initial="e" htmlFileName="com/matrixone/apps/plmprovider/NameValue" containerName="NameValue"  containerType="class" id="299042335" argList="(com.matrixone.apps.plmprovider.NameValue)" abstract="" />
<method name="getName" initial="g" htmlFileName="com/matrixone/apps/plmprovider/NameValue" containerName="NameValue"  containerType="class" id="-1094020895" argList="()" abstract="" />
<method name="getValue" initial="g" htmlFileName="com/matrixone/apps/plmprovider/NameValue" containerName="NameValue"  containerType="class" id="1375784731" argList="()" abstract="" />
<method name="setName" initial="s" htmlFileName="com/matrixone/apps/plmprovider/NameValue" containerName="NameValue"  containerType="class" id="324625645" argList="(java.lang.String)" abstract="" />
<method name="setValue" initial="s" htmlFileName="com/matrixone/apps/plmprovider/NameValue" containerName="NameValue"  containerType="class" id="-1890812785" argList="(java.lang.String)" abstract="" />
<constructor name="NameValue" initial="N" htmlFileName="com/matrixone/apps/plmprovider/NameValue" containerName="NameValue"  containerType="class" id="306253171" argList="()" abstract="" />
<constructor name="NameValue" initial="N" htmlFileName="com/matrixone/apps/plmprovider/NameValue" containerName="NameValue"  containerType="class" id="306253171" argList="(java.lang.String, java.lang.String)" abstract="" />
<class name="NavRepRequest" initial="N" htmlFileName="com/matrixone/apps/plmprovider/NavRepRequest"  fatherClass="Object" fatherId="-744902364" fatherType="class"  DSCharacteristic="class" id="-760023998" abstract="" packageName="com.matrixone.apps.plmprovider" packagePath="com/matrixone/apps/plmprovider/" packageAbstract="" />
<method name="getImageType" initial="g" htmlFileName="com/matrixone/apps/plmprovider/NavRepRequest" containerName="NavRepRequest"  containerType="class" id="-436252961" argList="()" abstract="" />
<method name="getMcsURL" initial="g" htmlFileName="com/matrixone/apps/plmprovider/NavRepRequest" containerName="NavRepRequest"  containerType="class" id="-1170246232" argList="()" abstract="" />
<method name="getObjectIds" initial="g" htmlFileName="com/matrixone/apps/plmprovider/NavRepRequest" containerName="NavRepRequest"  containerType="class" id="-1176107613" argList="()" abstract="" />
<method name="setImageType" initial="s" htmlFileName="com/matrixone/apps/plmprovider/NavRepRequest" containerName="NavRepRequest"  containerType="class" id="302981715" argList="(java.lang.String)" abstract="" />
<method name="setMcsURL" initial="s" htmlFileName="com/matrixone/apps/plmprovider/NavRepRequest" containerName="NavRepRequest"  containerType="class" id="644445876" argList="(java.lang.String)" abstract="" />
<method name="setObjectIds" initial="s" htmlFileName="com/matrixone/apps/plmprovider/NavRepRequest" containerName="NavRepRequest"  containerType="class" id="-436872937" argList="(java.lang.String[])" abstract="" />
<constructor name="NavRepRequest" initial="N" htmlFileName="com/matrixone/apps/plmprovider/NavRepRequest" containerName="NavRepRequest"  containerType="class" id="-83841148" argList="()" abstract="" />
<class name="NavRepResponse" initial="N" htmlFileName="com/matrixone/apps/plmprovider/NavRepResponse"  fatherClass="Object" fatherId="-744902364" fatherType="class"  DSCharacteristic="class" id="-980671844" abstract="" packageName="com.matrixone.apps.plmprovider" packagePath="com/matrixone/apps/plmprovider/" packageAbstract="" />
<method name="getResults" initial="g" htmlFileName="com/matrixone/apps/plmprovider/NavRepResponse" containerName="NavRepResponse"  containerType="class" id="-769230368" argList="()" abstract="" />
<method name="setResults" initial="s" htmlFileName="com/matrixone/apps/plmprovider/NavRepResponse" containerName="NavRepResponse"  containerType="class" id="-348349868" argList="(com.matrixone.apps.plmprovider.NavRepResult[])" abstract="" />
<constructor name="NavRepResponse" initial="N" htmlFileName="com/matrixone/apps/plmprovider/NavRepResponse" containerName="NavRepResponse"  containerType="class" id="-1632619938" argList="()" abstract="" />
<class name="NavRepResult" initial="N" htmlFileName="com/matrixone/apps/plmprovider/NavRepResult"  fatherClass="Object" fatherId="-744902364" fatherType="class"  DSCharacteristic="class" id="429601728" abstract="" packageName="com.matrixone.apps.plmprovider" packagePath="com/matrixone/apps/plmprovider/" packageAbstract="" />
<method name="getObjectId" initial="g" htmlFileName="com/matrixone/apps/plmprovider/NavRepResult" containerName="NavRepResult"  containerType="class" id="-910967728" argList="()" abstract="" />
<method name="getTimestamp" initial="g" htmlFileName="com/matrixone/apps/plmprovider/NavRepResult" containerName="NavRepResult"  containerType="class" id="-1988004736" argList="()" abstract="" />
<method name="getUrl" initial="g" htmlFileName="com/matrixone/apps/plmprovider/NavRepResult" containerName="NavRepResult"  containerType="class" id="-1879935463" argList="()" abstract="" />
<method name="giveFileName" initial="g" htmlFileName="com/matrixone/apps/plmprovider/NavRepResult" containerName="NavRepResult"  containerType="class" id="115437688" argList="()" abstract="" />
<method name="putFileName" initial="p" htmlFileName="com/matrixone/apps/plmprovider/NavRepResult" containerName="NavRepResult"  containerType="class" id="-1038327050" argList="(java.lang.String)" abstract="" />
<method name="setObjectId" initial="s" htmlFileName="com/matrixone/apps/plmprovider/NavRepResult" containerName="NavRepResult"  containerType="class" id="-748574116" argList="(java.lang.String)" abstract="" />
<method name="setTimestamp" initial="s" htmlFileName="com/matrixone/apps/plmprovider/NavRepResult" containerName="NavRepResult"  containerType="class" id="-1248770060" argList="(int)" abstract="" />
<method name="setUrl" initial="s" htmlFileName="com/matrixone/apps/plmprovider/NavRepResult" containerName="NavRepResult"  containerType="class" id="-1418530675" argList="(java.lang.String)" abstract="" />
<method name="toString" initial="t" htmlFileName="com/matrixone/apps/plmprovider/NavRepResult" containerName="NavRepResult"  containerType="class" id="-1490749044" argList="()" abstract="" />
<constructor name="NavRepResult" initial="N" htmlFileName="com/matrixone/apps/plmprovider/NavRepResult" containerName="NavRepResult"  containerType="class" id="634312834" argList="()" abstract="Default constructor." />
<class name="NodeType" initial="N" htmlFileName="com/matrixone/apps/plmprovider/NodeType"  fatherClass="Object" fatherId="-744902364" fatherType="class"  DSCharacteristic="class" id="-1992580805" abstract="" packageName="com.matrixone.apps.plmprovider" packagePath="com/matrixone/apps/plmprovider/" packageAbstract="" />
<method name="getAttributeDefinitions" initial="g" htmlFileName="com/matrixone/apps/plmprovider/NodeType" containerName="NodeType"  containerType="class" id="1188778330" argList="()" abstract="Gets the attributeDefinitions value for this NodeType." />
<method name="getAttributesTableName" initial="g" htmlFileName="com/matrixone/apps/plmprovider/NodeType" containerName="NodeType"  containerType="class" id="2012909516" argList="()" abstract="" />
<method name="getDisplayName" initial="g" htmlFileName="com/matrixone/apps/plmprovider/NodeType" containerName="NodeType"  containerType="class" id="-1738316393" argList="()" abstract="Gets the displayName value for this NodeType." />
<method name="getExpandRelationshipPattern" initial="g" htmlFileName="com/matrixone/apps/plmprovider/NodeType" containerName="NodeType"  containerType="class" id="1810303656" argList="()" abstract="" />
<method name="getExpandTypePattern" initial="g" htmlFileName="com/matrixone/apps/plmprovider/NodeType" containerName="NodeType"  containerType="class" id="-1084206106" argList="()" abstract="" />
<method name="getGetParentsRelationshipPattern" initial="g" htmlFileName="com/matrixone/apps/plmprovider/NodeType" containerName="NodeType"  containerType="class" id="1099448591" argList="()" abstract="" />
<method name="getGetParentsTypePattern" initial="g" htmlFileName="com/matrixone/apps/plmprovider/NodeType" containerName="NodeType"  containerType="class" id="22405453" argList="()" abstract="" />
<method name="getImageFormat" initial="g" htmlFileName="com/matrixone/apps/plmprovider/NodeType" containerName="NodeType"  containerType="class" id="-533321956" argList="()" abstract="Gets the cgr format for this NodeType." />
<method name="getImagePath" initial="g" htmlFileName="com/matrixone/apps/plmprovider/NodeType" containerName="NodeType"  containerType="class" id="1741995274" argList="()" abstract="Gets the image path for this NodeType." />
<method name="getName" initial="g" htmlFileName="com/matrixone/apps/plmprovider/NodeType" containerName="NodeType"  containerType="class" id="-1094020895" argList="()" abstract="Gets the name value for this NodeType." />
<method name="getParentName" initial="g" htmlFileName="com/matrixone/apps/plmprovider/NodeType" containerName="NodeType"  containerType="class" id="-462946901" argList="()" abstract="Gets the parentName value for this NodeType." />
<method name="getSkipIntermediateNodeDuringExpand" initial="g" htmlFileName="com/matrixone/apps/plmprovider/NodeType" containerName="NodeType"  containerType="class" id="-132631957" argList="()" abstract="" />
<method name="getThumbnailFormat" initial="g" htmlFileName="com/matrixone/apps/plmprovider/NodeType" containerName="NodeType"  containerType="class" id="1509257389" argList="()" abstract="Gets the jpeg format for this NodeType." />
<method name="getThumbnailPath" initial="g" htmlFileName="com/matrixone/apps/plmprovider/NodeType" containerName="NodeType"  containerType="class" id="1699428059" argList="()" abstract="Gets the thumbnail path for this NodeType." />
<method name="giveDocumentRelationshipPattern" initial="g" htmlFileName="com/matrixone/apps/plmprovider/NodeType" containerName="NodeType"  containerType="class" id="-948692372" argList="()" abstract="Gets the relationship pattern to consider for getting the documents associated to this NodeType." />
<method name="giveExcludeVersionedDocuments" initial="g" htmlFileName="com/matrixone/apps/plmprovider/NodeType" containerName="NodeType"  containerType="class" id="-870369782" argList="()" abstract="Gets the excludeVersionedDocuments for this NodeType." />
<method name="giveTableColumns" initial="g" htmlFileName="com/matrixone/apps/plmprovider/NodeType" containerName="NodeType"  containerType="class" id="1639995392" argList="()" abstract="Gets the table columns for this NodeType." />
<method name="giveTableColumnSelects" initial="g" htmlFileName="com/matrixone/apps/plmprovider/NodeType" containerName="NodeType"  containerType="class" id="-837674076" argList="()" abstract="Gets the Table Columns selects for this NodeType." />
<method name="giveTableColumnTypes" initial="g" htmlFileName="com/matrixone/apps/plmprovider/NodeType" containerName="NodeType"  containerType="class" id="496717798" argList="()" abstract="Gets the Column Types for this NodeType." />
<method name="putDocumentRelationshipPattern" initial="p" htmlFileName="com/matrixone/apps/plmprovider/NodeType" containerName="NodeType"  containerType="class" id="-1136170194" argList="(java.lang.String)" abstract="Sets the relationship pattern for this NodeType." />
<method name="putExcludeVersionedDocuments" initial="p" htmlFileName="com/matrixone/apps/plmprovider/NodeType" containerName="NodeType"  containerType="class" id="1404292940" argList="(boolean)" abstract="Sets the excludeVersionedDocuments for this NodeType." />
<method name="putTableColumns" initial="p" htmlFileName="com/matrixone/apps/plmprovider/NodeType" containerName="NodeType"  containerType="class" id="1226955646" argList="(com.matrixone.apps.domain.util.MapList)" abstract="Sets the table columns for this NodeType." />
<method name="putTableColumnSelects" initial="p" htmlFileName="com/matrixone/apps/plmprovider/NodeType" containerName="NodeType"  containerType="class" id="-1034516318" argList="(java.util.HashMap)" abstract="Sets the column selects for this NodeType." />
<method name="putTableColumnTypes" initial="p" htmlFileName="com/matrixone/apps/plmprovider/NodeType" containerName="NodeType"  containerType="class" id="-1452088220" argList="(java.util.HashMap)" abstract="Sets the Columns Types for this NodeType." />
<method name="setAttributeDefinitions" initial="s" htmlFileName="com/matrixone/apps/plmprovider/NodeType" containerName="NodeType"  containerType="class" id="859344230" argList="(com.matrixone.apps.plmprovider.AttributeDefinition[])" abstract="Sets the attributeDefinitions value for this NodeType." />
<method name="setAttributesTableName" initial="s" htmlFileName="com/matrixone/apps/plmprovider/NodeType" containerName="NodeType"  containerType="class" id="339714624" argList="(java.lang.String)" abstract="" />
<method name="setDisplayName" initial="s" htmlFileName="com/matrixone/apps/plmprovider/NodeType" containerName="NodeType"  containerType="class" id="-3396597" argList="(java.lang.String)" abstract="Sets the displayName value for this NodeType." />
<method name="setExpandRelationshipPattern" initial="s" htmlFileName="com/matrixone/apps/plmprovider/NodeType" containerName="NodeType"  containerType="class" id="686388764" argList="(java.lang.String)" abstract="" />
<method name="setExpandTypePattern" initial="s" htmlFileName="com/matrixone/apps/plmprovider/NodeType" containerName="NodeType"  containerType="class" id="49247066" argList="(java.lang.String)" abstract="" />
<method name="setGetParentsRelationshipPattern" initial="s" htmlFileName="com/matrixone/apps/plmprovider/NodeType" containerName="NodeType"  containerType="class" id="-1749036413" argList="(java.lang.String)" abstract="" />
<method name="setGetParentsTypePattern" initial="s" htmlFileName="com/matrixone/apps/plmprovider/NodeType" containerName="NodeType"  containerType="class" id="-1600117055" argList="(java.lang.String)" abstract="" />
<method name="setImageFormat" initial="s" htmlFileName="com/matrixone/apps/plmprovider/NodeType" containerName="NodeType"  containerType="class" id="1201597840" argList="(java.lang.String)" abstract="Sets the cgr format for this NodeType." />
<method name="setImagePath" initial="s" htmlFileName="com/matrixone/apps/plmprovider/NodeType" containerName="NodeType"  containerType="class" id="-1813737346" argList="(java.lang.String)" abstract="Sets the image path for this NodeType." />
<method name="setName" initial="s" htmlFileName="com/matrixone/apps/plmprovider/NodeType" containerName="NodeType"  containerType="class" id="324625645" argList="(java.lang.String)" abstract="Sets the name value for this NodeType." />
<method name="setParentName" initial="s" htmlFileName="com/matrixone/apps/plmprovider/NodeType" containerName="NodeType"  containerType="class" id="978491575" argList="(java.lang.String)" abstract="Sets the parentName value for this NodeType." />
<method name="setSkipIntermediateNodeDuringExpand" initial="s" htmlFileName="com/matrixone/apps/plmprovider/NodeType" containerName="NodeType"  containerType="class" id="614448247" argList="(java.lang.String)" abstract="Sets the SkipIntermediateNodeDuringExpand property for this NodeType." />
<method name="setThumbnailFormat" initial="s" htmlFileName="com/matrixone/apps/plmprovider/NodeType" containerName="NodeType"  containerType="class" id="-1175593695" argList="(java.lang.String)" abstract="Sets the jpeg format for this NodeType." />
<method name="setThumbnailPath" initial="s" htmlFileName="com/matrixone/apps/plmprovider/NodeType" containerName="NodeType"  containerType="class" id="-1784926129" argList="(java.lang.String)" abstract="Sets the thumbnail path for this NodeType." />
<constructor name="NodeType" initial="N" htmlFileName="com/matrixone/apps/plmprovider/NodeType" containerName="NodeType"  containerType="class" id="-817365571" argList="()" abstract="Default constructor." />
<class name="PlmContextProperties" initial="P" htmlFileName="com/matrixone/apps/plmprovider/PlmContextProperties"  fatherClass="Object" fatherId="-744902364" fatherType="class"  DSCharacteristic="class" id="-1404470810" abstract="" packageName="com.matrixone.apps.plmprovider" packagePath="com/matrixone/apps/plmprovider/" packageAbstract="" />
<method name="getLanguage" initial="g" htmlFileName="com/matrixone/apps/plmprovider/PlmContextProperties" containerName="PlmContextProperties"  containerType="class" id="-902473874" argList="()" abstract="Gets language." />
<method name="getPassWord" initial="g" htmlFileName="com/matrixone/apps/plmprovider/PlmContextProperties" containerName="PlmContextProperties"  containerType="class" id="-895611375" argList="()" abstract="Gets passWord." />
<method name="getRole" initial="g" htmlFileName="com/matrixone/apps/plmprovider/PlmContextProperties" containerName="PlmContextProperties"  containerType="class" id="945025036" argList="()" abstract="Gets role." />
<method name="getSessionId" initial="g" htmlFileName="com/matrixone/apps/plmprovider/PlmContextProperties" containerName="PlmContextProperties"  containerType="class" id="-1359950085" argList="()" abstract="Gets sessionId." />
<method name="getTimezoneId" initial="g" htmlFileName="com/matrixone/apps/plmprovider/PlmContextProperties" containerName="PlmContextProperties"  containerType="class" id="-1212121462" argList="()" abstract="Gets timezoneId." />
<method name="getUserName" initial="g" htmlFileName="com/matrixone/apps/plmprovider/PlmContextProperties" containerName="PlmContextProperties"  containerType="class" id="-441851508" argList="()" abstract="Gets userName." />
<method name="setLanguage" initial="s" htmlFileName="com/matrixone/apps/plmprovider/PlmContextProperties" containerName="PlmContextProperties"  containerType="class" id="-740080262" argList="(java.lang.String)" abstract="Sets the language." />
<method name="setPassWord" initial="s" htmlFileName="com/matrixone/apps/plmprovider/PlmContextProperties" containerName="PlmContextProperties"  containerType="class" id="-733217763" argList="(java.lang.String)" abstract="Sets the passWord." />
<method name="setRole" initial="s" htmlFileName="com/matrixone/apps/plmprovider/PlmContextProperties" containerName="PlmContextProperties"  containerType="class" id="-1931295720" argList="(java.lang.String)" abstract="Sets the role." />
<method name="setSessionId" initial="s" htmlFileName="com/matrixone/apps/plmprovider/PlmContextProperties" containerName="PlmContextProperties"  containerType="class" id="-620715409" argList="(java.lang.String)" abstract="Sets the sessionId." />
<method name="setTimezoneId" initial="s" htmlFileName="com/matrixone/apps/plmprovider/PlmContextProperties" containerName="PlmContextProperties"  containerType="class" id="229317014" argList="(java.lang.String)" abstract="Sets the timezoneId." />
<method name="setUserName" initial="s" htmlFileName="com/matrixone/apps/plmprovider/PlmContextProperties" containerName="PlmContextProperties"  containerType="class" id="-279457896" argList="(java.lang.String)" abstract="Sets the userName." />
<constructor name="PlmContextProperties" initial="P" htmlFileName="com/matrixone/apps/plmprovider/PlmContextProperties" containerName="PlmContextProperties"  containerType="class" id="1281190440" argList="()" abstract="Construct a ContextProperties object." />
<constructor name="PlmContextProperties" initial="P" htmlFileName="com/matrixone/apps/plmprovider/PlmContextProperties" containerName="PlmContextProperties"  containerType="class" id="1281190440" argList="(java.lang.String, java.lang.String)" abstract="Construct a ContextProperties object." />
<constructor name="PlmContextProperties" initial="P" htmlFileName="com/matrixone/apps/plmprovider/PlmContextProperties" containerName="PlmContextProperties"  containerType="class" id="1281190440" argList="(java.lang.String, java.lang.String, java.lang.String)" abstract="Construct a ContextProperties object." />
<constructor name="PlmContextProperties" initial="P" htmlFileName="com/matrixone/apps/plmprovider/PlmContextProperties" containerName="PlmContextProperties"  containerType="class" id="1281190440" argList="(matrix.db.Context)" abstract="Construct a ContextProperties object." />
<class name="PlmProviderUtil" initial="P" htmlFileName="com/matrixone/apps/plmprovider/PlmProviderUtil"  fatherClass="Object" fatherId="-744902364" fatherType="class"  DSCharacteristic="class" id="-883560269" abstract="" packageName="com.matrixone.apps.plmprovider" packagePath="com/matrixone/apps/plmprovider/" packageAbstract="" />
<method name="checkForDECorVPMInstallation" initial="c" htmlFileName="com/matrixone/apps/plmprovider/PlmProviderUtil" containerName="PlmProviderUtil"  containerType="class" id="114822857" argList="(matrix.db.Context)" abstract="Method to check whether VPM or DEC are installed to show the image info." />
<method name="cleanCache" initial="c" htmlFileName="com/matrixone/apps/plmprovider/PlmProviderUtil" containerName="PlmProviderUtil"  containerType="class" id="99446425" argList="()" abstract="Cleans context cache map." />
<method name="cleanCache" initial="c" htmlFileName="com/matrixone/apps/plmprovider/PlmProviderUtil" containerName="PlmProviderUtil"  containerType="class" id="99446425" argList="(java.lang.String)" abstract="Cleans context cache map ." />
<method name="createContext" initial="c" htmlFileName="com/matrixone/apps/plmprovider/PlmProviderUtil" containerName="PlmProviderUtil"  containerType="class" id="1909144179" argList="(java.lang.String)" abstract="Create a context object." deprecated="" />
<method name="createContext" initial="c" htmlFileName="com/matrixone/apps/plmprovider/PlmProviderUtil" containerName="PlmProviderUtil"  containerType="class" id="1909144179" argList="(java.lang.String, java.lang.String, java.lang.String)" abstract="Creates a context object." />
<method name="generateCBPKey" initial="g" htmlFileName="com/matrixone/apps/plmprovider/PlmProviderUtil" containerName="PlmProviderUtil"  containerType="class" id="-1354533917" argList="(matrix.db.Context)" abstract="Generate a CBPKey object from the given Context." deprecated="" />
<method name="getApplication" initial="g" htmlFileName="com/matrixone/apps/plmprovider/PlmProviderUtil" containerName="PlmProviderUtil"  containerType="class" id="-1314336838" argList="(matrix.db.Context)" abstract="Returns given context application Name." />
<method name="getHashName" initial="g" htmlFileName="com/matrixone/apps/plmprovider/PlmProviderUtil" containerName="PlmProviderUtil"  containerType="class" id="-814227313" argList="(java.lang.String)" abstract="Returns a unique name used as the 3DLive ID." />
<method name="isKindof" initial="i" htmlFileName="com/matrixone/apps/plmprovider/PlmProviderUtil" containerName="PlmProviderUtil"  containerType="class" id="-237586667" argList="(matrix.db.Context, java.lang.String, java.lang.String)" abstract="Returns true if the child type inherits from the parent type." />
<method name="showCrossHighlight" initial="s" htmlFileName="com/matrixone/apps/plmprovider/PlmProviderUtil" containerName="PlmProviderUtil"  containerType="class" id="744883857" argList="(matrix.db.Context)" abstract="This method checks whether cross highlight should be enabled or not" />
<method name="substituteValues" initial="s" htmlFileName="com/matrixone/apps/plmprovider/PlmProviderUtil" containerName="PlmProviderUtil"  containerType="class" id="1294646652" argList="(matrix.db.Context, java.lang.String)" abstract="Replace symbolic names embedded in a string with their true names." />
<constructor name="PlmProviderUtil" initial="P" htmlFileName="com/matrixone/apps/plmprovider/PlmProviderUtil" containerName="PlmProviderUtil"  containerType="class" id="1846989621" argList="()" abstract="" />
<data name="APPLICATION_DEFAULT" initial="A" htmlFileName="com/matrixone/apps/plmprovider/PlmProviderUtil" containerName="PlmProviderUtil"  containerType="class" id="1792472955" abstract="" />
<data name="PROPERTY_3DLIVE_ENCRYPTED_KEY" initial="P" htmlFileName="com/matrixone/apps/plmprovider/PlmProviderUtil" containerName="PlmProviderUtil"  containerType="class" id="2058530005" abstract="" />
<class name="QueryMultiRootRequest" initial="Q" htmlFileName="com/matrixone/apps/plmprovider/QueryMultiRootRequest"  fatherClass="Object" fatherId="-744902364" fatherType="class"  DSCharacteristic="class" id="1664954523" abstract="" packageName="com.matrixone.apps.plmprovider" packagePath="com/matrixone/apps/plmprovider/" packageAbstract="" />
<method name="getRequestArray" initial="g" htmlFileName="com/matrixone/apps/plmprovider/QueryMultiRootRequest" containerName="QueryMultiRootRequest"  containerType="class" id="-40012384" argList="()" abstract="Gets QueryRequest Array." />
<method name="setRequestArray" initial="s" htmlFileName="com/matrixone/apps/plmprovider/QueryMultiRootRequest" containerName="QueryMultiRootRequest"  containerType="class" id="-2092073556" argList="(com.matrixone.apps.plmprovider.QueryRequest[])" abstract="sets QueryRequest Array." />
<constructor name="QueryMultiRootRequest" initial="Q" htmlFileName="com/matrixone/apps/plmprovider/QueryMultiRootRequest" containerName="QueryMultiRootRequest"  containerType="class" id="-705133283" argList="()" abstract="Default constructor." />
<class name="QueryMultiRootResponse" initial="Q" htmlFileName="com/matrixone/apps/plmprovider/QueryMultiRootResponse"  fatherClass="Object" fatherId="-744902364" fatherType="class"  DSCharacteristic="class" id="1179218275" abstract="" packageName="com.matrixone.apps.plmprovider" packagePath="com/matrixone/apps/plmprovider/" packageAbstract="" />
<method name="getResponseArray" initial="g" htmlFileName="com/matrixone/apps/plmprovider/QueryMultiRootResponse" containerName="QueryMultiRootResponse"  containerType="class" id="-844014462" argList="()" abstract="Gets QueryResponse Array." />
<method name="setResponseArray" initial="s" htmlFileName="com/matrixone/apps/plmprovider/QueryMultiRootResponse" containerName="QueryMultiRootResponse"  containerType="class" id="-33401354" argList="(com.matrixone.apps.plmprovider.QueryResponse[])" abstract="Sets QueryResponse Array." />
<constructor name="QueryMultiRootResponse" initial="Q" htmlFileName="com/matrixone/apps/plmprovider/QueryMultiRootResponse" containerName="QueryMultiRootResponse"  containerType="class" id="582160357" argList="()" abstract="Default constructor." />
<class name="QueryRequest" initial="Q" htmlFileName="com/matrixone/apps/plmprovider/QueryRequest"  fatherClass="Object" fatherId="-744902364" fatherType="class"  DSCharacteristic="class" id="308408912" abstract="" packageName="com.matrixone.apps.plmprovider" packagePath="com/matrixone/apps/plmprovider/" packageAbstract="" />
<method name="getAttributesTableName" initial="g" htmlFileName="com/matrixone/apps/plmprovider/QueryRequest" containerName="QueryRequest"  containerType="class" id="2012909516" argList="()" abstract="" />
<method name="getExpandLevel" initial="g" htmlFileName="com/matrixone/apps/plmprovider/QueryRequest" containerName="QueryRequest"  containerType="class" id="2111951092" argList="()" abstract="" />
<method name="getExpandRelationshipPattern" initial="g" htmlFileName="com/matrixone/apps/plmprovider/QueryRequest" containerName="QueryRequest"  containerType="class" id="1810303656" argList="()" abstract="" />
<method name="getExpandTypePattern" initial="g" htmlFileName="com/matrixone/apps/plmprovider/QueryRequest" containerName="QueryRequest"  containerType="class" id="-1084206106" argList="()" abstract="" />
<method name="getFilters" initial="g" htmlFileName="com/matrixone/apps/plmprovider/QueryRequest" containerName="QueryRequest"  containerType="class" id="1167674533" argList="()" abstract="" />
<method name="getFromType" initial="g" htmlFileName="com/matrixone/apps/plmprovider/QueryRequest" containerName="QueryRequest"  containerType="class" id="54632218" argList="()" abstract="" />
<method name="getLogicalOperator" initial="g" htmlFileName="com/matrixone/apps/plmprovider/QueryRequest" containerName="QueryRequest"  containerType="class" id="63476215" argList="()" abstract="" />
<method name="getObjectId" initial="g" htmlFileName="com/matrixone/apps/plmprovider/QueryRequest" containerName="QueryRequest"  containerType="class" id="-910967728" argList="()" abstract="" />
<method name="getPageNumber" initial="g" htmlFileName="com/matrixone/apps/plmprovider/QueryRequest" containerName="QueryRequest"  containerType="class" id="1967327566" argList="()" abstract="" />
<method name="getPageSize" initial="g" htmlFileName="com/matrixone/apps/plmprovider/QueryRequest" containerName="QueryRequest"  containerType="class" id="1988117830" argList="()" abstract="" />
<method name="getSortAttribute" initial="g" htmlFileName="com/matrixone/apps/plmprovider/QueryRequest" containerName="QueryRequest"  containerType="class" id="-965371128" argList="()" abstract="" />
<method name="getSortDirection" initial="g" htmlFileName="com/matrixone/apps/plmprovider/QueryRequest" containerName="QueryRequest"  containerType="class" id="458732331" argList="()" abstract="" />
<method name="giveCatiaLinkExpand" initial="g" htmlFileName="com/matrixone/apps/plmprovider/QueryRequest" containerName="QueryRequest"  containerType="class" id="1759824849" argList="()" abstract="Gets the CATIAExpand flag CATIAExpand flag" />
<method name="giveCatiaLinkExpandMode" initial="g" htmlFileName="com/matrixone/apps/plmprovider/QueryRequest" containerName="QueryRequest"  containerType="class" id="2083863636" argList="()" abstract="Gets the CATIAExpand flag CATIAExpand flag" />
<method name="putCatiaLinkExpand" initial="p" htmlFileName="com/matrixone/apps/plmprovider/QueryRequest" containerName="QueryRequest"  containerType="class" id="1974054803" argList="(java.lang.String)" abstract="Sets the CATIAExpand flag in the request" />
<method name="putCatiaLinkExpandMode" initial="p" htmlFileName="com/matrixone/apps/plmprovider/QueryRequest" containerName="QueryRequest"  containerType="class" id="276721430" argList="(java.lang.String)" abstract="Sets the CATIAExpand flag in the request" />
<method name="setAttributesTableName" initial="s" htmlFileName="com/matrixone/apps/plmprovider/QueryRequest" containerName="QueryRequest"  containerType="class" id="339714624" argList="(java.lang.String)" abstract="" />
<method name="setExpandLevel" initial="s" htmlFileName="com/matrixone/apps/plmprovider/QueryRequest" containerName="QueryRequest"  containerType="class" id="-448096408" argList="(int)" abstract="" />
<method name="setExpandRelationshipPattern" initial="s" htmlFileName="com/matrixone/apps/plmprovider/QueryRequest" containerName="QueryRequest"  containerType="class" id="686388764" argList="(java.lang.String)" abstract="" />
<method name="setExpandTypePattern" initial="s" htmlFileName="com/matrixone/apps/plmprovider/QueryRequest" containerName="QueryRequest"  containerType="class" id="49247066" argList="(java.lang.String)" abstract="" />
<method name="setFilters" initial="s" htmlFileName="com/matrixone/apps/plmprovider/QueryRequest" containerName="QueryRequest"  containerType="class" id="1588555033" argList="(com.matrixone.apps.plmprovider.FilterClause[])" abstract="" />
<method name="setFromType" initial="s" htmlFileName="com/matrixone/apps/plmprovider/QueryRequest" containerName="QueryRequest"  containerType="class" id="217025830" argList="(java.lang.String)" abstract="" />
<method name="setLogicalOperator" initial="s" htmlFileName="com/matrixone/apps/plmprovider/QueryRequest" containerName="QueryRequest"  containerType="class" id="1673592427" argList="(java.lang.String)" abstract="" />
<method name="setObjectId" initial="s" htmlFileName="com/matrixone/apps/plmprovider/QueryRequest" containerName="QueryRequest"  containerType="class" id="-748574116" argList="(java.lang.String)" abstract="" />
<method name="setPageNumber" initial="s" htmlFileName="com/matrixone/apps/plmprovider/QueryRequest" containerName="QueryRequest"  containerType="class" id="-886201254" argList="(int)" abstract="" />
<method name="setPageSize" initial="s" htmlFileName="com/matrixone/apps/plmprovider/QueryRequest" containerName="QueryRequest"  containerType="class" id="-2144455854" argList="(int)" abstract="" />
<method name="setSortAttribute" initial="s" htmlFileName="com/matrixone/apps/plmprovider/QueryRequest" containerName="QueryRequest"  containerType="class" id="-154758020" argList="(java.lang.String)" abstract="" />
<method name="setSortDirection" initial="s" htmlFileName="com/matrixone/apps/plmprovider/QueryRequest" containerName="QueryRequest"  containerType="class" id="1269345439" argList="(java.lang.String)" abstract="" />
<constructor name="QueryRequest" initial="Q" htmlFileName="com/matrixone/apps/plmprovider/QueryRequest" containerName="QueryRequest"  containerType="class" id="-1819251950" argList="()" abstract="Default constructor." />
<class name="QueryResponse" initial="Q" htmlFileName="com/matrixone/apps/plmprovider/QueryResponse"  fatherClass="Object" fatherId="-744902364" fatherType="class"  DSCharacteristic="class" id="2075977294" abstract="" packageName="com.matrixone.apps.plmprovider" packagePath="com/matrixone/apps/plmprovider/" packageAbstract="" />
<method name="getResults" initial="g" htmlFileName="com/matrixone/apps/plmprovider/QueryResponse" containerName="QueryResponse"  containerType="class" id="-769230368" argList="()" abstract="" />
<method name="setResults" initial="s" htmlFileName="com/matrixone/apps/plmprovider/QueryResponse" containerName="QueryResponse"  containerType="class" id="-348349868" argList="(com.matrixone.apps.plmprovider.QueryResult[])" abstract="" />
<constructor name="QueryResponse" initial="Q" htmlFileName="com/matrixone/apps/plmprovider/QueryResponse" containerName="QueryResponse"  containerType="class" id="404220048" argList="()" abstract="" />
<class name="QueryResult" initial="Q" htmlFileName="com/matrixone/apps/plmprovider/QueryResult"  fatherClass="Object" fatherId="-744902364" fatherType="class"  DSCharacteristic="class" id="741161970" abstract="" packageName="com.matrixone.apps.plmprovider" packagePath="com/matrixone/apps/plmprovider/" packageAbstract="" />
<method name="getLevel" initial="g" htmlFileName="com/matrixone/apps/plmprovider/QueryResult" containerName="QueryResult"  containerType="class" id="-26769298" argList="()" abstract="" />
<method name="getObjectId" initial="g" htmlFileName="com/matrixone/apps/plmprovider/QueryResult" containerName="QueryResult"  containerType="class" id="-910967728" argList="()" abstract="" />
<method name="getObjectTypeHashName" initial="g" htmlFileName="com/matrixone/apps/plmprovider/QueryResult" containerName="QueryResult"  containerType="class" id="2021793032" argList="()" abstract="" />
<method name="getParentId" initial="g" htmlFileName="com/matrixone/apps/plmprovider/QueryResult" containerName="QueryResult"  containerType="class" id="-1592615877" argList="()" abstract="" />
<method name="getPositionMatrix" initial="g" htmlFileName="com/matrixone/apps/plmprovider/QueryResult" containerName="QueryResult"  containerType="class" id="-1693857440" argList="()" abstract="" />
<method name="getQuantity" initial="g" htmlFileName="com/matrixone/apps/plmprovider/QueryResult" containerName="QueryResult"  containerType="class" id="-501313567" argList="()" abstract="" />
<method name="getRelationshipType" initial="g" htmlFileName="com/matrixone/apps/plmprovider/QueryResult" containerName="QueryResult"  containerType="class" id="1565562152" argList="()" abstract="" />
<method name="getValues" initial="g" htmlFileName="com/matrixone/apps/plmprovider/QueryResult" containerName="QueryResult"  containerType="class" id="993741880" argList="()" abstract="" />
<method name="setLevel" initial="s" htmlFileName="com/matrixone/apps/plmprovider/QueryResult" containerName="QueryResult"  containerType="class" id="1001600482" argList="(int)" abstract="" />
<method name="setObjectId" initial="s" htmlFileName="com/matrixone/apps/plmprovider/QueryResult" containerName="QueryResult"  containerType="class" id="-748574116" argList="(java.lang.String)" abstract="" />
<method name="setObjectTypeHashName" initial="s" htmlFileName="com/matrixone/apps/plmprovider/QueryResult" containerName="QueryResult"  containerType="class" id="-1495864300" argList="(java.lang.String)" abstract="" />
<method name="setParentId" initial="s" htmlFileName="com/matrixone/apps/plmprovider/QueryResult" containerName="QueryResult"  containerType="class" id="-1430222265" argList="(java.lang.String)" abstract="" />
<method name="setPositionMatrix" initial="s" htmlFileName="com/matrixone/apps/plmprovider/QueryResult" containerName="QueryResult"  containerType="class" id="1960312428" argList="(java.lang.String)" abstract="" />
<method name="setQuantity" initial="s" htmlFileName="com/matrixone/apps/plmprovider/QueryResult" containerName="QueryResult"  containerType="class" id="-338919955" argList="(java.lang.String)" abstract="" />
<method name="setRelationshipType" initial="s" htmlFileName="com/matrixone/apps/plmprovider/QueryResult" containerName="QueryResult"  containerType="class" id="-60442828" argList="(java.lang.String)" abstract="" />
<method name="setValues" initial="s" htmlFileName="com/matrixone/apps/plmprovider/QueryResult" containerName="QueryResult"  containerType="class" id="-1486533308" argList="(com.matrixone.apps.plmprovider.NameValue[])" abstract="" />
<constructor name="QueryResult" initial="Q" htmlFileName="com/matrixone/apps/plmprovider/QueryResult" containerName="QueryResult"  containerType="class" id="162689844" argList="()" abstract="" />
<class name="RawFileResponse" initial="R" htmlFileName="com/matrixone/apps/plmprovider/RawFileResponse"  fatherClass="Object" fatherId="-744902364" fatherType="class"  DSCharacteristic="class" id="-1678875438" abstract="" packageName="com.matrixone.apps.plmprovider" packagePath="com/matrixone/apps/plmprovider/" packageAbstract="" />
<method name="getResults" initial="g" htmlFileName="com/matrixone/apps/plmprovider/RawFileResponse" containerName="RawFileResponse"  containerType="class" id="-769230368" argList="()" abstract="" />
<method name="setResults" initial="s" htmlFileName="com/matrixone/apps/plmprovider/RawFileResponse" containerName="RawFileResponse"  containerType="class" id="-348349868" argList="(com.matrixone.apps.plmprovider.RawFileResult[])" abstract="" />
<constructor name="RawFileResponse" initial="R" htmlFileName="com/matrixone/apps/plmprovider/RawFileResponse" containerName="RawFileResponse"  containerType="class" id="661222420" argList="()" abstract="Default constructor." />
<class name="RawFileResult" initial="R" htmlFileName="com/matrixone/apps/plmprovider/RawFileResult"  fatherClass="Object" fatherId="-744902364" fatherType="class"  DSCharacteristic="class" id="1626639222" abstract="" packageName="com.matrixone.apps.plmprovider" packagePath="com/matrixone/apps/plmprovider/" packageAbstract="" />
<method name="getFileData" initial="g" htmlFileName="com/matrixone/apps/plmprovider/RawFileResult" containerName="RawFileResult"  containerType="class" id="949963740" argList="()" abstract="" />
<method name="getFileFormat" initial="g" htmlFileName="com/matrixone/apps/plmprovider/RawFileResult" containerName="RawFileResult"  containerType="class" id="1565765737" argList="()" abstract="" />
<method name="getFileName" initial="g" htmlFileName="com/matrixone/apps/plmprovider/RawFileResult" containerName="RawFileResult"  containerType="class" id="-1721296259" argList="()" abstract="" />
<method name="getFileSize" initial="g" htmlFileName="com/matrixone/apps/plmprovider/RawFileResult" containerName="RawFileResult"  containerType="class" id="837503603" argList="()" abstract="" />
<method name="getObjectId" initial="g" htmlFileName="com/matrixone/apps/plmprovider/RawFileResult" containerName="RawFileResult"  containerType="class" id="-910967728" argList="()" abstract="" />
<method name="getTimestamp" initial="g" htmlFileName="com/matrixone/apps/plmprovider/RawFileResult" containerName="RawFileResult"  containerType="class" id="-1988004736" argList="()" abstract="" />
<method name="getUrl" initial="g" htmlFileName="com/matrixone/apps/plmprovider/RawFileResult" containerName="RawFileResult"  containerType="class" id="-1879935463" argList="()" abstract="" />
<method name="setFileData" initial="s" htmlFileName="com/matrixone/apps/plmprovider/RawFileResult" containerName="RawFileResult"  containerType="class" id="1112357352" argList="(byte[])" abstract="" />
<method name="setFileFormat" initial="s" htmlFileName="com/matrixone/apps/plmprovider/RawFileResult" containerName="RawFileResult"  containerType="class" id="-1287763083" argList="(java.lang.String)" abstract="" />
<method name="setFileName" initial="s" htmlFileName="com/matrixone/apps/plmprovider/RawFileResult" containerName="RawFileResult"  containerType="class" id="-1558902647" argList="(java.lang.String)" abstract="" />
<method name="setFileSize" initial="s" htmlFileName="com/matrixone/apps/plmprovider/RawFileResult" containerName="RawFileResult"  containerType="class" id="999897215" argList="(java.lang.String)" abstract="" />
<method name="setObjectId" initial="s" htmlFileName="com/matrixone/apps/plmprovider/RawFileResult" containerName="RawFileResult"  containerType="class" id="-748574116" argList="(java.lang.String)" abstract="" />
<method name="setTimestamp" initial="s" htmlFileName="com/matrixone/apps/plmprovider/RawFileResult" containerName="RawFileResult"  containerType="class" id="-1248770060" argList="(int)" abstract="" />
<method name="setUrl" initial="s" htmlFileName="com/matrixone/apps/plmprovider/RawFileResult" containerName="RawFileResult"  containerType="class" id="-1418530675" argList="(java.lang.String)" abstract="" />
<constructor name="RawFileResult" initial="R" htmlFileName="com/matrixone/apps/plmprovider/RawFileResult" containerName="RawFileResult"  containerType="class" id="-1606873160" argList="()" abstract="Default constructor." />
<class name="RelationType" initial="R" htmlFileName="com/matrixone/apps/plmprovider/RelationType"  fatherClass="Object" fatherId="-744902364" fatherType="class"  DSCharacteristic="class" id="-241852031" abstract="" packageName="com.matrixone.apps.plmprovider" packagePath="com/matrixone/apps/plmprovider/" packageAbstract="" />
<method name="getAttributeDefinitions" initial="g" htmlFileName="com/matrixone/apps/plmprovider/RelationType" containerName="RelationType"  containerType="class" id="1188778330" argList="()" abstract="Gets the attributeDefinitions value for this NodeType." />
<method name="getName" initial="g" htmlFileName="com/matrixone/apps/plmprovider/RelationType" containerName="RelationType"  containerType="class" id="-1094020895" argList="()" abstract="Gets the name value for this NodeType." />
<method name="getType" initial="g" htmlFileName="com/matrixone/apps/plmprovider/RelationType" containerName="RelationType"  containerType="class" id="-1996735024" argList="()" abstract="Gets the type value for this NodeType." />
<method name="setAttributeDefinitions" initial="s" htmlFileName="com/matrixone/apps/plmprovider/RelationType" containerName="RelationType"  containerType="class" id="859344230" argList="(com.matrixone.apps.plmprovider.AttributeDefinition[])" abstract="Sets the attributeDefinitions value for this NodeType." />
<method name="setName" initial="s" htmlFileName="com/matrixone/apps/plmprovider/RelationType" containerName="RelationType"  containerType="class" id="324625645" argList="(java.lang.String)" abstract="Sets the name value for this NodeType." />
<method name="setType" initial="s" htmlFileName="com/matrixone/apps/plmprovider/RelationType" containerName="RelationType"  containerType="class" id="-578088484" argList="(int)" abstract="Sets the type value for this NodeType." />
<constructor name="RelationType" initial="R" htmlFileName="com/matrixone/apps/plmprovider/RelationType" containerName="RelationType"  containerType="class" id="-2095697533" argList="()" abstract="" />
<class name="Ticket" initial="T" htmlFileName="com/matrixone/apps/plmprovider/Ticket"  fatherClass="Object" fatherId="-744902364" fatherType="class"  DSCharacteristic="class" id="1933141131" abstract="" packageName="com.matrixone.apps.plmprovider" packagePath="com/matrixone/apps/plmprovider/" packageAbstract="" />
<method name="getActionURL" initial="g" htmlFileName="com/matrixone/apps/plmprovider/Ticket" containerName="Ticket"  containerType="class" id="-153500157" argList="()" abstract="" />
<method name="getExportString" initial="g" htmlFileName="com/matrixone/apps/plmprovider/Ticket" containerName="Ticket"  containerType="class" id="-424899909" argList="()" abstract="" />
<method name="setActionURL" initial="s" htmlFileName="com/matrixone/apps/plmprovider/Ticket" containerName="Ticket"  containerType="class" id="585734519" argList="(java.lang.String)" abstract="" />
<method name="setExportString" initial="s" htmlFileName="com/matrixone/apps/plmprovider/Ticket" containerName="Ticket"  containerType="class" id="1818006215" argList="(java.lang.String)" abstract="" />
<constructor name="Ticket" initial="T" htmlFileName="com/matrixone/apps/plmprovider/Ticket" containerName="Ticket"  containerType="class" id="1855587597" argList="()" abstract="Default constructor." />
<class name="TypeSettings" initial="T" htmlFileName="com/matrixone/apps/plmprovider/TypeSettings"  fatherClass="Object" fatherId="-744902364" fatherType="class"  DSCharacteristic="class" id="-1867847622" abstract="" packageName="com.matrixone.apps.plmprovider" packagePath="com/matrixone/apps/plmprovider/" packageAbstract="" />
<method name="getAttributeDefinitions" initial="g" htmlFileName="com/matrixone/apps/plmprovider/TypeSettings" containerName="TypeSettings"  containerType="class" id="1188778330" argList="()" abstract="Gets the attributeDefinitions value for this NodeType." />
<method name="getAttributesTableName" initial="g" htmlFileName="com/matrixone/apps/plmprovider/TypeSettings" containerName="TypeSettings"  containerType="class" id="2012909516" argList="()" abstract="" />
<method name="getDisplayName" initial="g" htmlFileName="com/matrixone/apps/plmprovider/TypeSettings" containerName="TypeSettings"  containerType="class" id="-1738316393" argList="()" abstract="Gets the displayName value for this NodeType." />
<method name="getDocumentRelationshipPattern" initial="g" htmlFileName="com/matrixone/apps/plmprovider/TypeSettings" containerName="TypeSettings"  containerType="class" id="1397973063" argList="()" abstract="Gets the relationship pattern to consider for getting the documents associated to this NodeType." />
<method name="getExpandRelationshipPattern" initial="g" htmlFileName="com/matrixone/apps/plmprovider/TypeSettings" containerName="TypeSettings"  containerType="class" id="1810303656" argList="()" abstract="" />
<method name="getExpandTypePattern" initial="g" htmlFileName="com/matrixone/apps/plmprovider/TypeSettings" containerName="TypeSettings"  containerType="class" id="-1084206106" argList="()" abstract="" />
<method name="getGetParentsRelationshipPattern" initial="g" htmlFileName="com/matrixone/apps/plmprovider/TypeSettings" containerName="TypeSettings"  containerType="class" id="1099448591" argList="()" abstract="" />
<method name="getGetParentsTypePattern" initial="g" htmlFileName="com/matrixone/apps/plmprovider/TypeSettings" containerName="TypeSettings"  containerType="class" id="22405453" argList="()" abstract="" />
<method name="getImageFormat" initial="g" htmlFileName="com/matrixone/apps/plmprovider/TypeSettings" containerName="TypeSettings"  containerType="class" id="-533321956" argList="()" abstract="Gets the cgr format for this NodeType." />
<method name="getImagePath" initial="g" htmlFileName="com/matrixone/apps/plmprovider/TypeSettings" containerName="TypeSettings"  containerType="class" id="1741995274" argList="()" abstract="Gets the image path for this NodeType." />
<method name="getName" initial="g" htmlFileName="com/matrixone/apps/plmprovider/TypeSettings" containerName="TypeSettings"  containerType="class" id="-1094020895" argList="()" abstract="Gets the name value for this NodeType." />
<method name="getParentName" initial="g" htmlFileName="com/matrixone/apps/plmprovider/TypeSettings" containerName="TypeSettings"  containerType="class" id="-462946901" argList="()" abstract="Gets the parentName value for this NodeType." />
<method name="getSkipIntermediateNodeDuringExpand" initial="g" htmlFileName="com/matrixone/apps/plmprovider/TypeSettings" containerName="TypeSettings"  containerType="class" id="-132631957" argList="()" abstract="" />
<method name="getThumbnailFormat" initial="g" htmlFileName="com/matrixone/apps/plmprovider/TypeSettings" containerName="TypeSettings"  containerType="class" id="1509257389" argList="()" abstract="Gets the jpeg format for this NodeType." />
<method name="getThumbnailPath" initial="g" htmlFileName="com/matrixone/apps/plmprovider/TypeSettings" containerName="TypeSettings"  containerType="class" id="1699428059" argList="()" abstract="Gets the thumbnail path for this NodeType." />
<method name="setAttributeDefinitions" initial="s" htmlFileName="com/matrixone/apps/plmprovider/TypeSettings" containerName="TypeSettings"  containerType="class" id="859344230" argList="(com.matrixone.apps.plmprovider.AttributeDefinition[])" abstract="Sets the attributeDefinitions value for this NodeType." />
<method name="setAttributesTableName" initial="s" htmlFileName="com/matrixone/apps/plmprovider/TypeSettings" containerName="TypeSettings"  containerType="class" id="339714624" argList="(java.lang.String)" abstract="" />
<method name="setDisplayName" initial="s" htmlFileName="com/matrixone/apps/plmprovider/TypeSettings" containerName="TypeSettings"  containerType="class" id="-3396597" argList="(java.lang.String)" abstract="Sets the displayName value for this NodeType." />
<method name="setDocumentRelationshipPattern" initial="s" htmlFileName="com/matrixone/apps/plmprovider/TypeSettings" containerName="TypeSettings"  containerType="class" id="-647446853" argList="(java.lang.String)" abstract="" />
<method name="setExpandRelationshipPattern" initial="s" htmlFileName="com/matrixone/apps/plmprovider/TypeSettings" containerName="TypeSettings"  containerType="class" id="686388764" argList="(java.lang.String)" abstract="" />
<method name="setExpandTypePattern" initial="s" htmlFileName="com/matrixone/apps/plmprovider/TypeSettings" containerName="TypeSettings"  containerType="class" id="49247066" argList="(java.lang.String)" abstract="" />
<method name="setGetParentsRelationshipPattern" initial="s" htmlFileName="com/matrixone/apps/plmprovider/TypeSettings" containerName="TypeSettings"  containerType="class" id="-1749036413" argList="(java.lang.String)" abstract="" />
<method name="setGetParentsTypePattern" initial="s" htmlFileName="com/matrixone/apps/plmprovider/TypeSettings" containerName="TypeSettings"  containerType="class" id="-1600117055" argList="(java.lang.String)" abstract="" />
<method name="setImageFormat" initial="s" htmlFileName="com/matrixone/apps/plmprovider/TypeSettings" containerName="TypeSettings"  containerType="class" id="1201597840" argList="(java.lang.String)" abstract="Sets the cgr format for this NodeType." />
<method name="setImagePath" initial="s" htmlFileName="com/matrixone/apps/plmprovider/TypeSettings" containerName="TypeSettings"  containerType="class" id="-1813737346" argList="(java.lang.String)" abstract="Sets the image path for this NodeType." />
<method name="setName" initial="s" htmlFileName="com/matrixone/apps/plmprovider/TypeSettings" containerName="TypeSettings"  containerType="class" id="324625645" argList="(java.lang.String)" abstract="Sets the name value for this NodeType." />
<method name="setParentName" initial="s" htmlFileName="com/matrixone/apps/plmprovider/TypeSettings" containerName="TypeSettings"  containerType="class" id="978491575" argList="(java.lang.String)" abstract="Sets the parentName value for this NodeType." />
<method name="setSkipIntermediateNodeDuringExpand" initial="s" htmlFileName="com/matrixone/apps/plmprovider/TypeSettings" containerName="TypeSettings"  containerType="class" id="614448247" argList="(java.lang.String)" abstract="Sets the SkipIntermediateNodeDuringExpand property for this NodeType." />
<method name="setThumbnailFormat" initial="s" htmlFileName="com/matrixone/apps/plmprovider/TypeSettings" containerName="TypeSettings"  containerType="class" id="-1175593695" argList="(java.lang.String)" abstract="Sets the jpeg format for this NodeType." />
<method name="setThumbnailPath" initial="s" htmlFileName="com/matrixone/apps/plmprovider/TypeSettings" containerName="TypeSettings"  containerType="class" id="-1784926129" argList="(java.lang.String)" abstract="Sets the thumbnail path for this NodeType." />
<constructor name="TypeSettings" initial="T" htmlFileName="com/matrixone/apps/plmprovider/TypeSettings" containerName="TypeSettings"  containerType="class" id="-318781060" argList="()" abstract="Default constructor." />
<class name="GZIP2WayFilter" initial="G" htmlFileName="com/matrixone/apps/plmprovider/gzipFilter/GZIP2WayFilter"  fatherClass="Object" fatherId="-744902364" fatherType="class"  DSCharacteristic="class" id="1860094718" abstract="" packageName="com.matrixone.apps.plmprovider.gzipFilter" packagePath="com/matrixone/apps/plmprovider/gzipFilter/" packageAbstract="" />
<method name="destroy" initial="d" htmlFileName="com/matrixone/apps/plmprovider/gzipFilter/GZIP2WayFilter" containerName="GZIP2WayFilter"  containerType="class" id="103234604" argList="()" abstract="Clean up method." />
<method name="doFilter" initial="d" htmlFileName="com/matrixone/apps/plmprovider/gzipFilter/GZIP2WayFilter" containerName="GZIP2WayFilter"  containerType="class" id="-1660447005" argList="(javax.servlet.ServletRequest, javax.servlet.ServletResponse, javax.servlet.FilterChain)" abstract="" />
<method name="init" initial="i" htmlFileName="com/matrixone/apps/plmprovider/gzipFilter/GZIP2WayFilter" containerName="GZIP2WayFilter"  containerType="class" id="332831446" argList="(javax.servlet.FilterConfig)" abstract="Initialization method." />
<constructor name="GZIP2WayFilter" initial="G" htmlFileName="com/matrixone/apps/plmprovider/gzipFilter/GZIP2WayFilter" containerName="GZIP2WayFilter"  containerType="class" id="-1534652676" argList="()" abstract="Default constructor." />
<class name="GZIP2WayRequestStream" initial="G" htmlFileName="com/matrixone/apps/plmprovider/gzipFilter/GZIP2WayRequestStream"  fatherClass="ServletInputStream" fatherId="-391131075" fatherType="class"  DSCharacteristic="class" id="-982896665" abstract="" packageName="com.matrixone.apps.plmprovider.gzipFilter" packagePath="com/matrixone/apps/plmprovider/gzipFilter/" packageAbstract="" />
<method name="close" initial="c" htmlFileName="com/matrixone/apps/plmprovider/gzipFilter/GZIP2WayRequestStream" containerName="GZIP2WayRequestStream"  containerType="class" id="1918311150" argList="()" abstract="" />
<method name="read" initial="r" htmlFileName="com/matrixone/apps/plmprovider/gzipFilter/GZIP2WayRequestStream" containerName="GZIP2WayRequestStream"  containerType="class" id="1630527504" argList="()" abstract="" />
<method name="read" initial="r" htmlFileName="com/matrixone/apps/plmprovider/gzipFilter/GZIP2WayRequestStream" containerName="GZIP2WayRequestStream"  containerType="class" id="1630527504" argList="(byte[])" abstract="" />
<method name="read" initial="r" htmlFileName="com/matrixone/apps/plmprovider/gzipFilter/GZIP2WayRequestStream" containerName="GZIP2WayRequestStream"  containerType="class" id="1630527504" argList="(byte[], int, int)" abstract="" />
<constructor name="GZIP2WayRequestStream" initial="G" htmlFileName="com/matrixone/apps/plmprovider/gzipFilter/GZIP2WayRequestStream" containerName="GZIP2WayRequestStream"  containerType="class" id="-1149017819" argList="(javax.servlet.http.HttpServletRequest)" abstract="" />
<class name="GZIP2WayRequestWrapper" initial="G" htmlFileName="com/matrixone/apps/plmprovider/gzipFilter/GZIP2WayRequestWrapper"  fatherClass="HttpServletRequestWrapper" fatherId="753382499" fatherType="class"  DSCharacteristic="class" id="1034133898" abstract="" packageName="com.matrixone.apps.plmprovider.gzipFilter" packagePath="com/matrixone/apps/plmprovider/gzipFilter/" packageAbstract="" />
<method name="getInputStream" initial="g" htmlFileName="com/matrixone/apps/plmprovider/gzipFilter/GZIP2WayRequestWrapper" containerName="GZIP2WayRequestWrapper"  containerType="class" id="-876277838" argList="()" abstract="" />
<method name="getReader" initial="g" htmlFileName="com/matrixone/apps/plmprovider/gzipFilter/GZIP2WayRequestWrapper" containerName="GZIP2WayRequestWrapper"  containerType="class" id="1533945549" argList="()" abstract="" />
<constructor name="GZIP2WayRequestWrapper" initial="G" htmlFileName="com/matrixone/apps/plmprovider/gzipFilter/GZIP2WayRequestWrapper" containerName="GZIP2WayRequestWrapper"  containerType="class" id="-1279538040" argList="(javax.servlet.http.HttpServletRequest)" abstract="" />
<class name="GZIP2WayResponseStream" initial="G" htmlFileName="com/matrixone/apps/plmprovider/gzipFilter/GZIP2WayResponseStream"  fatherClass="ServletOutputStream" fatherId="903163998" fatherType="class"  DSCharacteristic="class" id="-506964441" abstract="" packageName="com.matrixone.apps.plmprovider.gzipFilter" packagePath="com/matrixone/apps/plmprovider/gzipFilter/" packageAbstract="" />
<method name="close" initial="c" htmlFileName="com/matrixone/apps/plmprovider/gzipFilter/GZIP2WayResponseStream" containerName="GZIP2WayResponseStream"  containerType="class" id="1918311150" argList="()" abstract="" />
<method name="finish" initial="f" htmlFileName="com/matrixone/apps/plmprovider/gzipFilter/GZIP2WayResponseStream" containerName="GZIP2WayResponseStream"  containerType="class" id="505059379" argList="()" abstract="" />
<method name="flush" initial="f" htmlFileName="com/matrixone/apps/plmprovider/gzipFilter/GZIP2WayResponseStream" containerName="GZIP2WayResponseStream"  containerType="class" id="2099491170" argList="()" abstract="" />
<method name="write" initial="w" htmlFileName="com/matrixone/apps/plmprovider/gzipFilter/GZIP2WayResponseStream" containerName="GZIP2WayResponseStream"  containerType="class" id="780134503" argList="(byte[])" abstract="" />
<method name="write" initial="w" htmlFileName="com/matrixone/apps/plmprovider/gzipFilter/GZIP2WayResponseStream" containerName="GZIP2WayResponseStream"  containerType="class" id="780134503" argList="(byte[], int, int)" abstract="" />
<method name="write" initial="w" htmlFileName="com/matrixone/apps/plmprovider/gzipFilter/GZIP2WayResponseStream" containerName="GZIP2WayResponseStream"  containerType="class" id="780134503" argList="(int)" abstract="" />
<constructor name="GZIP2WayResponseStream" initial="G" htmlFileName="com/matrixone/apps/plmprovider/gzipFilter/GZIP2WayResponseStream" containerName="GZIP2WayResponseStream"  containerType="class" id="-4466843" argList="(javax.servlet.http.HttpServletResponse)" abstract="" />
<class name="GZIP2WayResponseWrapper" initial="G" htmlFileName="com/matrixone/apps/plmprovider/gzipFilter/GZIP2WayResponseWrapper"  fatherClass="HttpServletResponseWrapper" fatherId="111964911" fatherType="class"  DSCharacteristic="class" id="-1391836342" abstract="" packageName="com.matrixone.apps.plmprovider.gzipFilter" packagePath="com/matrixone/apps/plmprovider/gzipFilter/" packageAbstract="" />
<method name="getOutputStream" initial="g" htmlFileName="com/matrixone/apps/plmprovider/gzipFilter/GZIP2WayResponseWrapper" containerName="GZIP2WayResponseWrapper"  containerType="class" id="-3972881" argList="()" abstract="" />
<constructor name="GZIP2WayResponseWrapper" initial="G" htmlFileName="com/matrixone/apps/plmprovider/gzipFilter/GZIP2WayResponseWrapper" containerName="GZIP2WayResponseWrapper"  containerType="class" id="-158196152" argList="(javax.servlet.http.HttpServletResponse)" abstract="" />
</fw>

