<?xml version="1.0" encoding="utf-8"?>
<fw name="ENOBusinessMetrics" footer="Copyright &#169; 1999-2016, Dassault Syst&#232;mes. All rights reserved. ">
<class name="MetricsDashboard" initial="M" htmlFileName="com/matrixone/apps/metrics/MetricsDashboard"  fatherClass="Object" fatherId="1682710857" fatherType="class"  DSCharacteristic="class" id="-264197882" abstract="The MetricsDashboard class represents the Dashboard Framework for the" packageName="com.matrixone.apps.metrics" packagePath="com/matrixone/apps/metrics/" packageAbstract="Provides classes and interfaces for the Business Metrics VCP application." />
<method name="createChannels" initial="c" htmlFileName="com/matrixone/apps/metrics/MetricsDashboard" containerName="MetricsDashboard"  containerType="class" id="362363360" argList="(matrix.db.Context, java.util.Map, java.lang.String, java.lang.String, java.lang.String, matrix.util.StringList)" abstract="This method separates the channels and webreport names for creating the channel" />
<method name="createChannelsChannels" initial="c" htmlFileName="com/matrixone/apps/metrics/MetricsDashboard" containerName="MetricsDashboard"  containerType="class" id="1941217264" argList="(matrix.db.Context, java.lang.String, java.lang.String, java.lang.String)" abstract="This method creates the channels" />
<method name="createPortals" initial="c" htmlFileName="com/matrixone/apps/metrics/MetricsDashboard" containerName="MetricsDashboard"  containerType="class" id="-986023423" argList="(matrix.db.Context, matrix.util.StringList, java.lang.String, matrix.util.StringList)" abstract="This method creates portal based on the selected layout" />
<method name="deleteChannelsBeforeUpdate" initial="d" htmlFileName="com/matrixone/apps/metrics/MetricsDashboard" containerName="MetricsDashboard"  containerType="class" id="-23972727" argList="(matrix.db.Context, java.lang.String)" abstract="This method deletes the channels" />
<method name="deletePortalBeforeUpdate" initial="d" htmlFileName="com/matrixone/apps/metrics/MetricsDashboard" containerName="MetricsDashboard"  containerType="class" id="716703661" argList="(matrix.db.Context)" abstract="This method deletes the portal" />
<method name="getAllwebreports" initial="g" htmlFileName="com/matrixone/apps/metrics/MetricsDashboard" containerName="MetricsDashboard"  containerType="class" id="-2064541450" argList="(matrix.db.Context)" abstract="This method returns all the WebReport for a user" />
<method name="getChannelWebReports" initial="g" htmlFileName="com/matrixone/apps/metrics/MetricsDashboard" containerName="MetricsDashboard"  containerType="class" id="-158911276" argList="(matrix.db.Context, java.lang.String)" abstract="This method retrieves the webreports and their owners information from the system" />
<method name="getConsolidatedChannelReports" initial="g" htmlFileName="com/matrixone/apps/metrics/MetricsDashboard" containerName="MetricsDashboard"  containerType="class" id="1330752671" argList="(matrix.db.Context, matrix.util.StringList)" abstract="This method forms the channel-webreport combination from the database" />
<method name="portalForLayout1" initial="p" htmlFileName="com/matrixone/apps/metrics/MetricsDashboard" containerName="MetricsDashboard"  containerType="class" id="-752360382" argList="(matrix.db.Context, matrix.util.StringList)" abstract="This method creates portal for the selected layout1" />
<method name="portalForLayout2" initial="p" htmlFileName="com/matrixone/apps/metrics/MetricsDashboard" containerName="MetricsDashboard"  containerType="class" id="1367926817" argList="(matrix.db.Context, matrix.util.StringList)" abstract="This method creates portal for the selected layout2" />
<method name="portalForLayout3" initial="p" htmlFileName="com/matrixone/apps/metrics/MetricsDashboard" containerName="MetricsDashboard"  containerType="class" id="-806753280" argList="(matrix.db.Context, matrix.util.StringList)" abstract="This method creates portal for the selected layout3" />
<method name="portalForLayout4" initial="p" htmlFileName="com/matrixone/apps/metrics/MetricsDashboard" containerName="MetricsDashboard"  containerType="class" id="1313533919" argList="(matrix.db.Context, matrix.util.StringList)" abstract="This method creates portal for the selected layout4" />
<method name="portalForLayout5" initial="p" htmlFileName="com/matrixone/apps/metrics/MetricsDashboard" containerName="MetricsDashboard"  containerType="class" id="-861146178" argList="(matrix.db.Context, matrix.util.StringList)" abstract="This method creates portal for the selected layout5" />
<method name="removeChannelNamefromReports" initial="r" htmlFileName="com/matrixone/apps/metrics/MetricsDashboard" containerName="MetricsDashboard"  containerType="class" id="268166529" argList="(java.lang.String)" abstract="This method removes the channel name from the Assigned reports name" />
<constructor name="MetricsDashboard" initial="M" htmlFileName="com/matrixone/apps/metrics/MetricsDashboard" containerName="MetricsDashboard"  containerType="class" id="-347709436" argList="()" abstract="Create a MetricsDashboard object." />
<class name="MetricsReports" initial="M" htmlFileName="com/matrixone/apps/metrics/MetricsReports"  fatherClass="Object" fatherId="1682710857" fatherType="class"  DSCharacteristic="class" id="526375473" abstract="The MetricsReports class represents the Reports Framework for the" packageName="com.matrixone.apps.metrics" packagePath="com/matrixone/apps/metrics/" packageAbstract="Provides classes and interfaces for the Business Metrics VCP application." />
<method name="buildDynamicResultsTitle" initial="b" htmlFileName="com/matrixone/apps/metrics/MetricsReports" containerName="MetricsReports"  containerType="class" id="-336748199" argList="(matrix.db.Context, java.util.HashMap)" abstract="This method builds the dynamic title if the webreport doesn&apos;t have title" />
<method name="checkAttributeTypeTimeStamp" initial="c" htmlFileName="com/matrixone/apps/metrics/MetricsReports" containerName="MetricsReports"  containerType="class" id="-1577446780" argList="(matrix.db.Context, java.lang.String, java.lang.String)" abstract="This method checks whether the attribute type is of timestamp." />
<method name="checkForArchiveCreation" initial="c" htmlFileName="com/matrixone/apps/metrics/MetricsReports" containerName="MetricsReports"  containerType="class" id="160225132" argList="(matrix.db.Context, matrix.db.WebReport, java.lang.String)" abstract="This method will check whether the specified archive is created for a given webreport" />
<method name="checkReportTimeStampValidity" initial="c" htmlFileName="com/matrixone/apps/metrics/MetricsReports" containerName="MetricsReports"  containerType="class" id="-889529984" argList="(matrix.db.Context, java.lang.String, java.lang.String)" abstract="This method checks whether difference between the current timestamp" />
<method name="checkReportTimeStampValidity" initial="c" htmlFileName="com/matrixone/apps/metrics/MetricsReports" containerName="MetricsReports"  containerType="class" id="-889529984" argList="(java.lang.String, java.lang.String)" abstract="This method checks whether difference between the current timestamp" deprecated="since  since V6R2014 for Function_026045. Use checkReportTimeStampValidity(Context context, String currentTimeStamp, String tempTimeStamp)" />
<method name="checkWorkSpaceObject" initial="c" htmlFileName="com/matrixone/apps/metrics/MetricsReports" containerName="MetricsReports"  containerType="class" id="518407392" argList="(matrix.db.Context, java.lang.String, java.lang.String)" abstract="This method checks whether a webreport exists / visibility exists for the" />
<method name="computeFromDate" initial="c" htmlFileName="com/matrixone/apps/metrics/MetricsReports" containerName="MetricsReports"  containerType="class" id="270858909" argList="(java.lang.String, int)" abstract="This method retrives the date based on the selected date period." />
<method name="convertExprListToString" initial="c" htmlFileName="com/matrixone/apps/metrics/MetricsReports" containerName="MetricsReports"  containerType="class" id="276045434" argList="(matrix.db.ExpressionList)" abstract="This method converts the expression list to string for the WebReport." />
<method name="deleteReport" initial="d" htmlFileName="com/matrixone/apps/metrics/MetricsReports" containerName="MetricsReports"  containerType="class" id="-1334469203" argList="(matrix.db.Context, java.lang.String, java.lang.String)" abstract="This method deletes selected the WebReport" />
<method name="escapeSlashes" initial="e" htmlFileName="com/matrixone/apps/metrics/MetricsReports" containerName="MetricsReports"  containerType="class" id="-1648893982" argList="(java.lang.String)" abstract="This method escapes the slashes around single quotes" />
<method name="getAdvanceSearchWhereExpression" initial="g" htmlFileName="com/matrixone/apps/metrics/MetricsReports" containerName="MetricsReports"  containerType="class" id="1028932545" argList="(matrix.db.Context, java.util.HashMap)" abstract="This method is used to build the Advance Search Where Expression" />
<method name="getAttributeDetails" initial="g" htmlFileName="com/matrixone/apps/metrics/MetricsReports" containerName="MetricsReports"  containerType="class" id="-1552927408" argList="(matrix.db.Context, java.lang.String)" abstract="This method is to get the all the type specific attributes for a given type." />
<method name="getAttributeType" initial="g" htmlFileName="com/matrixone/apps/metrics/MetricsReports" containerName="MetricsReports"  containerType="class" id="-887009268" argList="(matrix.db.Context, java.lang.String)" abstract="This method returns the attribute type" />
<method name="getCommandName" initial="g" htmlFileName="com/matrixone/apps/metrics/MetricsReports" containerName="MetricsReports"  containerType="class" id="-98814708" argList="(matrix.db.Context, java.lang.String)" abstract="This method retrives the commandName stored in the &quot;notes&quot; field of the WebReport" />
<method name="getCommandName" initial="g" htmlFileName="com/matrixone/apps/metrics/MetricsReports" containerName="MetricsReports"  containerType="class" id="-98814708" argList="(matrix.db.Context, java.lang.String, java.lang.String)" abstract="This method retrives the command name stored in the &quot;notes&quot; field of the WebReport" />
<method name="getCommandName" initial="g" htmlFileName="com/matrixone/apps/metrics/MetricsReports" containerName="MetricsReports"  containerType="class" id="-98814708" argList="(matrix.db.Context, java.lang.String, java.lang.String, java.lang.String)" abstract="This method retrives the command name stored in the &quot;notes&quot; field of the WebReport" />
<method name="getCompletedInDuration" initial="g" htmlFileName="com/matrixone/apps/metrics/MetricsReports" containerName="MetricsReports"  containerType="class" id="880511806" argList="(matrix.db.Context, java.lang.String, int)" abstract="This method gives the time taken to run a webreport" />
<method name="getCompletedInDuration" initial="g" htmlFileName="com/matrixone/apps/metrics/MetricsReports" containerName="MetricsReports"  containerType="class" id="880511806" argList="(matrix.db.Context, java.lang.String, java.lang.String, java.lang.String, java.lang.String)" abstract="This method gives the time taken to run a webreport" />
<method name="getCorrectedFormat" initial="g" htmlFileName="com/matrixone/apps/metrics/MetricsReports" containerName="MetricsReports"  containerType="class" id="-1745200798" argList="(java.lang.String)" abstract="This method gets the WebReport object&apos;s Execution Time to populate" />
<method name="getDisplayFormat" initial="g" htmlFileName="com/matrixone/apps/metrics/MetricsReports" containerName="MetricsReports"  containerType="class" id="-1759146935" argList="(matrix.db.Context, java.lang.String, java.lang.String, java.lang.String, java.lang.String)" abstract="This method returns the chart type stored in the &quot;notes&quot; field of the passed in webreport." />
<method name="getFormatedQWMString" initial="g" htmlFileName="com/matrixone/apps/metrics/MetricsReports" containerName="MetricsReports"  containerType="class" id="-20615232" argList="(int)" abstract="" />
<method name="getFormFieldValue" initial="g" htmlFileName="com/matrixone/apps/metrics/MetricsReports" containerName="MetricsReports"  containerType="class" id="-1734505285" argList="(matrix.db.Context, java.lang.String, java.lang.String, java.lang.String, java.lang.String, java.lang.String)" abstract="This method is used to get the specific value from the notes xml" />
<method name="getFromAndToDates" initial="g" htmlFileName="com/matrixone/apps/metrics/MetricsReports" containerName="MetricsReports"  containerType="class" id="-243909959" argList="(matrix.db.Context, java.lang.String, java.lang.String)" abstract="This method will get the From and To Dates from the search criteria of the webreport." />
<method name="getInternationalizedMacroValues" initial="g" htmlFileName="com/matrixone/apps/metrics/MetricsReports" containerName="MetricsReports"  containerType="class" id="1986328838" argList="(matrix.db.Context, java.util.HashMap, matrix.util.StringList)" abstract="This method will return the internationalized values for all the macros." />
<method name="getLabelDirection" initial="g" htmlFileName="com/matrixone/apps/metrics/MetricsReports" containerName="MetricsReports"  containerType="class" id="491787339" argList="(java.lang.String)" abstract="This method gets the stored LabelDirection." />
<method name="getLastRunDetails" initial="g" htmlFileName="com/matrixone/apps/metrics/MetricsReports" containerName="MetricsReports"  containerType="class" id="-1414001015" argList="(matrix.db.Context, java.lang.String)" abstract="This method gives the last run date of the webreport" />
<method name="getLastRunDetails" initial="g" htmlFileName="com/matrixone/apps/metrics/MetricsReports" containerName="MetricsReports"  containerType="class" id="-1414001015" argList="(matrix.db.Context, java.lang.String, java.lang.String, java.lang.String, java.lang.String, java.lang.String)" abstract="This method gives the last run date of the webreport" />
<method name="getLifeCycleValuesMap" initial="g" htmlFileName="com/matrixone/apps/metrics/MetricsReports" containerName="MetricsReports"  containerType="class" id="865588454" argList="(matrix.db.Context, java.util.Map, java.lang.String, java.util.Date, java.util.Date, int)" abstract="This method is used to obtain the details required for chart display for" />
<method name="getMonthsPerPeriod" initial="g" htmlFileName="com/matrixone/apps/metrics/MetricsReports" containerName="MetricsReports"  containerType="class" id="2104119127" argList="(matrix.db.Context, java.util.Date, java.util.Date)" abstract="" />
<method name="getObjectCountInStateValuesMap" initial="g" htmlFileName="com/matrixone/apps/metrics/MetricsReports" containerName="MetricsReports"  containerType="class" id="1443786628" argList="(matrix.db.Context, java.util.Map, java.lang.String, java.util.Date, java.util.Date)" abstract="This method is used to obtain the details required for chart display for" />
<method name="getObjectCountInStateValuesMapForTabularFormat" initial="g" htmlFileName="com/matrixone/apps/metrics/MetricsReports" containerName="MetricsReports"  containerType="class" id="570610649" argList="(matrix.db.Context, java.util.Map, java.lang.String)" abstract="This method is used to obtain the details required for chart display for" />
<method name="getObjectCountValuesMap" initial="g" htmlFileName="com/matrixone/apps/metrics/MetricsReports" containerName="MetricsReports"  containerType="class" id="-427177428" argList="(matrix.db.Context, java.lang.String, java.lang.String, java.lang.String, java.util.Map, java.lang.String)" abstract="This method is used to get the results value in tha chart expected format" />
<method name="getOptionSelectedFormNotexXML" initial="g" htmlFileName="com/matrixone/apps/metrics/MetricsReports" containerName="MetricsReports"  containerType="class" id="-88979887" argList="(java.lang.String, java.lang.String)" abstract="This method gets the form field value" />
<method name="getOwner" initial="g" htmlFileName="com/matrixone/apps/metrics/MetricsReports" containerName="MetricsReports"  containerType="class" id="1814351791" argList="(matrix.db.Context, java.lang.String)" abstract="This method gives the owner of the webreport" />
<method name="getParamDataFromNotesXML" initial="g" htmlFileName="com/matrixone/apps/metrics/MetricsReports" containerName="MetricsReports"  containerType="class" id="1538242315" argList="(java.lang.String, java.lang.String)" abstract="This method retrieves the parameter&apos;s data from the notes field" />
<method name="getParsedNotes" initial="g" htmlFileName="com/matrixone/apps/metrics/MetricsReports" containerName="MetricsReports"  containerType="class" id="56013074" argList="(matrix.db.Context, java.lang.String, java.lang.String, java.lang.String)" abstract="This method retrives the data stored in the &quot;notes&quot; field of the WebReport" />
<method name="getParsedNotes" initial="g" htmlFileName="com/matrixone/apps/metrics/MetricsReports" containerName="MetricsReports"  containerType="class" id="56013074" argList="(matrix.db.Context, java.lang.String, java.lang.String, java.lang.String, java.lang.String)" abstract="This method retrives the data stored in the &quot;notes&quot; field of the WebReport" />
<method name="getParsedNotes" initial="g" htmlFileName="com/matrixone/apps/metrics/MetricsReports" containerName="MetricsReports"  containerType="class" id="56013074" argList="(matrix.db.Context, java.lang.String, java.lang.String, java.lang.String, java.lang.String, java.lang.String)" abstract="This method retrives the data stored in the &quot;notes&quot; field of the WebReport" />
<method name="getPolicyAndStateNames" initial="g" htmlFileName="com/matrixone/apps/metrics/MetricsReports" containerName="MetricsReports"  containerType="class" id="-1697885082" argList="(matrix.db.Context, java.lang.String, java.lang.String)" abstract="This method is to get the details of policies, its associated states and the internationalized values of policies of the given type." />
<method name="getPolicyNames" initial="g" htmlFileName="com/matrixone/apps/metrics/MetricsReports" containerName="MetricsReports"  containerType="class" id="1721146444" argList="(matrix.db.Context, java.lang.String)" abstract="This method retrives the Policy names for the passed in Type" />
<method name="getQuarterFromMonth" initial="g" htmlFileName="com/matrixone/apps/metrics/MetricsReports" containerName="MetricsReports"  containerType="class" id="-856607444" argList="(int)" abstract="" />
<method name="getQuartersPerPeriod" initial="g" htmlFileName="com/matrixone/apps/metrics/MetricsReports" containerName="MetricsReports"  containerType="class" id="-422429909" argList="(matrix.db.Context, java.util.Date, java.util.Date)" abstract="" />
<method name="getRangeSize" initial="g" htmlFileName="com/matrixone/apps/metrics/MetricsReports" containerName="MetricsReports"  containerType="class" id="1810765604" argList="(matrix.db.Context, java.lang.String)" abstract="This method is to get the possible ranges for a given attribute." />
<method name="getRenderOption" initial="g" htmlFileName="com/matrixone/apps/metrics/MetricsReports" containerName="MetricsReports"  containerType="class" id="-125643765" argList="(java.lang.String)" abstract="This method gets the stored RenderOption." />
<method name="getReportDialogData" initial="g" htmlFileName="com/matrixone/apps/metrics/MetricsReports" containerName="MetricsReports"  containerType="class" id="-35372048" argList="(java.lang.String)" abstract="This method gets the stores Report dialog page&apos;s data in the Results page." />
<method name="getReportName" initial="g" htmlFileName="com/matrixone/apps/metrics/MetricsReports" containerName="MetricsReports"  containerType="class" id="-421499945" argList="(java.lang.String)" abstract="This method retrives the report name stored in the &quot;notes&quot; field of the WebReport" />
<method name="getReportTitle" initial="g" htmlFileName="com/matrixone/apps/metrics/MetricsReports" containerName="MetricsReports"  containerType="class" id="1989869118" argList="(matrix.db.Context, java.lang.String)" abstract="This method retrives the report title of the webreport" />
<method name="getRequiredVal" initial="g" htmlFileName="com/matrixone/apps/metrics/MetricsReports" containerName="MetricsReports"  containerType="class" id="767998208" argList="(java.lang.String)" abstract="This method is used for tokenizing the Mapvalues from the notes xml to get the specific values" />
<method name="getResultsData" initial="g" htmlFileName="com/matrixone/apps/metrics/MetricsReports" containerName="MetricsReports"  containerType="class" id="-1131786366" argList="(java.lang.String)" abstract="This method gets the Report Results Data associated with timestamp." />
<method name="getResultsTitle" initial="g" htmlFileName="com/matrixone/apps/metrics/MetricsReports" containerName="MetricsReports"  containerType="class" id="-1037397292" argList="(matrix.db.Context, java.lang.String)" abstract="This method retrives the results page title stored in the &quot;notes&quot; field of the WebReport" />
<method name="getResultsTitle" initial="g" htmlFileName="com/matrixone/apps/metrics/MetricsReports" containerName="MetricsReports"  containerType="class" id="-1037397292" argList="(matrix.db.Context, java.lang.String, java.lang.String)" abstract="This method retrives the results page title stored in the &quot;notes&quot; field of the WebReport" />
<method name="getResultsTitle" initial="g" htmlFileName="com/matrixone/apps/metrics/MetricsReports" containerName="MetricsReports"  containerType="class" id="-1037397292" argList="(java.lang.String)" abstract="This method retrives the results page title stored in the &quot;notes&quot; field of the WebReport" />
<method name="getResultString" initial="g" htmlFileName="com/matrixone/apps/metrics/MetricsReports" containerName="MetricsReports"  containerType="class" id="-407132472" argList="(java.lang.String)" abstract="This method gets the stored error message." />
<method name="getStateNames" initial="g" htmlFileName="com/matrixone/apps/metrics/MetricsReports" containerName="MetricsReports"  containerType="class" id="1754305919" argList="(matrix.db.Context, java.lang.String)" abstract="This method retrives the State names for the passed in policy" />
<method name="getStringResourcePropertyKey" initial="g" htmlFileName="com/matrixone/apps/metrics/MetricsReports" containerName="MetricsReports"  containerType="class" id="1616290007" argList="(matrix.db.Context, java.util.HashMap)" abstract="This method will return the property value for each report" />
<method name="getSubHeader" initial="g" htmlFileName="com/matrixone/apps/metrics/MetricsReports" containerName="MetricsReports"  containerType="class" id="-971154635" argList="(java.lang.String)" abstract="This method gets the stored SubHeader." />
<method name="getTitle" initial="g" htmlFileName="com/matrixone/apps/metrics/MetricsReports" containerName="MetricsReports"  containerType="class" id="-1474150550" argList="(java.lang.String)" abstract="This method gets the stored Title." />
<method name="getVisibleDetails" initial="g" htmlFileName="com/matrixone/apps/metrics/MetricsReports" containerName="MetricsReports"  containerType="class" id="-2126742234" argList="(matrix.db.Context, java.lang.String)" abstract="This method gets the visible details of the webreport based on the report name" />
<method name="getWebReportObjects" initial="g" htmlFileName="com/matrixone/apps/metrics/MetricsReports" containerName="MetricsReports"  containerType="class" id="-1645934006" argList="(matrix.db.Context)" abstract="This method retrives all the webreport objects in the system" />
<method name="getWebReportObjects" initial="g" htmlFileName="com/matrixone/apps/metrics/MetricsReports" containerName="MetricsReports"  containerType="class" id="-1645934006" argList="(matrix.db.Context, java.lang.String)" abstract="This method retrives all the webreport objects in the system" />
<method name="getWebReportObjects" initial="g" htmlFileName="com/matrixone/apps/metrics/MetricsReports" containerName="MetricsReports"  containerType="class" id="-1645934006" argList="(matrix.db.Context, java.lang.String, matrix.util.StringList, java.lang.String)" abstract="This method retrives all the webreport objects in the system based on the inputs given" />
<method name="getWebReportProperty" initial="g" htmlFileName="com/matrixone/apps/metrics/MetricsReports" containerName="MetricsReports"  containerType="class" id="16544901" argList="(matrix.db.Context, java.lang.String, java.lang.String, java.lang.String)" abstract="This method will get a property named Grabbed for the Webreport archive" />
<method name="getWeeksPerPeriod" initial="g" htmlFileName="com/matrixone/apps/metrics/MetricsReports" containerName="MetricsReports"  containerType="class" id="775922615" argList="(matrix.db.Context, java.util.Date, java.util.Date)" abstract="" />
<method name="getXAxis" initial="g" htmlFileName="com/matrixone/apps/metrics/MetricsReports" containerName="MetricsReports"  containerType="class" id="1819068777" argList="(java.lang.String)" abstract="This method gets the stored X Axis values for the Chart bean." />
<method name="getYAxis" initial="g" htmlFileName="com/matrixone/apps/metrics/MetricsReports" containerName="MetricsReports"  containerType="class" id="148555208" argList="(java.lang.String)" abstract="This method gets the stored Y Axis values for the Chart bean." />
<method name="getYearsPerPeriod" initial="g" htmlFileName="com/matrixone/apps/metrics/MetricsReports" containerName="MetricsReports"  containerType="class" id="440059278" argList="(matrix.db.Context, java.util.Date, java.util.Date)" abstract="" />
<method name="hasResult" initial="h" htmlFileName="com/matrixone/apps/metrics/MetricsReports" containerName="MetricsReports"  containerType="class" id="497097237" argList="(matrix.db.Context, java.lang.String, java.lang.String)" abstract="This method checks whether the webreport has results or not." />
<method name="isShared" initial="i" htmlFileName="com/matrixone/apps/metrics/MetricsReports" containerName="MetricsReports"  containerType="class" id="1456139325" argList="(matrix.db.Context, java.lang.String, java.lang.String)" abstract="This method is used to Check whether the given webreport is shared or not" />
<method name="lastExists" initial="l" htmlFileName="com/matrixone/apps/metrics/MetricsReports" containerName="MetricsReports"  containerType="class" id="-1723801734" argList="(matrix.db.Context, java.lang.String)" abstract="This method return boolean whether the .last&lt;reporttype&gt; exists or not." />
<method name="loopParent" initial="l" htmlFileName="com/matrixone/apps/metrics/MetricsReports" containerName="MetricsReports"  containerType="class" id="819858974" argList="(matrix.db.Context, java.lang.String)" abstract="This method is to get the details of the type associated with single policy with multiple states" />
<method name="makeWebReportHidden" initial="m" htmlFileName="com/matrixone/apps/metrics/MetricsReports" containerName="MetricsReports"  containerType="class" id="-1279873496" argList="(matrix.db.Context, java.lang.String)" abstract="This method is used to make the WebReports hidden" />
<method name="makeWebReportNotHidden" initial="m" htmlFileName="com/matrixone/apps/metrics/MetricsReports" containerName="MetricsReports"  containerType="class" id="-1036980279" argList="(matrix.db.Context, java.lang.String)" abstract="This method is used to make the WebReports not hidden" />
<method name="modifyReportNameAndGetNotes" initial="m" htmlFileName="com/matrixone/apps/metrics/MetricsReports" containerName="MetricsReports"  containerType="class" id="1671212835" argList="(java.lang.String, java.lang.String)" abstract="This method sets the report name to the XML stored in the &quot;notes&quot; field of the WebReport" />
<method name="modifyResultsTitleAndGetNotes" initial="m" htmlFileName="com/matrixone/apps/metrics/MetricsReports" containerName="MetricsReports"  containerType="class" id="878767878" argList="(java.lang.String, java.lang.String)" abstract="This method retrives the results page title stored in the &quot;notes&quot; field of the WebReport" />
<method name="notifyReportStatus" initial="n" htmlFileName="com/matrixone/apps/metrics/MetricsReports" containerName="MetricsReports"  containerType="class" id="1229957693" argList="(matrix.db.Context, java.lang.String, java.lang.String, matrix.util.StringList, java.util.Map)" abstract="This method will send icon mail about the report generation status." />
<method name="prepareCriteriaString" initial="p" htmlFileName="com/matrixone/apps/metrics/MetricsReports" containerName="MetricsReports"  containerType="class" id="-82550731" argList="(java.lang.String, matrix.db.ExpressionList, matrix.db.ExpressionList)" abstract="This method prepares the Search Criteria,Group by and Data Expression values for the WebReport." />
<method name="processWebReport" initial="p" htmlFileName="com/matrixone/apps/metrics/MetricsReports" containerName="MetricsReports"  containerType="class" id="-631837389" argList="(matrix.db.Context, java.util.HashMap, java.lang.String)" abstract="This method called from individual JSPs for XML results processing" />
<method name="processWebReportInBackGround" initial="p" htmlFileName="com/matrixone/apps/metrics/MetricsReports" containerName="MetricsReports"  containerType="class" id="762573792" argList="(matrix.db.Context, java.util.HashMap, java.lang.String)" abstract="This method is called from the background process for evaluating the webreport" />
<method name="readGroupList" initial="r" htmlFileName="com/matrixone/apps/metrics/MetricsReports" containerName="MetricsReports"  containerType="class" id="2118870181" argList="(com.matrixone.jdom.Element)" abstract="This method is used to read the values by traversing throught the &quot;groupinglist&quot; field" />
<method name="readNotesXML" initial="r" htmlFileName="com/matrixone/apps/metrics/MetricsReports" containerName="MetricsReports"  containerType="class" id="242536832" argList="(matrix.db.Context, java.lang.String, java.lang.String, java.lang.String, java.lang.String, matrix.util.StringList)" abstract="This method is used to get the specific values from the notes xml" />
<method name="readResultXML" initial="r" htmlFileName="com/matrixone/apps/metrics/MetricsReports" containerName="MetricsReports"  containerType="class" id="-7241208" argList="(java.lang.String, java.lang.String)" abstract="This method is used to read the complete results XML file" />
<method name="readSummaryXML" initial="r" htmlFileName="com/matrixone/apps/metrics/MetricsReports" containerName="MetricsReports"  containerType="class" id="-126442843" argList="(java.lang.String)" abstract="This method is used to read the complete results XML file" />
<method name="readValueList" initial="r" htmlFileName="com/matrixone/apps/metrics/MetricsReports" containerName="MetricsReports"  containerType="class" id="-1486218125" argList="(com.matrixone.jdom.Element)" abstract="This method is used to read the values of the &quot;data&quot; field" />
<method name="removeOutDatedReportArchives" initial="r" htmlFileName="com/matrixone/apps/metrics/MetricsReports" containerName="MetricsReports"  containerType="class" id="2126627163" argList="(matrix.db.Context, matrix.db.WebReport, java.lang.String)" abstract="This method removes the archives on the webreport based on the timestamp validity" />
<method name="removeReportData" initial="r" htmlFileName="com/matrixone/apps/metrics/MetricsReports" containerName="MetricsReports"  containerType="class" id="-799323798" argList="(java.lang.String)" abstract="Remove the Report Results Data associated with timestamp." />
<method name="removeReportDialogData" initial="r" htmlFileName="com/matrixone/apps/metrics/MetricsReports" containerName="MetricsReports"  containerType="class" id="-117438206" argList="(java.lang.String)" abstract="This method removes the data of the dialog page" />
<method name="removeSharingAfterCloning" initial="r" htmlFileName="com/matrixone/apps/metrics/MetricsReports" containerName="MetricsReports"  containerType="class" id="1187706966" argList="(matrix.db.Context, java.lang.String)" abstract="This method removes the visibility after cloning a webreport based on the report name" />
<method name="removeWebReportProperty" initial="r" htmlFileName="com/matrixone/apps/metrics/MetricsReports" containerName="MetricsReports"  containerType="class" id="1767461299" argList="(matrix.db.Context, java.lang.String, java.lang.String, java.lang.String)" abstract="This method will remove the property named Grabbed for the Webreport archive" />
<method name="replaceSpecCharsInResultsTitle" initial="r" htmlFileName="com/matrixone/apps/metrics/MetricsReports" containerName="MetricsReports"  containerType="class" id="1657984951" argList="(java.lang.String)" abstract="This method saves the WebReport with a user entered name" />
<method name="saveAsReportResults" initial="s" htmlFileName="com/matrixone/apps/metrics/MetricsReports" containerName="MetricsReports"  containerType="class" id="1815214105" argList="(matrix.db.Context, java.lang.String, java.lang.String, java.lang.String, java.lang.String, java.lang.String, java.lang.String, java.lang.String, java.lang.String, java.lang.String)" abstract="This method saves the WebReport with a user entered name or overrides the existing webreport" />
<method name="saveReport" initial="s" htmlFileName="com/matrixone/apps/metrics/MetricsReports" containerName="MetricsReports"  containerType="class" id="1079674139" argList="(matrix.db.Context, java.lang.String, java.lang.String, java.lang.String, java.lang.String, java.lang.String, java.lang.String, java.lang.String)" abstract="This method saves the WebReport with a user entered name" />
<method name="saveReportResults" initial="s" htmlFileName="com/matrixone/apps/metrics/MetricsReports" containerName="MetricsReports"  containerType="class" id="-805112313" argList="(matrix.db.Context, java.lang.String, java.lang.String, java.lang.String, java.lang.String)" abstract="This method saves the WebReport with a user entered name" />
<method name="saveReportResults" initial="s" htmlFileName="com/matrixone/apps/metrics/MetricsReports" containerName="MetricsReports"  containerType="class" id="-805112313" argList="(matrix.db.Context, java.lang.String, java.lang.String, java.lang.String, java.lang.String, java.lang.String, java.lang.String, java.lang.String, java.lang.String)" abstract="This method saves the WebReport with a user entered name" />
<method name="saveResults" initial="s" htmlFileName="com/matrixone/apps/metrics/MetricsReports" containerName="MetricsReports"  containerType="class" id="608118131" argList="(matrix.db.Context, matrix.db.WebReport, java.lang.String)" abstract="This method saves the WebReport with a user entered name" />
<method name="separateXMLFromNotes" initial="s" htmlFileName="com/matrixone/apps/metrics/MetricsReports" containerName="MetricsReports"  containerType="class" id="-792841655" argList="(java.lang.String)" abstract="This method separates the contents of &quot;notes&quot; field from XML" />
<method name="setFormFieldValue" initial="s" htmlFileName="com/matrixone/apps/metrics/MetricsReports" containerName="MetricsReports"  containerType="class" id="414511" argList="(java.lang.String, java.lang.String)" abstract="This method sets the form field value" />
<method name="setLabelDirection" initial="s" htmlFileName="com/matrixone/apps/metrics/MetricsReports" containerName="MetricsReports"  containerType="class" id="-2068260161" argList="(java.lang.String, java.lang.String)" abstract="This method sets the LabelDirection with the timestamp." />
<method name="setParamDataToNotesXML" initial="s" htmlFileName="com/matrixone/apps/metrics/MetricsReports" containerName="MetricsReports"  containerType="class" id="-1908815642" argList="(java.lang.String, java.lang.String, java.lang.String)" abstract="This method separates the contents of &quot;notes&quot; field from XML" />
<method name="setRenderOption" initial="s" htmlFileName="com/matrixone/apps/metrics/MetricsReports" containerName="MetricsReports"  containerType="class" id="613590911" argList="(java.lang.String, java.lang.String)" abstract="This method sets the RenderOption with the timestamp." />
<method name="setReportDialogData" initial="s" htmlFileName="com/matrixone/apps/metrics/MetricsReports" containerName="MetricsReports"  containerType="class" id="775241060" argList="(matrix.db.Context, java.util.HashMap, java.lang.String)" abstract="This method sets the Report dialog page&apos;s data with the timestamp." />
<method name="setReportName" initial="s" htmlFileName="com/matrixone/apps/metrics/MetricsReports" containerName="MetricsReports"  containerType="class" id="-619445" argList="(matrix.db.Context, java.lang.String, java.lang.String)" abstract="This method sets the report name to the XML stored in the &quot;notes&quot; field of the WebReport" />
<method name="setReportName" initial="s" htmlFileName="com/matrixone/apps/metrics/MetricsReports" containerName="MetricsReports"  containerType="class" id="-619445" argList="(matrix.db.Context, java.lang.String, java.lang.String, java.lang.String)" abstract="This method sets the report name to the XML stored in the &quot;notes&quot; field of the WebReport" />
<method name="setResultsData" initial="s" htmlFileName="com/matrixone/apps/metrics/MetricsReports" containerName="MetricsReports"  containerType="class" id="-969392754" argList="(java.lang.String, java.util.Map)" abstract="This method sets the Report Results Data associated with timestamp." />
<method name="setResultsTitle" initial="s" htmlFileName="com/matrixone/apps/metrics/MetricsReports" containerName="MetricsReports"  containerType="class" id="-298162616" argList="(matrix.db.Context, java.lang.String, java.lang.String, java.lang.String)" abstract="This method sets the results page title to the XML stored in the &quot;notes&quot; field of the WebReport" />
<method name="setResultsTitle" initial="s" htmlFileName="com/matrixone/apps/metrics/MetricsReports" containerName="MetricsReports"  containerType="class" id="-298162616" argList="(matrix.db.Context, java.lang.String, java.lang.String, java.lang.String, java.lang.String)" abstract="This method sets the results page title to the XML stored in the &quot;notes&quot; field of the WebReport" />
<method name="setResultString" initial="s" htmlFileName="com/matrixone/apps/metrics/MetricsReports" containerName="MetricsReports"  containerType="class" id="332102204" argList="(java.lang.String, java.lang.String)" abstract="This method sets the error message with the timestamp." />
<method name="setSubHeader" initial="s" htmlFileName="com/matrixone/apps/metrics/MetricsReports" containerName="MetricsReports"  containerType="class" id="843537473" argList="(java.lang.String, java.lang.String)" abstract="This method sets the SubHeader with the timestamp." />
<method name="setTitle" initial="s" htmlFileName="com/matrixone/apps/metrics/MetricsReports" containerName="MetricsReports"  containerType="class" id="1311680118" argList="(java.lang.String, java.lang.String)" abstract="This method sets the Title with the timestamp." />
<method name="setWebReportProperty" initial="s" htmlFileName="com/matrixone/apps/metrics/MetricsReports" containerName="MetricsReports"  containerType="class" id="-624252527" argList="(matrix.db.Context, java.lang.String, java.lang.String, java.lang.String, java.lang.String)" abstract="This method will set a property named Grabbed for the Webreport archive" />
<method name="setXAxis" initial="s" htmlFileName="com/matrixone/apps/metrics/MetricsReports" containerName="MetricsReports"  containerType="class" id="309932149" argList="(java.lang.String, java.util.HashMap)" abstract="This method sets the X Axis values for the Chart bean with the timestamp." />
<method name="setYAxis" initial="s" htmlFileName="com/matrixone/apps/metrics/MetricsReports" containerName="MetricsReports"  containerType="class" id="-1360581420" argList="(java.lang.String, java.util.HashMap)" abstract="This method sets the Y Axis values for the Chart bean with the timestamp." />
<method name="singlePolicyWithMultipleStates" initial="s" htmlFileName="com/matrixone/apps/metrics/MetricsReports" containerName="MetricsReports"  containerType="class" id="1474173498" argList="(matrix.db.Context, java.lang.String, java.lang.String)" abstract="This method is to get the details of the type associated with single policy with multiple states" />
<method name="substituteMacroValue" initial="s" htmlFileName="com/matrixone/apps/metrics/MetricsReports" containerName="MetricsReports"  containerType="class" id="1819040557" argList="(matrix.db.Context, java.lang.String, java.util.HashMap)" abstract="This method will return the title for the webreport in the results page." />
<method name="updateReport" initial="u" htmlFileName="com/matrixone/apps/metrics/MetricsReports" containerName="MetricsReports"  containerType="class" id="5709135" argList="(matrix.db.Context, java.lang.String, java.lang.String, java.lang.String, java.lang.String, java.lang.String, java.lang.String, java.lang.String, java.lang.String, java.lang.String)" abstract="This method updates an already existing WebReport" />
<constructor name="MetricsReports" initial="M" htmlFileName="com/matrixone/apps/metrics/MetricsReports" containerName="MetricsReports"  containerType="class" id="-81214225" argList="()" abstract="Create a MetricsReports object." />
<data name="AVG_DURATION_DAYS" initial="A" htmlFileName="com/matrixone/apps/metrics/MetricsReports" containerName="MetricsReports"  containerType="class" id="610737262" abstract="A String constant to indicate the Average Duration Days" />
<data name="COLUMN_SUMMARY" initial="C" htmlFileName="com/matrixone/apps/metrics/MetricsReports" containerName="MetricsReports"  containerType="class" id="-884685018" abstract="A String constant to indicate the column summary name of a webreport" />
<data name="CRITERIA_UPDATE" initial="C" htmlFileName="com/matrixone/apps/metrics/MetricsReports" containerName="MetricsReports"  containerType="class" id="-910455654" abstract="A String constant to indicate the &quot;criteriaUpdate&quot; mode" />
<data name="DATA_EXPRRESSION_LIST" initial="D" htmlFileName="com/matrixone/apps/metrics/MetricsReports" containerName="MetricsReports"  containerType="class" id="-340666095" abstract="A String constant to indicate the &quot;data&quot; expression" />
<data name="DATA_REQUEST_MAP" initial="D" htmlFileName="com/matrixone/apps/metrics/MetricsReports" containerName="MetricsReports"  containerType="class" id="-863441236" abstract="A String constant for the Request Map." />
<data name="DETAILS_POLICY_KEY" initial="D" htmlFileName="com/matrixone/apps/metrics/MetricsReports" containerName="MetricsReports"  containerType="class" id="1455481876" abstract="A String constant to indicate the policy key stored in the HashMap" />
<data name="DISPLAY_FORMAT" initial="D" htmlFileName="com/matrixone/apps/metrics/MetricsReports" containerName="MetricsReports"  containerType="class" id="-2140463121" abstract="A String constant to indicate the display format" />
<data name="DOT_EMX_PREFIX" initial="D" htmlFileName="com/matrixone/apps/metrics/MetricsReports" containerName="MetricsReports"  containerType="class" id="1706140460" abstract="A String constant to indicate the .emx prefix" />
<data name="GROUPBY_EXPRRESSION_LIST" initial="G" htmlFileName="com/matrixone/apps/metrics/MetricsReports" containerName="MetricsReports"  containerType="class" id="-18561187" abstract="A String constant to indicate the &quot;groupby&quot; attribute of the webreport" />
<data name="I18N_POLICY_NAME_KEY" initial="I" htmlFileName="com/matrixone/apps/metrics/MetricsReports" containerName="MetricsReports"  containerType="class" id="1264205356" abstract="A String constant to indicate internationalised string key" />
<data name="KEY_CELL_NUMBER" initial="K" htmlFileName="com/matrixone/apps/metrics/MetricsReports" containerName="MetricsReports"  containerType="class" id="1996914845" abstract="A String constant to indicate the Object Count Values in a display format" />
<data name="KEY_OBJECT_COUNT" initial="K" htmlFileName="com/matrixone/apps/metrics/MetricsReports" containerName="MetricsReports"  containerType="class" id="1594811924" abstract="A String constant to indicate the Object Count Values in a display format" />
<data name="KEY_X_AXIS_VALUES" initial="K" htmlFileName="com/matrixone/apps/metrics/MetricsReports" containerName="MetricsReports"  containerType="class" id="-991983574" abstract="A String constant to indicate the X-Axis Values in a display format" />
<data name="KEY_Y_AXIS_VALUES" initial="K" htmlFileName="com/matrixone/apps/metrics/MetricsReports" containerName="MetricsReports"  containerType="class" id="-548372151" abstract="A String constant to indicate the X-Axis Values in a display format" />
<data name="MACRO_DATEUNIT" initial="M" htmlFileName="com/matrixone/apps/metrics/MetricsReports" containerName="MetricsReports"  containerType="class" id="669574750" abstract="A String constant to indicate macro for dateunit" />
<data name="MACRO_GROUPBY" initial="M" htmlFileName="com/matrixone/apps/metrics/MetricsReports" containerName="MetricsReports"  containerType="class" id="-1972740320" abstract="A String constant to indicate macro for groupby" />
<data name="MACRO_STATE" initial="M" htmlFileName="com/matrixone/apps/metrics/MetricsReports" containerName="MetricsReports"  containerType="class" id="-1399959483" abstract="A String constant to indicate macro for state" />
<data name="MACRO_SUBGROUPBY" initial="M" htmlFileName="com/matrixone/apps/metrics/MetricsReports" containerName="MetricsReports"  containerType="class" id="-1607065862" abstract="A String constant to indicate macro for subgroupby" />
<data name="MACRO_TNR" initial="M" htmlFileName="com/matrixone/apps/metrics/MetricsReports" containerName="MetricsReports"  containerType="class" id="1675192766" abstract="" />
<data name="MODE" initial="M" htmlFileName="com/matrixone/apps/metrics/MetricsReports" containerName="MetricsReports"  containerType="class" id="-283713824" abstract="A String constant to indicate the mode" />
<data name="PARAM_LAST_OPENED" initial="P" htmlFileName="com/matrixone/apps/metrics/MetricsReports" containerName="MetricsReports"  containerType="class" id="-1961436093" abstract="A String constant to indicate the name with which the webreport was saved" />
<data name="PARAM_OWNER_NAME" initial="P" htmlFileName="com/matrixone/apps/metrics/MetricsReports" containerName="MetricsReports"  containerType="class" id="1402826362" abstract="A String constant to indicate the name of the owner of the webreport" />
<data name="PARAM_REPORT_NAME" initial="P" htmlFileName="com/matrixone/apps/metrics/MetricsReports" containerName="MetricsReports"  containerType="class" id="-674225601" abstract="A String constant to indicate the name with which the webreport was saved" />
<data name="PARAM_RESULTS_TITLE" initial="P" htmlFileName="com/matrixone/apps/metrics/MetricsReports" containerName="MetricsReports"  containerType="class" id="921610886" abstract="A String constant to indicate the results title" />
<data name="POLICY" initial="P" htmlFileName="com/matrixone/apps/metrics/MetricsReports" containerName="MetricsReports"  containerType="class" id="-1115409999" abstract="A String constant to indicate macro for policy" />
<data name="POLICY_KEY_NAME" initial="P" htmlFileName="com/matrixone/apps/metrics/MetricsReports" containerName="MetricsReports"  containerType="class" id="-218884181" abstract="A String constant to indicate the policy" />
<data name="PROPERTY_IN_USE" initial="P" htmlFileName="com/matrixone/apps/metrics/MetricsReports" containerName="MetricsReports"  containerType="class" id="-1234287604" abstract="A String constant to indicate the InUse property" />
<data name="REPORT_DISPLAY" initial="R" htmlFileName="com/matrixone/apps/metrics/MetricsReports" containerName="MetricsReports"  containerType="class" id="-837348244" abstract="A String constant to indicate the &quot;reportDisplay&quot; mode" />
<data name="ROW_SUMMARY" initial="R" htmlFileName="com/matrixone/apps/metrics/MetricsReports" containerName="MetricsReports"  containerType="class" id="1134874434" abstract="A String constant to indicate the row summary name of a webreport" />
<data name="SEARCH_CRITERIA" initial="S" htmlFileName="com/matrixone/apps/metrics/MetricsReports" containerName="MetricsReports"  containerType="class" id="528118093" abstract="A String constant to indicate the searchcriteria for the webreport" />
<data name="STATES_KEY_NAME" initial="S" htmlFileName="com/matrixone/apps/metrics/MetricsReports" containerName="MetricsReports"  containerType="class" id="-673717125" abstract="A String constant to indicate states" />
<data name="SUMMARY_RESULT_LIST" initial="S" htmlFileName="com/matrixone/apps/metrics/MetricsReports" containerName="MetricsReports"  containerType="class" id="-1714476356" abstract="A String constant to indicate the SummaryResultsList in the results XML of the webreport" />
<data name="TIME_STAMP" initial="T" htmlFileName="com/matrixone/apps/metrics/MetricsReports" containerName="MetricsReports"  containerType="class" id="-1871380590" abstract="A String constant to indicate the timestamp when the report was generated" />
<data name="TOTAL_SUMMARY" initial="T" htmlFileName="com/matrixone/apps/metrics/MetricsReports" containerName="MetricsReports"  containerType="class" id="-2081403880" abstract="A String constant to indicate the total summary name of a webreport" />
<data name="TRANSLATED_POLICY_NAMES" initial="T" htmlFileName="com/matrixone/apps/metrics/MetricsReports" containerName="MetricsReports"  containerType="class" id="1929093503" abstract="A String constant to indicate the translated policy names" />
<data name="WEBREPORT_NAME" initial="W" htmlFileName="com/matrixone/apps/metrics/MetricsReports" containerName="MetricsReports"  containerType="class" id="-1197297183" abstract="A String constant to indicate the webreport&apos;s name" />
<data name="WEBREPORT_TYPE" initial="W" htmlFileName="com/matrixone/apps/metrics/MetricsReports" containerName="MetricsReports"  containerType="class" id="1055288210" abstract="A String constant to indicate the webreport type" />
<class name="WebreportException" initial="W" htmlFileName="com/matrixone/apps/metrics/WebreportException"  fatherClass="FrameworkException" fatherId="-1595515610" fatherType="exception"  DSCharacteristic="exception" id="220031653" abstract="The WebreportException class represents the exception thrown by" packageName="com.matrixone.apps.metrics" packagePath="com/matrixone/apps/metrics/" packageAbstract="Provides classes and interfaces for the Business Metrics VCP application." />
<constructor name="WebreportException" initial="W" htmlFileName="com/matrixone/apps/metrics/WebreportException" containerName="WebreportException"  containerType="exception" id="2047954842" argList="()" abstract="Construct a WebreportException." />
<constructor name="WebreportException" initial="W" htmlFileName="com/matrixone/apps/metrics/WebreportException" containerName="WebreportException"  containerType="exception" id="2047954842" argList="(java.lang.Exception)" abstract="Construct a WebreportException." />
<constructor name="WebreportException" initial="W" htmlFileName="com/matrixone/apps/metrics/WebreportException" containerName="WebreportException"  containerType="exception" id="2047954842" argList="(java.lang.String)" abstract="Construct a WebreportException." />
<class name="UIMetricsReports" initial="U" htmlFileName="com/matrixone/apps/metrics/ui/UIMetricsReports"  fatherClass="Object" fatherId="1682710857" fatherType="class"  DSCharacteristic="class" id="-97518483" abstract="The UIMetricsReports class represents the Report UI Framework for the" packageName="com.matrixone.apps.metrics.ui" packagePath="com/matrixone/apps/metrics/ui/" packageAbstract="Provides metrics UI utility classes for the VCP applications." />
<method name="computePercentageDiff" initial="c" htmlFileName="com/matrixone/apps/metrics/ui/UIMetricsReports" containerName="UIMetricsReports"  containerType="class" id="929930716" argList="(java.lang.String, java.lang.String)" abstract="This method returns Percentage Difference between two cells(two columns) in a row of the tabular format diaplay" />
<method name="correctTheRealAttrRange" initial="c" htmlFileName="com/matrixone/apps/metrics/ui/UIMetricsReports" containerName="UIMetricsReports"  containerType="class" id="-1930349267" argList="(java.lang.String)" abstract="This method returns real value my removing the unnecessary zeros from the real attribute range value" />
<method name="formContainedInCriteria" initial="f" htmlFileName="com/matrixone/apps/metrics/ui/UIMetricsReports" containerName="UIMetricsReports"  containerType="class" id="1604372953" argList="(matrix.db.Context, java.util.Map, java.lang.String)" abstract="" />
<method name="formSearchCriteria" initial="f" htmlFileName="com/matrixone/apps/metrics/ui/UIMetricsReports" containerName="UIMetricsReports"  containerType="class" id="-61279791" argList="(matrix.db.Context, java.lang.String, java.lang.String, java.lang.String, java.lang.String, java.lang.String, java.lang.String, java.lang.String, java.lang.String)" abstract="Forms the search criteria field." />
<method name="getActualColumnSizeToShow" initial="g" htmlFileName="com/matrixone/apps/metrics/ui/UIMetricsReports" containerName="UIMetricsReports"  containerType="class" id="1908412633" argList="(java.util.HashMap)" abstract="This method gets the actual no." />
<method name="getAssociatedMenu" initial="g" htmlFileName="com/matrixone/apps/metrics/ui/UIMetricsReports" containerName="UIMetricsReports"  containerType="class" id="-1610065087" argList="(matrix.db.Context, java.lang.String)" abstract="This method retrives the report title of the webreport" />
<method name="getChildrenTypeFromCache" initial="g" htmlFileName="com/matrixone/apps/metrics/ui/UIMetricsReports" containerName="UIMetricsReports"  containerType="class" id="-343442001" argList="(matrix.db.Context, java.lang.String)" abstract="" />
<method name="getColumnLimitToComputeTotal" initial="g" htmlFileName="com/matrixone/apps/metrics/ui/UIMetricsReports" containerName="UIMetricsReports"  containerType="class" id="628418013" argList="(java.util.Map)" abstract="This method gets the actual no." />
<method name="getMetricsRelatedSettingsOfCommand" initial="g" htmlFileName="com/matrixone/apps/metrics/ui/UIMetricsReports" containerName="UIMetricsReports"  containerType="class" id="-1001190887" argList="(matrix.db.Context, java.lang.String, java.lang.String, java.util.HashMap, java.lang.String)" abstract="This method retrives the metrics related setting of commands" />
<method name="getMetricsTabularFormatData" initial="g" htmlFileName="com/matrixone/apps/metrics/ui/UIMetricsReports" containerName="UIMetricsReports"  containerType="class" id="827739767" argList="(java.lang.String)" abstract="This method gets the saved tabular format data with the given timeStamp as key" />
<method name="getObjectDetails" initial="g" htmlFileName="com/matrixone/apps/metrics/ui/UIMetricsReports" containerName="UIMetricsReports"  containerType="class" id="1736684691" argList="(matrix.db.Context, java.lang.String, java.lang.String, java.lang.String)" abstract="This method returns whether the object details are saved for the webreport" />
<method name="getRowLimitToComputeTotal" initial="g" htmlFileName="com/matrixone/apps/metrics/ui/UIMetricsReports" containerName="UIMetricsReports"  containerType="class" id="690083973" argList="(java.util.Map)" abstract="This method gets the actual no." />
<method name="internationalizedValue" initial="i" htmlFileName="com/matrixone/apps/metrics/ui/UIMetricsReports" containerName="UIMetricsReports"  containerType="class" id="1783906233" argList="(matrix.db.Context, java.lang.String, java.lang.String, java.lang.String, java.lang.String, java.lang.String)" abstract="This method returns Percentage Difference between two cells(two columns) in a row of the tabular format diaplay" />
<method name="internationalizeValues" initial="i" htmlFileName="com/matrixone/apps/metrics/ui/UIMetricsReports" containerName="UIMetricsReports"  containerType="class" id="945176654" argList="(matrix.db.Context, matrix.util.StringList, java.lang.String, java.lang.String, java.lang.String)" abstract="This method internationalizes the list of values given and returns the" />
<method name="prepareLifeCycleDurationColumnHeaders" initial="p" htmlFileName="com/matrixone/apps/metrics/ui/UIMetricsReports" containerName="UIMetricsReports"  containerType="class" id="1605258015" argList="(matrix.db.Context, java.util.Map, java.util.HashMap)" abstract="This method prepares LifecycleDuration report specific tabular col headers required" />
<method name="prepareLifeCycleDurationRowWiseDataMap" initial="p" htmlFileName="com/matrixone/apps/metrics/ui/UIMetricsReports" containerName="UIMetricsReports"  containerType="class" id="1187730737" argList="(matrix.db.Context, java.util.Map, int, int, int)" abstract="This method prepares LifecycleDuration report specific row-wise data" />
<method name="prepareLifeCycleDurationRowWiseHrefsMap" initial="p" htmlFileName="com/matrixone/apps/metrics/ui/UIMetricsReports" containerName="UIMetricsReports"  containerType="class" id="1672780385" argList="(matrix.db.Context, java.util.Map, matrix.util.StringList, int, int, java.lang.String, java.lang.String, java.lang.String, java.lang.String, java.lang.String, java.lang.String)" abstract="This method prepares LifecycleDuration report specific row-wise data" />
<method name="prepareObjectCountColumnHeaders" initial="p" htmlFileName="com/matrixone/apps/metrics/ui/UIMetricsReports" containerName="UIMetricsReports"  containerType="class" id="531705869" argList="(matrix.db.Context, java.util.Map, java.lang.String, java.lang.String, java.lang.String)" abstract="This method prepares Object Count report specific Column Headers" />
<method name="prepareObjectCountInStateColumnHeaders" initial="p" htmlFileName="com/matrixone/apps/metrics/ui/UIMetricsReports" containerName="UIMetricsReports"  containerType="class" id="-433565261" argList="(java.util.Map, java.util.HashMap)" abstract="This method prepares ObjectCountInState report specific tabular col headers required" />
<method name="prepareObjectCountInStateRowHeaders" initial="p" htmlFileName="com/matrixone/apps/metrics/ui/UIMetricsReports" containerName="UIMetricsReports"  containerType="class" id="522908437" argList="(matrix.db.Context, java.util.Map, java.util.HashMap)" abstract="This method prepares ObjectCountInState report specific tabular row headers required" />
<method name="prepareObjectCountInStateRowWiseDataMap" initial="p" htmlFileName="com/matrixone/apps/metrics/ui/UIMetricsReports" containerName="UIMetricsReports"  containerType="class" id="-1886248675" argList="(java.util.Map)" abstract="This method prepares Object Count in State report specific row-wise data" />
<method name="prepareObjectCountInStateRowWiseHrefsMap" initial="p" htmlFileName="com/matrixone/apps/metrics/ui/UIMetricsReports" containerName="UIMetricsReports"  containerType="class" id="868699125" argList="(matrix.db.Context, java.util.Map, int, int, java.lang.String, java.lang.String, java.lang.String, java.lang.String, java.lang.String, java.lang.String)" abstract="This method prepares Object Count In State report specific row-wise data hrefs" />
<method name="prepareObjectCountRowHeaders" initial="p" htmlFileName="com/matrixone/apps/metrics/ui/UIMetricsReports" containerName="UIMetricsReports"  containerType="class" id="-313244933" argList="(matrix.db.Context, java.util.Map, java.lang.String, java.lang.String)" abstract="This method prepares Object Count report specific Row Headers" />
<method name="prepareObjectCountRowHeaders" initial="p" htmlFileName="com/matrixone/apps/metrics/ui/UIMetricsReports" containerName="UIMetricsReports"  containerType="class" id="-313244933" argList="(java.util.Map, java.lang.String)" abstract="This method prepares Object Count report specific Row Headers" />
<method name="prepareObjectCountRowWiseDataHrefMap" initial="p" htmlFileName="com/matrixone/apps/metrics/ui/UIMetricsReports" containerName="UIMetricsReports"  containerType="class" id="-1636712168" argList="(matrix.db.Context, java.util.Map, matrix.util.StringList, matrix.util.StringList, java.lang.String, java.lang.String, java.lang.String, java.lang.String, java.lang.String, java.lang.String)" abstract="This method prepares Object Count report row-wise data href map" />
<method name="prepareObjectCountRowWiseDataMap" initial="p" htmlFileName="com/matrixone/apps/metrics/ui/UIMetricsReports" containerName="UIMetricsReports"  containerType="class" id="-2027614717" argList="(java.util.Map, matrix.util.StringList, matrix.util.StringList)" abstract="This method prepares Object Count report row-wise data map" />
<method name="setCellNumberAsZeroIfApplicable" initial="s" htmlFileName="com/matrixone/apps/metrics/ui/UIMetricsReports" containerName="UIMetricsReports"  containerType="class" id="885100713" argList="(java.lang.String, java.lang.String)" abstract="This method sets the CellNumber to be zero explicitly in the cell href" />
<method name="setColumnLimit" initial="s" htmlFileName="com/matrixone/apps/metrics/ui/UIMetricsReports" containerName="UIMetricsReports"  containerType="class" id="2053306633" argList="(java.lang.String)" abstract="This method sets Tabular Format to show limited no." />
<method name="setCustomHrefsForData" initial="s" htmlFileName="com/matrixone/apps/metrics/ui/UIMetricsReports" containerName="UIMetricsReports"  containerType="class" id="1766623332" argList="(java.util.Map)" abstract="This method sets Tabular Format the custom Href references to the table data" />
<method name="setMessageText" initial="s" htmlFileName="com/matrixone/apps/metrics/ui/UIMetricsReports" containerName="UIMetricsReports"  containerType="class" id="1653963032" argList="(java.lang.String)" abstract="This method sets Tabular Format the message to be shown while displaying tabular format" />
<method name="setMetricsTabularFormatColHeaders" initial="s" htmlFileName="com/matrixone/apps/metrics/ui/UIMetricsReports" containerName="UIMetricsReports"  containerType="class" id="1708466559" argList="(matrix.util.StringList)" abstract="This method sets the tabular format column headers" />
<method name="setMetricsTabularFormatData" initial="s" htmlFileName="com/matrixone/apps/metrics/ui/UIMetricsReports" containerName="UIMetricsReports"  containerType="class" id="-178346877" argList="(java.lang.String)" abstract="This method saves the tabular format data with the timeStamp provided as the key" />
<method name="setMetricsTabularFormatRowHeaders" initial="s" htmlFileName="com/matrixone/apps/metrics/ui/UIMetricsReports" containerName="UIMetricsReports"  containerType="class" id="1745583717" argList="(matrix.util.StringList)" abstract="This method sets the tabular format row headers" />
<method name="setObjectCountRowHeader" initial="s" htmlFileName="com/matrixone/apps/metrics/ui/UIMetricsReports" containerName="UIMetricsReports"  containerType="class" id="516391071" argList="(java.lang.String)" abstract="This method sets Tabular Format the header for the &quot;Total&quot; row, showing total no." />
<method name="setRowLimit" initial="s" htmlFileName="com/matrixone/apps/metrics/ui/UIMetricsReports" containerName="UIMetricsReports"  containerType="class" id="1389975881" argList="(java.lang.String)" abstract="This method sets Tabular Format to show limited no." />
<method name="setTabularFormatDataMap" initial="s" htmlFileName="com/matrixone/apps/metrics/ui/UIMetricsReports" containerName="UIMetricsReports"  containerType="class" id="1141465926" argList="(java.util.Map)" abstract="This method sets Tabular Format&apos;s Data Map, i.e, a row-wise data map." />
<method name="setTotalOutputType" initial="s" htmlFileName="com/matrixone/apps/metrics/ui/UIMetricsReports" containerName="UIMetricsReports"  containerType="class" id="-744592445" argList="(java.lang.String)" abstract="This method sets Tabular Format to show the Total as real or int" />
<method name="setTotalRowHeader" initial="s" htmlFileName="com/matrixone/apps/metrics/ui/UIMetricsReports" containerName="UIMetricsReports"  containerType="class" id="-415304853" argList="(java.lang.String)" abstract="This method sets Tabular Format to show the &quot;Total&quot; row, showing individual column totals" />
<method name="setWrapColumnSize" initial="s" htmlFileName="com/matrixone/apps/metrics/ui/UIMetricsReports" containerName="UIMetricsReports"  containerType="class" id="1191731753" argList="(java.lang.String)" abstract="This method sets Tabular Format to show no." />
<method name="showDataHrefLink" initial="s" htmlFileName="com/matrixone/apps/metrics/ui/UIMetricsReports" containerName="UIMetricsReports"  containerType="class" id="20278706" argList="(boolean)" abstract="This method sets Tabular Format to show the href links for each table cell data" />
<method name="showDiffInPercentage" initial="s" htmlFileName="com/matrixone/apps/metrics/ui/UIMetricsReports" containerName="UIMetricsReports"  containerType="class" id="-708491097" argList="(boolean)" abstract="This method sets Tabular Format to show the difference between two successive" />
<method name="showObjectCount" initial="s" htmlFileName="com/matrixone/apps/metrics/ui/UIMetricsReports" containerName="UIMetricsReports"  containerType="class" id="852842137" argList="(boolean)" abstract="This method sets Tabular Format to show the &quot;Total no." />
<method name="showRowSeparator" initial="s" htmlFileName="com/matrixone/apps/metrics/ui/UIMetricsReports" containerName="UIMetricsReports"  containerType="class" id="310998350" argList="(boolean)" abstract="This method sets Tabular Format to show the row separator before &quot;Total Objects&quot; row" />
<method name="showTotalColumn" initial="s" htmlFileName="com/matrixone/apps/metrics/ui/UIMetricsReports" containerName="UIMetricsReports"  containerType="class" id="-635556157" argList="(boolean)" abstract="This method sets Tabular Format to show the &quot;Total&quot; column, showing individual row totals" />
<method name="showTotalHrefLink" initial="s" htmlFileName="com/matrixone/apps/metrics/ui/UIMetricsReports" containerName="UIMetricsReports"  containerType="class" id="-404890702" argList="(boolean)" abstract="This method sets Tabular Format to show the href links for total row/column information" />
<method name="showTotalRow" initial="s" htmlFileName="com/matrixone/apps/metrics/ui/UIMetricsReports" containerName="UIMetricsReports"  containerType="class" id="2063253209" argList="(boolean)" abstract="This method sets Tabular Format to show the &quot;Total&quot; row, showing individual column totals" />
<constructor name="UIMetricsReports" initial="U" htmlFileName="com/matrixone/apps/metrics/ui/UIMetricsReports" containerName="UIMetricsReports"  containerType="class" id="1329614831" argList="()" abstract="Create a MetricsReports object." />
<data name="AVG_DURATION_DAYS" initial="A" htmlFileName="com/matrixone/apps/metrics/ui/UIMetricsReports" containerName="UIMetricsReports"  containerType="class" id="1328781860" abstract="A String constant to indicate the Average Duration Days" />
<data name="COMMAND_TITLE" initial="C" htmlFileName="com/matrixone/apps/metrics/ui/UIMetricsReports" containerName="UIMetricsReports"  containerType="class" id="1309629683" abstract="A String constant to indicate the Command title" />
<data name="CRITERIA_UPDATE" initial="C" htmlFileName="com/matrixone/apps/metrics/ui/UIMetricsReports" containerName="UIMetricsReports"  containerType="class" id="-329438600" abstract="A String constant to indicate the &quot;criteriaUpdate&quot; mode" />
<data name="HELP_MARKER" initial="H" htmlFileName="com/matrixone/apps/metrics/ui/UIMetricsReports" containerName="UIMetricsReports"  containerType="class" id="1296782279" abstract="A String constant to indicate the Help Marker" />
<data name="KEY_COLUMN_HEADERS" initial="K" htmlFileName="com/matrixone/apps/metrics/ui/UIMetricsReports" containerName="UIMetricsReports"  containerType="class" id="691782220" abstract="A String constant to indicate the Metrics Tabular Format Column Headers" />
<data name="KEY_COLUMN_LIMIT" initial="K" htmlFileName="com/matrixone/apps/metrics/ui/UIMetricsReports" containerName="UIMetricsReports"  containerType="class" id="-345076671" abstract="A String constant to indicate the Metrics Tabular Format Row Headers" />
<data name="KEY_COLUMN_SUMMARY_HREFS_LIST" initial="K" htmlFileName="com/matrixone/apps/metrics/ui/UIMetricsReports" containerName="UIMetricsReports"  containerType="class" id="1462464678" abstract="A String constant to indicate the column summary hrefs list of a webreport" />
<data name="KEY_CUSTOM_COLUMN_HEADERS" initial="K" htmlFileName="com/matrixone/apps/metrics/ui/UIMetricsReports" containerName="UIMetricsReports"  containerType="class" id="-1908390694" abstract="A String to specify the Metrics Tabular Format Column Headers" />
<data name="KEY_CUSTOM_DATA_HREFS_LIST" initial="K" htmlFileName="com/matrixone/apps/metrics/ui/UIMetricsReports" containerName="UIMetricsReports"  containerType="class" id="1575063979" abstract="A String to specify the Metrics Tabular Format Custom Data Hrefs list" />
<data name="KEY_CUSTOM_ROW_HEADERS" initial="K" htmlFileName="com/matrixone/apps/metrics/ui/UIMetricsReports" containerName="UIMetricsReports"  containerType="class" id="200483042" abstract="A String to specify the Metrics Tabular Format Row Headers" />
<data name="KEY_OBJECT_COUNT" initial="K" htmlFileName="com/matrixone/apps/metrics/ui/UIMetricsReports" containerName="UIMetricsReports"  containerType="class" id="450275006" abstract="A String constant to indicate the Metrics Tabular Format Object Count" />
<data name="KEY_ORG_COLUMN_HEADERS" initial="K" htmlFileName="com/matrixone/apps/metrics/ui/UIMetricsReports" containerName="UIMetricsReports"  containerType="class" id="-691845849" abstract="A String constant to indicate the Metrics Tabular Format Column Headers" />
<data name="KEY_ORG_ROW_HEADERS" initial="K" htmlFileName="com/matrixone/apps/metrics/ui/UIMetricsReports" containerName="UIMetricsReports"  containerType="class" id="1587006389" abstract="A String constant to indicate the Metrics Tabular Format Column Headers" />
<data name="KEY_ROW_HEADERS" initial="K" htmlFileName="com/matrixone/apps/metrics/ui/UIMetricsReports" containerName="UIMetricsReports"  containerType="class" id="-53745488" abstract="A String constant to indicate the Metrics Tabular Format Row Headers" />
<data name="KEY_ROW_LIMIT" initial="K" htmlFileName="com/matrixone/apps/metrics/ui/UIMetricsReports" containerName="UIMetricsReports"  containerType="class" id="1625095077" abstract="A String constant to indicate the Metrics Tabular Format Row Headers" />
<data name="KEY_ROW_SUMMARY_HREFS_LIST" initial="K" htmlFileName="com/matrixone/apps/metrics/ui/UIMetricsReports" containerName="UIMetricsReports"  containerType="class" id="160179138" abstract="A String constant to indicate the row summary hrefs list of a webreport" />
<data name="KEY_SHOW_COLUMN_TOTAL" initial="K" htmlFileName="com/matrixone/apps/metrics/ui/UIMetricsReports" containerName="UIMetricsReports"  containerType="class" id="2121388492" abstract="A String constant to indicate the Metrics Tabular Format Column &apos;Total&apos;, totals all the individual rows to form a column" />
<data name="KEY_SHOW_DATA_HREF_LINK" initial="K" htmlFileName="com/matrixone/apps/metrics/ui/UIMetricsReports" containerName="UIMetricsReports"  containerType="class" id="2105554570" abstract="A String constant to indicate the Metrics Tabular Format Data Href Link" />
<data name="KEY_SHOW_DIFFERENCE_IN_PERCENTAGE" initial="K" htmlFileName="com/matrixone/apps/metrics/ui/UIMetricsReports" containerName="UIMetricsReports"  containerType="class" id="-303339453" abstract="A String constant to indicate the Metrics Tabular Format Rows Separator" />
<data name="KEY_SHOW_IN_PRINTER_FRIENDLY_MODE" initial="K" htmlFileName="com/matrixone/apps/metrics/ui/UIMetricsReports" containerName="UIMetricsReports"  containerType="class" id="133291881" abstract="A String constant to indicate the Metrics Tabular Format Rows Separator" />
<data name="KEY_SHOW_MESSAGE" initial="K" htmlFileName="com/matrixone/apps/metrics/ui/UIMetricsReports" containerName="UIMetricsReports"  containerType="class" id="95553396" abstract="A String constant to indicate the Metrics Tabular Format Object Count" />
<data name="KEY_SHOW_OBJECT_COUNT" initial="K" htmlFileName="com/matrixone/apps/metrics/ui/UIMetricsReports" containerName="UIMetricsReports"  containerType="class" id="904340672" abstract="A String constant to indicate the Metrics Tabular Format Row &apos;Object Count&apos;" />
<data name="KEY_SHOW_ROW_SEPARATOR" initial="K" htmlFileName="com/matrixone/apps/metrics/ui/UIMetricsReports" containerName="UIMetricsReports"  containerType="class" id="-1376946291" abstract="A String constant to indicate the Metrics Tabular Format Rows Separator" />
<data name="KEY_SHOW_ROW_TOTAL" initial="K" htmlFileName="com/matrixone/apps/metrics/ui/UIMetricsReports" containerName="UIMetricsReports"  containerType="class" id="534107244" abstract="A String constant to indicate the Metrics Tabular Format Row &apos;Total&apos;, totals all the individual columns to form a row" />
<data name="KEY_SHOW_TOTAL_HREF_LINK" initial="K" htmlFileName="com/matrixone/apps/metrics/ui/UIMetricsReports" containerName="UIMetricsReports"  containerType="class" id="1132587712" abstract="A String constant to indicate the Metrics Tabular Format Total Href Link" />
<data name="KEY_TABULAR_FORMAT_DATA_MAP" initial="K" htmlFileName="com/matrixone/apps/metrics/ui/UIMetricsReports" containerName="UIMetricsReports"  containerType="class" id="16789244" abstract="A String to specify the Metrics Tabular Format Data Map" />
<data name="KEY_TABULAR_FORMAT_SETTINGS" initial="K" htmlFileName="com/matrixone/apps/metrics/ui/UIMetricsReports" containerName="UIMetricsReports"  containerType="class" id="-372858888" abstract="A String constant to indicate the Metrics Tabular Format Settings Map" />
<data name="KEY_TOTAL" initial="K" htmlFileName="com/matrixone/apps/metrics/ui/UIMetricsReports" containerName="UIMetricsReports"  containerType="class" id="1118907891" abstract="A String constant to indicate the total objects of any type" />
<data name="KEY_TOTAL_COLUMN" initial="K" htmlFileName="com/matrixone/apps/metrics/ui/UIMetricsReports" containerName="UIMetricsReports"  containerType="class" id="1311752096" abstract="A String to specify the Metrics Tabular Format Total Column List" />
<data name="KEY_TOTAL_OUTPUT_TYPE" initial="K" htmlFileName="com/matrixone/apps/metrics/ui/UIMetricsReports" containerName="UIMetricsReports"  containerType="class" id="-607266324" abstract="A String constant to indicate the Metrics Tabular Format Total Output Type" />
<data name="KEY_TOTAL_SUMMARY_HREFS_LIST" initial="K" htmlFileName="com/matrixone/apps/metrics/ui/UIMetricsReports" containerName="UIMetricsReports"  containerType="class" id="2103964184" abstract="A String to specify the Metrics Tabular Format Custom Data Hrefs list" />
<data name="KEY_WRAP_COL_SIZE" initial="K" htmlFileName="com/matrixone/apps/metrics/ui/UIMetricsReports" containerName="UIMetricsReports"  containerType="class" id="2130265764" abstract="A String constant to indicate the Metrics Tabular Format Row Headers" />
<data name="LIFE_CYCLE_DURATION_REPORT" initial="L" htmlFileName="com/matrixone/apps/metrics/ui/UIMetricsReports" containerName="UIMetricsReports"  containerType="class" id="427458706" abstract="A String constant to indicate the Metrics Life Cycle Duration Report" />
<data name="METRICS_STRING_RESOURCE_BUNDLE" initial="M" htmlFileName="com/matrixone/apps/metrics/ui/UIMetricsReports" containerName="UIMetricsReports"  containerType="class" id="1287658896" abstract="A String to specify the Metrics String Resource file" />
<data name="METRICS_STRING_RESOURCE_TOTAL_KEY" initial="M" htmlFileName="com/matrixone/apps/metrics/ui/UIMetricsReports" containerName="UIMetricsReports"  containerType="class" id="-1128259884" abstract="A String to specify the Metrics String Resource Total Row Header Key" />
<data name="NO_COLUMN_LIMIT_APPLIED" initial="N" htmlFileName="com/matrixone/apps/metrics/ui/UIMetricsReports" containerName="UIMetricsReports"  containerType="class" id="-978601187" abstract="A boolean to indicate whether col limit is applied or not" />
<data name="NO_ROW_LIMIT_APPLIED" initial="N" htmlFileName="com/matrixone/apps/metrics/ui/UIMetricsReports" containerName="UIMetricsReports"  containerType="class" id="1158869957" abstract="A boolean to indicate whether row limit is applied or not" />
<data name="OBJECT_COUNT_IN_STATE_REPORT" initial="O" htmlFileName="com/matrixone/apps/metrics/ui/UIMetricsReports" containerName="UIMetricsReports"  containerType="class" id="1197383195" abstract="A String constant to indicate the Metrics Object Count In State Report" />
<data name="OBJECT_COUNT_OVER_TIME_REPORT" initial="O" htmlFileName="com/matrixone/apps/metrics/ui/UIMetricsReports" containerName="UIMetricsReports"  containerType="class" id="-1447080166" abstract="A String constant to indicate the Metrics Object Count Over Time Report" />
<data name="OBJECT_COUNT_REPORT" initial="O" htmlFileName="com/matrixone/apps/metrics/ui/UIMetricsReports" containerName="UIMetricsReports"  containerType="class" id="680678483" abstract="A String constant to indicate the Metrics Object Count Report" />
<data name="OBJECT_COUNT_ROW_HEADING" initial="O" htmlFileName="com/matrixone/apps/metrics/ui/UIMetricsReports" containerName="UIMetricsReports"  containerType="class" id="757667036" abstract="A String to specify the Metrics Tabular Format Object Count Row Header" />
<data name="PERCENTAGE" initial="P" htmlFileName="com/matrixone/apps/metrics/ui/UIMetricsReports" containerName="UIMetricsReports"  containerType="class" id="-1598496919" abstract="A String constant to indicate the % operator" />
<data name="REPORT_DISPLAY" initial="R" htmlFileName="com/matrixone/apps/metrics/ui/UIMetricsReports" containerName="UIMetricsReports"  containerType="class" id="64993638" abstract="A String constant to indicate the &quot;reportDisplay&quot; mode" />
<data name="SETTING_LINK_HREF" initial="S" htmlFileName="com/matrixone/apps/metrics/ui/UIMetricsReports" containerName="UIMetricsReports"  containerType="class" id="-1078733360" abstract="A String constant to indicate the href" />
<data name="SETTING_REGISTERED_SUITE" initial="S" htmlFileName="com/matrixone/apps/metrics/ui/UIMetricsReports" containerName="UIMetricsReports"  containerType="class" id="2117816793" abstract="A String constant to indicate the Registered Suite" />
<data name="SETTING_REPORT_RESULTS_URL" initial="S" htmlFileName="com/matrixone/apps/metrics/ui/UIMetricsReports" containerName="UIMetricsReports"  containerType="class" id="1707343385" abstract="A String constant to indicate the Report Results URL" />
<data name="SETTING_SUITE_DIR" initial="S" htmlFileName="com/matrixone/apps/metrics/ui/UIMetricsReports" containerName="UIMetricsReports"  containerType="class" id="-1320379386" abstract="A String constant to indicate the suiteDir" />
<data name="STATE" initial="S" htmlFileName="com/matrixone/apps/metrics/ui/UIMetricsReports" containerName="UIMetricsReports"  containerType="class" id="1298109760" abstract="A String constant to indicate the state of a policy" />
<data name="TABULAR_FORMAT_MAP" initial="T" htmlFileName="com/matrixone/apps/metrics/ui/UIMetricsReports" containerName="UIMetricsReports"  containerType="class" id="-955945659" abstract="A TreeMap to hold the Metrics Tabular Format Complete Map" />
<data name="TABULAR_FORMAT_SETTINGS_MAP" initial="T" htmlFileName="com/matrixone/apps/metrics/ui/UIMetricsReports" containerName="UIMetricsReports"  containerType="class" id="-1943160331" abstract="A TreMap to hold the Metrics Tabular Format Settings" />
<data name="TOTAL_COL_HEADING" initial="T" htmlFileName="com/matrixone/apps/metrics/ui/UIMetricsReports" containerName="UIMetricsReports"  containerType="class" id="-2126671305" abstract="A String to specify the Metrics Tabular Format Total Column Header" />
<data name="TOTAL_OBJECTS" initial="T" htmlFileName="com/matrixone/apps/metrics/ui/UIMetricsReports" containerName="UIMetricsReports"  containerType="class" id="694157224" abstract="A String constant to indicate the total objects of any type" />
<data name="TOTAL_OUTPUT_INTEGER" initial="T" htmlFileName="com/matrixone/apps/metrics/ui/UIMetricsReports" containerName="UIMetricsReports"  containerType="class" id="-2144925910" abstract="A String to specify the Metrics Tabular Format Total Output Type real" />
<data name="TOTAL_OUTPUT_REAL" initial="T" htmlFileName="com/matrixone/apps/metrics/ui/UIMetricsReports" containerName="UIMetricsReports"  containerType="class" id="-2025199024" abstract="A String to specify the Metrics Tabular Format Total Output Type real" />
<data name="TOTAL_ROW_HEADING" initial="T" htmlFileName="com/matrixone/apps/metrics/ui/UIMetricsReports" containerName="UIMetricsReports"  containerType="class" id="368378001" abstract="A String to specify the Metrics Tabular Format Total Row Header" />
</fw>

