<?xml version="1.0" encoding="utf-8"?>
<fw name="ENODesignManufacturingPlanning" footer="Copyright &#169; 1999-2016, Dassault Syst&#232;mes. All rights reserved. ">
<class name="Archive" initial="A" htmlFileName="com/matrixone/apps/dmcplanning/Archive"  DSCharacteristic="interface" id="2131428726" abstract="" packageName="com.matrixone.apps.dmcplanning" packagePath="com/matrixone/apps/dmcplanning/" packageAbstract="" />
<method name="archive" initial="a" htmlFileName="com/matrixone/apps/dmcplanning/Archive" containerName="Archive"  containerType="interface" id="476605378" argList="(matrix.db.Context, java.lang.String)" abstract="This method will archive the object" deprecated="since R418" />
<method name="archive" initial="a" htmlFileName="com/matrixone/apps/dmcplanning/Archive" containerName="Archive"  containerType="interface" id="476605378" argList="(matrix.db.Context, matrix.util.StringList)" abstract="This method will archive the object one by by calling the over loaded Archive method" deprecated="since R418" />
<method name="reActivate" initial="r" htmlFileName="com/matrixone/apps/dmcplanning/Archive" containerName="Archive"  containerType="interface" id="2146221894" argList="(matrix.db.Context, java.lang.String)" abstract="This method will reactivated the object" deprecated="since R418" />
<method name="reActivate" initial="r" htmlFileName="com/matrixone/apps/dmcplanning/Archive" containerName="Archive"  containerType="interface" id="2146221894" argList="(matrix.db.Context, matrix.util.StringList)" abstract="This method will reactivated the object  by calling the over loaded reActvate method" deprecated="since R418" />
<class name="ArchiveUtil" initial="A" htmlFileName="com/matrixone/apps/dmcplanning/ArchiveUtil"  fatherClass="DomainObject" fatherId="-571409565" fatherType="class"  DSCharacteristic="class" id="627544211" abstract="" packageName="com.matrixone.apps.dmcplanning" packagePath="com/matrixone/apps/dmcplanning/" packageAbstract="" />
<method name="archive" initial="a" htmlFileName="com/matrixone/apps/dmcplanning/ArchiveUtil" containerName="ArchiveUtil"  containerType="class" id="476605378" argList="(matrix.db.Context, java.lang.String)" abstract="" deprecated="since R418" />
<method name="archive" initial="a" htmlFileName="com/matrixone/apps/dmcplanning/ArchiveUtil" containerName="ArchiveUtil"  containerType="class" id="476605378" argList="(matrix.db.Context, matrix.util.StringList)" abstract="" deprecated="since R418" />
<method name="reActivate" initial="r" htmlFileName="com/matrixone/apps/dmcplanning/ArchiveUtil" containerName="ArchiveUtil"  containerType="class" id="2146221894" argList="(matrix.db.Context, java.lang.String)" abstract="" deprecated="since R418" />
<method name="reActivate" initial="r" htmlFileName="com/matrixone/apps/dmcplanning/ArchiveUtil" containerName="ArchiveUtil"  containerType="class" id="2146221894" argList="(matrix.db.Context, matrix.util.StringList)" abstract="" deprecated="since R418" />
<method name="reActivate" initial="r" htmlFileName="com/matrixone/apps/dmcplanning/ArchiveUtil" containerName="ArchiveUtil"  containerType="class" id="2146221894" argList="(matrix.db.Context, matrix.util.StringList, java.lang.String)" abstract="" deprecated="since R418" />
<method name="reActivate" initial="r" htmlFileName="com/matrixone/apps/dmcplanning/ArchiveUtil" containerName="ArchiveUtil"  containerType="class" id="2146221894" argList="(matrix.db.Context, java.lang.String, java.lang.String)" abstract="" deprecated="since R418" />
<constructor name="ArchiveUtil" initial="A" htmlFileName="com/matrixone/apps/dmcplanning/ArchiveUtil" containerName="ArchiveUtil"  containerType="class" id="-143133803" argList="()" abstract="Construct a new Object for Archiving." deprecated="since R418" />
<constructor name="ArchiveUtil" initial="A" htmlFileName="com/matrixone/apps/dmcplanning/ArchiveUtil" containerName="ArchiveUtil"  containerType="class" id="-143133803" argList="(java.lang.String)" abstract="Construct a new Object for Archiving." deprecated="since R418" />
<constructor name="ArchiveUtil" initial="A" htmlFileName="com/matrixone/apps/dmcplanning/ArchiveUtil" containerName="ArchiveUtil"  containerType="class" id="-143133803" argList="(matrix.db.BusinessObject)" abstract="Construct a new Object for Archiving." deprecated="since R418" />
<constructor name="ArchiveUtil" initial="A" htmlFileName="com/matrixone/apps/dmcplanning/ArchiveUtil" containerName="ArchiveUtil"  containerType="class" id="-143133803" argList="(com.matrixone.apps.domain.util.DecoratedOid)" abstract="Construct a new Object for Archiving." deprecated="since R418" />
<class name="ComponentFeature" initial="C" htmlFileName="com/matrixone/apps/dmcplanning/ComponentFeature"  fatherClass="DomainObject" fatherId="-571409565" fatherType="class"  DSCharacteristic="class" id="55881310" abstract="" packageName="com.matrixone.apps.dmcplanning" packagePath="com/matrixone/apps/dmcplanning/" packageAbstract="" />
<method name="createManufacturingPlan" initial="c" htmlFileName="com/matrixone/apps/dmcplanning/ComponentFeature" containerName="ComponentFeature"  containerType="class" id="1039903467" argList="(matrix.db.Context, java.lang.String, java.lang.String, java.lang.String, java.lang.String, java.lang.String, java.lang.String, java.lang.String, java.util.HashMap, java.lang.String)" abstract="" deprecated="since R418" />
<method name="getArchivedManufacturingPlan" initial="g" htmlFileName="com/matrixone/apps/dmcplanning/ComponentFeature" containerName="ComponentFeature"  containerType="class" id="699591183" argList="(matrix.db.Context, matrix.util.StringList, matrix.util.StringList, int, int)" abstract="" deprecated="since R418" />
<method name="getManufacturingPlanBreakdowns" initial="g" htmlFileName="com/matrixone/apps/dmcplanning/ComponentFeature" containerName="ComponentFeature"  containerType="class" id="975766819" argList="(matrix.db.Context, matrix.util.StringList, matrix.util.StringList, int, int)" abstract="This Methods is used to get all the Manufacturing Plan Breakdown connected to Manufacturing Plan." deprecated="since R418" />
<method name="getManufacturingPlans" initial="g" htmlFileName="com/matrixone/apps/dmcplanning/ComponentFeature" containerName="ComponentFeature"  containerType="class" id="95881410" argList="(matrix.db.Context, matrix.util.StringList, matrix.util.StringList, int, int)" abstract="This Methods is used to get all the Active Manufacturing Plans connected to the Feature." deprecated="since R418" />
<method name="getManufacturingPlanWhereUsed" initial="g" htmlFileName="com/matrixone/apps/dmcplanning/ComponentFeature" containerName="ComponentFeature"  containerType="class" id="2088283763" argList="(matrix.db.Context, matrix.util.StringList, matrix.util.StringList, int, int)" abstract="This Methods is used to get all the Manufacturing Plan Breakdown connected to Manufacturing Plan on the To side." deprecated="since R418" />
<constructor name="ComponentFeature" initial="C" htmlFileName="com/matrixone/apps/dmcplanning/ComponentFeature" containerName="ComponentFeature"  containerType="class" id="-152285920" argList="()" abstract="Construct a new Component Feature." deprecated="since R418" />
<constructor name="ComponentFeature" initial="C" htmlFileName="com/matrixone/apps/dmcplanning/ComponentFeature" containerName="ComponentFeature"  containerType="class" id="-152285920" argList="(java.lang.String)" abstract="Construct a new Component Feature." deprecated="since R418" />
<constructor name="ComponentFeature" initial="C" htmlFileName="com/matrixone/apps/dmcplanning/ComponentFeature" containerName="ComponentFeature"  containerType="class" id="-152285920" argList="(matrix.db.BusinessObject)" abstract="Construct a new Component Feature based on an existing Business Object." deprecated="since R418" />
<constructor name="ComponentFeature" initial="C" htmlFileName="com/matrixone/apps/dmcplanning/ComponentFeature" containerName="ComponentFeature"  containerType="class" id="-152285920" argList="(com.matrixone.apps.domain.util.DecoratedOid)" abstract="Construct a new Component Feature object." deprecated="since R418" />
<class name="Manufacturing" initial="M" htmlFileName="com/matrixone/apps/dmcplanning/Manufacturing"  DSCharacteristic="interface" id="1402902394" abstract="" packageName="com.matrixone.apps.dmcplanning" packagePath="com/matrixone/apps/dmcplanning/" packageAbstract="" />
<method name="createManufacturingPlan" initial="c" htmlFileName="com/matrixone/apps/dmcplanning/Manufacturing" containerName="Manufacturing"  containerType="interface" id="1039903467" argList="(matrix.db.Context, java.lang.String, java.lang.String, java.lang.String, java.lang.String, java.lang.String, java.lang.String, java.lang.String, java.util.HashMap, java.lang.String)" abstract="" deprecated="since R418" />
<method name="getArchivedManufacturingPlan" initial="g" htmlFileName="com/matrixone/apps/dmcplanning/Manufacturing" containerName="Manufacturing"  containerType="interface" id="699591183" argList="(matrix.db.Context, matrix.util.StringList, matrix.util.StringList, int, int)" abstract="" deprecated="since R418" />
<method name="getManufacturingPlanBreakdowns" initial="g" htmlFileName="com/matrixone/apps/dmcplanning/Manufacturing" containerName="Manufacturing"  containerType="interface" id="975766819" argList="(matrix.db.Context, matrix.util.StringList, matrix.util.StringList, int, int)" abstract="" />
<method name="getManufacturingPlans" initial="g" htmlFileName="com/matrixone/apps/dmcplanning/Manufacturing" containerName="Manufacturing"  containerType="interface" id="95881410" argList="(matrix.db.Context, matrix.util.StringList, matrix.util.StringList, int, int)" abstract="" />
<method name="getManufacturingPlanWhereUsed" initial="g" htmlFileName="com/matrixone/apps/dmcplanning/Manufacturing" containerName="Manufacturing"  containerType="interface" id="2088283763" argList="(matrix.db.Context, matrix.util.StringList, matrix.util.StringList, int, int)" abstract="" />
<class name="ManufacturingPlanConstants" initial="M" htmlFileName="com/matrixone/apps/dmcplanning/ManufacturingPlanConstants"  fatherClass="ProductLineConstants" fatherId="1535326519" fatherType="class"  DSCharacteristic="class" id="1093857327" abstract="This class has some of the common utilities that will be used" packageName="com.matrixone.apps.dmcplanning" packagePath="com/matrixone/apps/dmcplanning/" packageAbstract="" />
<constructor name="ManufacturingPlanConstants" initial="M" htmlFileName="com/matrixone/apps/dmcplanning/ManufacturingPlanConstants" containerName="ManufacturingPlanConstants"  containerType="class" id="2068590129" argList="()" abstract="" />
<data name="ATTRIBUTE_COMMON_GROUP_NAME" initial="A" htmlFileName="com/matrixone/apps/dmcplanning/ManufacturingPlanConstants" containerName="ManufacturingPlanConstants"  containerType="class" id="1252582341" abstract="" />
<data name="ATTRIBUTE_CURRENT_VERSION" initial="A" htmlFileName="com/matrixone/apps/dmcplanning/ManufacturingPlanConstants" containerName="ManufacturingPlanConstants"  containerType="class" id="1293724760" abstract="" />
<data name="ATTRIBUTE_DISPLAY_NAME" initial="A" htmlFileName="com/matrixone/apps/dmcplanning/ManufacturingPlanConstants" containerName="ManufacturingPlanConstants"  containerType="class" id="2103103540" abstract="" />
<data name="ATTRIBUTE_FEATURE_ALLOCATION_TYPE" initial="A" htmlFileName="com/matrixone/apps/dmcplanning/ManufacturingPlanConstants" containerName="ManufacturingPlanConstants"  containerType="class" id="1322921686" abstract="" />
<data name="ATTRIBUTE_FEATURE_TYPE" initial="A" htmlFileName="com/matrixone/apps/dmcplanning/ManufacturingPlanConstants" containerName="ManufacturingPlanConstants"  containerType="class" id="-1102626321" abstract="" />
<data name="ATTRIBUTE_MANUFACTURING_INTENT" initial="A" htmlFileName="com/matrixone/apps/dmcplanning/ManufacturingPlanConstants" containerName="ManufacturingPlanConstants"  containerType="class" id="-234740919" abstract="" />
<data name="ATTRIBUTE_MANUFACTURING_PLAN_PREFERRED" initial="A" htmlFileName="com/matrixone/apps/dmcplanning/ManufacturingPlanConstants" containerName="ManufacturingPlanConstants"  containerType="class" id="177003320" abstract="" />
<data name="ATTRIBUTE_MANUFACTURING_PLAN_STATUS" initial="A" htmlFileName="com/matrixone/apps/dmcplanning/ManufacturingPlanConstants" containerName="ManufacturingPlanConstants"  containerType="class" id="1737917869" abstract="" />
<data name="ATTRIBUTE_MARKETING_NAME" initial="A" htmlFileName="com/matrixone/apps/dmcplanning/ManufacturingPlanConstants" containerName="ManufacturingPlanConstants"  containerType="class" id="-1158888560" abstract="" />
<data name="ATTRIBUTE_MARKETING_TEXT" initial="A" htmlFileName="com/matrixone/apps/dmcplanning/ManufacturingPlanConstants" containerName="ManufacturingPlanConstants"  containerType="class" id="647411378" abstract="" />
<data name="ATTRIBUTE_REVISION_COUNT" initial="A" htmlFileName="com/matrixone/apps/dmcplanning/ManufacturingPlanConstants" containerName="ManufacturingPlanConstants"  containerType="class" id="60771255" abstract="" />
<data name="ATTRIBUTE_TITLE" initial="A" htmlFileName="com/matrixone/apps/dmcplanning/ManufacturingPlanConstants" containerName="ManufacturingPlanConstants"  containerType="class" id="-430405506" abstract="" />
<data name="MODE_EDIT" initial="M" htmlFileName="com/matrixone/apps/dmcplanning/ManufacturingPlanConstants" containerName="ManufacturingPlanConstants"  containerType="class" id="480175407" abstract="" />
<data name="POLICY_ARCHIVED" initial="P" htmlFileName="com/matrixone/apps/dmcplanning/ManufacturingPlanConstants" containerName="ManufacturingPlanConstants"  containerType="class" id="-1055069032" abstract="" />
<data name="POLICY_LOGICAL_FEATURE" initial="P" htmlFileName="com/matrixone/apps/dmcplanning/ManufacturingPlanConstants" containerName="ManufacturingPlanConstants"  containerType="class" id="-2114460484" abstract="" />
<data name="POLICY_MANAGED_SERIES" initial="P" htmlFileName="com/matrixone/apps/dmcplanning/ManufacturingPlanConstants" containerName="ManufacturingPlanConstants"  containerType="class" id="-1246373011" abstract="" />
<data name="POLICY_MANUFACTURING_PLAN" initial="P" htmlFileName="com/matrixone/apps/dmcplanning/ManufacturingPlanConstants" containerName="ManufacturingPlanConstants"  containerType="class" id="292717600" abstract="String Definitions for POLICY" />
<data name="POLICY_MANUFACTURING_PLAN_MASTER" initial="P" htmlFileName="com/matrixone/apps/dmcplanning/ManufacturingPlanConstants" containerName="ManufacturingPlanConstants"  containerType="class" id="-191557421" abstract="" />
<data name="RANGE_VALUE_ALL" initial="R" htmlFileName="com/matrixone/apps/dmcplanning/ManufacturingPlanConstants" containerName="ManufacturingPlanConstants"  containerType="class" id="571706810" abstract="" />
<data name="RANGE_VALUE_NO" initial="R" htmlFileName="com/matrixone/apps/dmcplanning/ManufacturingPlanConstants" containerName="ManufacturingPlanConstants"  containerType="class" id="-1294312166" abstract="" />
<data name="RANGE_VALUE_OPTIONAL" initial="R" htmlFileName="com/matrixone/apps/dmcplanning/ManufacturingPlanConstants" containerName="ManufacturingPlanConstants"  containerType="class" id="684755577" abstract="" />
<data name="RANGE_VALUE_REGULAR" initial="R" htmlFileName="com/matrixone/apps/dmcplanning/ManufacturingPlanConstants" containerName="ManufacturingPlanConstants"  containerType="class" id="328680053" abstract="" />
<data name="RANGE_VALUE_REQUIRED" initial="R" htmlFileName="com/matrixone/apps/dmcplanning/ManufacturingPlanConstants" containerName="ManufacturingPlanConstants"  containerType="class" id="1226390136" abstract="" />
<data name="RANGE_VALUE_RETROFIT" initial="R" htmlFileName="com/matrixone/apps/dmcplanning/ManufacturingPlanConstants" containerName="ManufacturingPlanConstants"  containerType="class" id="-1954459508" abstract="" />
<data name="RANGE_VALUE_STANDARD" initial="R" htmlFileName="com/matrixone/apps/dmcplanning/ManufacturingPlanConstants" containerName="ManufacturingPlanConstants"  containerType="class" id="1086158102" abstract="" />
<data name="RANGE_VALUE_YES" initial="R" htmlFileName="com/matrixone/apps/dmcplanning/ManufacturingPlanConstants" containerName="ManufacturingPlanConstants"  containerType="class" id="-1851803520" abstract="" />
<data name="RELATIONSHIP_ASSOCIATED_MANUFACTURING_PLAN" initial="R" htmlFileName="com/matrixone/apps/dmcplanning/ManufacturingPlanConstants" containerName="ManufacturingPlanConstants"  containerType="class" id="1788746053" abstract="String Definitions for RELATIONSHIP" />
<data name="RELATIONSHIP_DERIVED" initial="R" htmlFileName="com/matrixone/apps/dmcplanning/ManufacturingPlanConstants" containerName="ManufacturingPlanConstants"  containerType="class" id="-2114597633" abstract="" />
<data name="RELATIONSHIP_DERIVED_ABSTRACT" initial="R" htmlFileName="com/matrixone/apps/dmcplanning/ManufacturingPlanConstants" containerName="ManufacturingPlanConstants"  containerType="class" id="1029950100" abstract="" />
<data name="RELATIONSHIP_LOGICAL_FEATURES" initial="R" htmlFileName="com/matrixone/apps/dmcplanning/ManufacturingPlanConstants" containerName="ManufacturingPlanConstants"  containerType="class" id="-987410941" abstract="" />
<data name="RELATIONSHIP_LOGICAL_STRUCTURES" initial="R" htmlFileName="com/matrixone/apps/dmcplanning/ManufacturingPlanConstants" containerName="ManufacturingPlanConstants"  containerType="class" id="829121702" abstract="" />
<data name="RELATIONSHIP_MAIN_DERIVED" initial="R" htmlFileName="com/matrixone/apps/dmcplanning/ManufacturingPlanConstants" containerName="ManufacturingPlanConstants"  containerType="class" id="2019789863" abstract="" />
<data name="RELATIONSHIP_MAIN_PRODUCT" initial="R" htmlFileName="com/matrixone/apps/dmcplanning/ManufacturingPlanConstants" containerName="ManufacturingPlanConstants"  containerType="class" id="1470035833" abstract="" />
<data name="RELATIONSHIP_MANAGED_MODEL" initial="R" htmlFileName="com/matrixone/apps/dmcplanning/ManufacturingPlanConstants" containerName="ManufacturingPlanConstants"  containerType="class" id="1227806091" abstract="" />
<data name="RELATIONSHIP_MANAGED_REVISION" initial="R" htmlFileName="com/matrixone/apps/dmcplanning/ManufacturingPlanConstants" containerName="ManufacturingPlanConstants"  containerType="class" id="-2006349621" abstract="" />
<data name="RELATIONSHIP_MANAGED_ROOT" initial="R" htmlFileName="com/matrixone/apps/dmcplanning/ManufacturingPlanConstants" containerName="ManufacturingPlanConstants"  containerType="class" id="1047676690" abstract="" />
<data name="RELATIONSHIP_MANUFACTURING_PLAN_BREAKDOWN" initial="R" htmlFileName="com/matrixone/apps/dmcplanning/ManufacturingPlanConstants" containerName="ManufacturingPlanConstants"  containerType="class" id="-44117092" abstract="" />
<data name="RELATIONSHIP_MANUFACTURING_PLAN_IMPLEMENTS" initial="R" htmlFileName="com/matrixone/apps/dmcplanning/ManufacturingPlanConstants" containerName="ManufacturingPlanConstants"  containerType="class" id="523824551" abstract="" />
<data name="RELATIONSHIP_MANUFACTURING_PLAN_REVISIONS" initial="R" htmlFileName="com/matrixone/apps/dmcplanning/ManufacturingPlanConstants" containerName="ManufacturingPlanConstants"  containerType="class" id="1941006131" abstract="" />
<data name="RELATIONSHIP_MODEL_MASTER_FEATURES" initial="R" htmlFileName="com/matrixone/apps/dmcplanning/ManufacturingPlanConstants" containerName="ManufacturingPlanConstants"  containerType="class" id="-859012794" abstract="" />
<data name="RELATIONSHIP_MODEL_TEMPLATE" initial="R" htmlFileName="com/matrixone/apps/dmcplanning/ManufacturingPlanConstants" containerName="ManufacturingPlanConstants"  containerType="class" id="1409053728" abstract="" />
<data name="RELATIONSHIP_PRODUCT_FEATURE_LIST" initial="R" htmlFileName="com/matrixone/apps/dmcplanning/ManufacturingPlanConstants" containerName="ManufacturingPlanConstants"  containerType="class" id="-178480761" abstract="" />
<data name="RELATIONSHIP_PRODUCT_VERSION" initial="R" htmlFileName="com/matrixone/apps/dmcplanning/ManufacturingPlanConstants" containerName="ManufacturingPlanConstants"  containerType="class" id="-503751158" abstract="" />
<data name="RELATIONSHIP_PRODUCTS" initial="R" htmlFileName="com/matrixone/apps/dmcplanning/ManufacturingPlanConstants" containerName="ManufacturingPlanConstants"  containerType="class" id="1716967124" abstract="" />
<data name="RELATIONSHIP_SERIESMASTER" initial="R" htmlFileName="com/matrixone/apps/dmcplanning/ManufacturingPlanConstants" containerName="ManufacturingPlanConstants"  containerType="class" id="1863693001" abstract="" />
<data name="SELECT_ATTRIBUTE_COMMON_GROUP_NAME" initial="S" htmlFileName="com/matrixone/apps/dmcplanning/ManufacturingPlanConstants" containerName="ManufacturingPlanConstants"  containerType="class" id="1339541058" abstract="String Definitions for Select for ATTRIBUTE" />
<data name="SELECT_ATTRIBUTE_FEATURE_ALLOCATION_TYPE" initial="S" htmlFileName="com/matrixone/apps/dmcplanning/ManufacturingPlanConstants" containerName="ManufacturingPlanConstants"  containerType="class" id="1312980883" abstract="" />
<data name="SELECT_ATTRIBUTE_MANUFACTURING_INTENT" initial="S" htmlFileName="com/matrixone/apps/dmcplanning/ManufacturingPlanConstants" containerName="ManufacturingPlanConstants"  containerType="class" id="487117740" abstract="" />
<data name="SELECT_ATTRIBUTE_MANUFACTURING_PLAN_PREFERRED" initial="S" htmlFileName="com/matrixone/apps/dmcplanning/ManufacturingPlanConstants" containerName="ManufacturingPlanConstants"  containerType="class" id="844789915" abstract="" />
<data name="SELECT_ATTRIBUTE_MARKETING_NAME" initial="S" htmlFileName="com/matrixone/apps/dmcplanning/ManufacturingPlanConstants" containerName="ManufacturingPlanConstants"  containerType="class" id="457980467" abstract="" />
<data name="SELECT_ATTRIBUTE_TITLE" initial="S" htmlFileName="com/matrixone/apps/dmcplanning/ManufacturingPlanConstants" containerName="ManufacturingPlanConstants"  containerType="class" id="-1026457989" abstract="" />
<data name="SELECT_FEATURE_TYPE" initial="S" htmlFileName="com/matrixone/apps/dmcplanning/ManufacturingPlanConstants" containerName="ManufacturingPlanConstants"  containerType="class" id="1996800879" abstract="" />
<data name="SELECT_PHYSICAL_ID" initial="S" htmlFileName="com/matrixone/apps/dmcplanning/ManufacturingPlanConstants" containerName="ManufacturingPlanConstants"  containerType="class" id="865933129" abstract="" />
<data name="STATE_ARCHIVED" initial="S" htmlFileName="com/matrixone/apps/dmcplanning/ManufacturingPlanConstants" containerName="ManufacturingPlanConstants"  containerType="class" id="401610873" abstract="" />
<data name="STATE_OBSOLETE" initial="S" htmlFileName="com/matrixone/apps/dmcplanning/ManufacturingPlanConstants" containerName="ManufacturingPlanConstants"  containerType="class" id="1451840496" abstract="" />
<data name="STATE_RELEASE" initial="S" htmlFileName="com/matrixone/apps/dmcplanning/ManufacturingPlanConstants" containerName="ManufacturingPlanConstants"  containerType="class" id="685968610" abstract="" />
<data name="TYPE_CONFIGURATION_FEATURE" initial="T" htmlFileName="com/matrixone/apps/dmcplanning/ManufacturingPlanConstants" containerName="ManufacturingPlanConstants"  containerType="class" id="1966583729" abstract="" />
<data name="TYPE_CONFIGURATION_OPTION" initial="T" htmlFileName="com/matrixone/apps/dmcplanning/ManufacturingPlanConstants" containerName="ManufacturingPlanConstants"  containerType="class" id="25756972" abstract="" />
<data name="TYPE_HARDWARE_PRODUCT" initial="T" htmlFileName="com/matrixone/apps/dmcplanning/ManufacturingPlanConstants" containerName="ManufacturingPlanConstants"  containerType="class" id="-558777434" abstract="" />
<data name="TYPE_LOGICAL_FEATURE" initial="T" htmlFileName="com/matrixone/apps/dmcplanning/ManufacturingPlanConstants" containerName="ManufacturingPlanConstants"  containerType="class" id="-17087292" abstract="" />
<data name="TYPE_LOGICAL_STRUCTURES" initial="T" htmlFileName="com/matrixone/apps/dmcplanning/ManufacturingPlanConstants" containerName="ManufacturingPlanConstants"  containerType="class" id="1744615396" abstract="" />
<data name="TYPE_MANUFACTURING_FEATURE" initial="T" htmlFileName="com/matrixone/apps/dmcplanning/ManufacturingPlanConstants" containerName="ManufacturingPlanConstants"  containerType="class" id="851831289" abstract="" />
<data name="TYPE_MANUFACTURING_PLAN" initial="T" htmlFileName="com/matrixone/apps/dmcplanning/ManufacturingPlanConstants" containerName="ManufacturingPlanConstants"  containerType="class" id="-46741736" abstract="String Definitions for TYPE" />
<data name="TYPE_MANUFACTURING_PLAN_MASTER" initial="T" htmlFileName="com/matrixone/apps/dmcplanning/ManufacturingPlanConstants" containerName="ManufacturingPlanConstants"  containerType="class" id="-1274673445" abstract="" />
<data name="TYPE_MASTER_FEATURE" initial="T" htmlFileName="com/matrixone/apps/dmcplanning/ManufacturingPlanConstants" containerName="ManufacturingPlanConstants"  containerType="class" id="616865191" abstract="" />
<data name="TYPE_MODEL" initial="T" htmlFileName="com/matrixone/apps/dmcplanning/ManufacturingPlanConstants" containerName="ManufacturingPlanConstants"  containerType="class" id="-1784894643" abstract="" />
<data name="TYPE_PRODUCT_VARIANT" initial="T" htmlFileName="com/matrixone/apps/dmcplanning/ManufacturingPlanConstants" containerName="ManufacturingPlanConstants"  containerType="class" id="-1474092423" abstract="" />
<data name="TYPE_PRODUCTS" initial="T" htmlFileName="com/matrixone/apps/dmcplanning/ManufacturingPlanConstants" containerName="ManufacturingPlanConstants"  containerType="class" id="-1789034606" abstract="" />
<class name="ManufacturingPlan" initial="M" htmlFileName="com/matrixone/apps/dmcplanning/ManufacturingPlan"  fatherClass="ProductLineCommon" fatherId="-1617377547" fatherType="class"  DSCharacteristic="class" id="1780980368" abstract="This class will have methods related to the Manufacturing Plan." packageName="com.matrixone.apps.dmcplanning" packagePath="com/matrixone/apps/dmcplanning/" packageAbstract="" />
<method name="archive" initial="a" htmlFileName="com/matrixone/apps/dmcplanning/ManufacturingPlan" containerName="ManufacturingPlan"  containerType="class" id="476605378" argList="(matrix.db.Context, java.lang.String)" abstract="" deprecated="since R418" />
<method name="archive" initial="a" htmlFileName="com/matrixone/apps/dmcplanning/ManufacturingPlan" containerName="ManufacturingPlan"  containerType="class" id="476605378" argList="(matrix.db.Context, matrix.util.StringList)" abstract="" deprecated="since R418" />
<method name="checkForMPPreferredAttrVal" initial="c" htmlFileName="com/matrixone/apps/dmcplanning/ManufacturingPlan" containerName="ManufacturingPlan"  containerType="class" id="-591634733" argList="(matrix.db.Context, java.lang.String, matrix.util.StringList, matrix.util.StringList)" abstract="This method is used to check the &quot;Manufacturing Plan Preferred&quot; attribute value below given context." />
<method name="connectManufacturingPlan" initial="c" htmlFileName="com/matrixone/apps/dmcplanning/ManufacturingPlan" containerName="ManufacturingPlan"  containerType="class" id="1869780157" argList="(matrix.db.Context, java.lang.String, java.lang.String, matrix.util.StringList, matrix.util.StringList)" abstract="This Methods is used to connect Manufacturing Plan and context object" />
<method name="connectManufacturingPlanImplements" initial="c" htmlFileName="com/matrixone/apps/dmcplanning/ManufacturingPlan" containerName="ManufacturingPlan"  containerType="class" id="-508968883" argList="(matrix.db.Context, com.matrixone.apps.domain.util.MapList)" abstract="This method connects Manufacturing Plans to Products/Features through &apos;Manufacturing Plan Implements&apos; relationship" />
<method name="connectManufacturingPlanMaster" initial="c" htmlFileName="com/matrixone/apps/dmcplanning/ManufacturingPlan" containerName="ManufacturingPlan"  containerType="class" id="302387583" argList="(matrix.db.Context, java.lang.String, java.lang.String)" abstract="This method is called from createManufacturingPlan(..) to create Manufacturing Plan Master when" />
<method name="connectWithSeriesMaster" initial="c" htmlFileName="com/matrixone/apps/dmcplanning/ManufacturingPlan" containerName="ManufacturingPlan"  containerType="class" id="1557023657" argList="(matrix.db.Context, java.lang.String)" abstract="This Methods is used to connect Model/Master Feature and MPM object" />
<method name="createManufacturingPlan" initial="c" htmlFileName="com/matrixone/apps/dmcplanning/ManufacturingPlan" containerName="ManufacturingPlan"  containerType="class" id="1039903467" argList="(matrix.db.Context, java.lang.String, java.lang.String, java.lang.String, java.lang.String, java.lang.String, java.lang.String, java.lang.String, java.util.HashMap, java.lang.String)" abstract="" deprecated="since R418" />
<method name="createManufacturingPlanDerivation" initial="c" htmlFileName="com/matrixone/apps/dmcplanning/ManufacturingPlan" containerName="ManufacturingPlan"  containerType="class" id="276488706" argList="(matrix.db.Context, java.lang.String, java.lang.String, java.lang.String, java.lang.String, java.lang.String, java.lang.String, java.lang.String, java.util.HashMap, java.lang.String, java.lang.String)" abstract="This will create/clone MP depending on the strDerivedFromID, and will" />
<method name="delete" initial="d" htmlFileName="com/matrixone/apps/dmcplanning/ManufacturingPlan" containerName="ManufacturingPlan"  containerType="class" id="678716587" argList="(matrix.db.Context, java.lang.String)" abstract="this API will be used to delete the Manufacturing Plan" />
<method name="delete" initial="d" htmlFileName="com/matrixone/apps/dmcplanning/ManufacturingPlan" containerName="ManufacturingPlan"  containerType="class" id="678716587" argList="(matrix.db.Context, matrix.util.StringList)" abstract="this API will be used to delete the Manufacturing Plans" />
<method name="disconnectManufacturingPlan" initial="d" htmlFileName="com/matrixone/apps/dmcplanning/ManufacturingPlan" containerName="ManufacturingPlan"  containerType="class" id="-262559925" argList="(matrix.db.Context, matrix.util.StringList)" abstract="This Methods is used to disconnect Manufacturing Plan and context object" />
<method name="disconnectUnimplementedObjects" initial="d" htmlFileName="com/matrixone/apps/dmcplanning/ManufacturingPlan" containerName="ManufacturingPlan"  containerType="class" id="-1564595769" argList="(matrix.db.Context, com.matrixone.apps.domain.util.MapList)" abstract="This method disconnects unimplemented Objects" />
<method name="expandManufacturingPlanMatrixStructure" initial="e" htmlFileName="com/matrixone/apps/dmcplanning/ManufacturingPlan" containerName="ManufacturingPlan"  containerType="class" id="179045349" argList="(matrix.db.Context, java.lang.String[])" abstract="This method is called internally by expandMasterFeatureStructure" />
<method name="getArchivedManufacturingPlan" initial="g" htmlFileName="com/matrixone/apps/dmcplanning/ManufacturingPlan" containerName="ManufacturingPlan"  containerType="class" id="699591183" argList="(matrix.db.Context, matrix.util.StringList, matrix.util.StringList, int, int)" abstract="" deprecated="since R418" />
<method name="getBackwardDerivationChain" initial="g" htmlFileName="com/matrixone/apps/dmcplanning/ManufacturingPlan" containerName="ManufacturingPlan"  containerType="class" id="1039872177" argList="(matrix.db.Context, java.lang.String)" abstract="Include Program to get backward derivations of the selected Manufacturing" />
<method name="getChildsFromMaster" initial="g" htmlFileName="com/matrixone/apps/dmcplanning/ManufacturingPlan" containerName="ManufacturingPlan"  containerType="class" id="2032734041" argList="(matrix.db.Context, matrix.util.StringList, matrix.util.StringList, int, int, java.lang.String)" abstract="" />
<method name="getDerivedMap" initial="g" htmlFileName="com/matrixone/apps/dmcplanning/ManufacturingPlan" containerName="ManufacturingPlan"  containerType="class" id="-735992587" argList="(matrix.db.Context, java.lang.String)" abstract="" />
<method name="getDesignComposition" initial="g" htmlFileName="com/matrixone/apps/dmcplanning/ManufacturingPlan" containerName="ManufacturingPlan"  containerType="class" id="73346902" argList="(matrix.db.Context, java.lang.String)" abstract="This methods returns context Manufacturing Plan related Product technical structure with the related Model information." />
<method name="getIconForCheck" initial="g" htmlFileName="com/matrixone/apps/dmcplanning/ManufacturingPlan" containerName="ManufacturingPlan"  containerType="class" id="-2091801906" argList="(matrix.db.Context, java.lang.Object, java.lang.String, java.lang.String)" abstract="This method is used to identify the check column icon of the Manufacturing Plan among the child Manufacturing Plans belonging to the" />
<method name="getLatestManufacturingPlanId" initial="g" htmlFileName="com/matrixone/apps/dmcplanning/ManufacturingPlan" containerName="ManufacturingPlan"  containerType="class" id="1298924101" argList="(matrix.db.Context, java.lang.String)" abstract="For the context, either Model or Product it will get the Root MP, and" />
<method name="getLatestRevision" initial="g" htmlFileName="com/matrixone/apps/dmcplanning/ManufacturingPlan" containerName="ManufacturingPlan"  containerType="class" id="647332984" argList="(matrix.db.Context, java.lang.String)" abstract="This Methods is used to get latest revision of Manufacturing Plan" />
<method name="getManufacturingPlanBreakdowns" initial="g" htmlFileName="com/matrixone/apps/dmcplanning/ManufacturingPlan" containerName="ManufacturingPlan"  containerType="class" id="975766819" argList="(matrix.db.Context, matrix.util.StringList, matrix.util.StringList, int, int)" abstract="This Methods is used to get all the Manufacturing Plan Breakdown connected to Manufacturing Plan" />
<method name="getManufacturingPlanContext" initial="g" htmlFileName="com/matrixone/apps/dmcplanning/ManufacturingPlan" containerName="ManufacturingPlan"  containerType="class" id="-753529186" argList="(matrix.db.Context)" abstract="this will return Map which will have the Manufacturing Plan context&apos;s" />
<method name="getManufacturingPlanDetail" initial="g" htmlFileName="com/matrixone/apps/dmcplanning/ManufacturingPlan" containerName="ManufacturingPlan"  containerType="class" id="-400356478" argList="(matrix.db.Context)" abstract="this will return Map which will have the Manufacturing Plan " />
<method name="getManufacturingPlanParent" initial="g" htmlFileName="com/matrixone/apps/dmcplanning/ManufacturingPlan" containerName="ManufacturingPlan"  containerType="class" id="1406472155" argList="(matrix.db.Context)" abstract="this will return Map which will have the Manufacturing Plan " />
<method name="getManufacturingPlans" initial="g" htmlFileName="com/matrixone/apps/dmcplanning/ManufacturingPlan" containerName="ManufacturingPlan"  containerType="class" id="95881410" argList="(matrix.db.Context, matrix.util.StringList, matrix.util.StringList, int, int)" abstract="This Methods is used to get all the Active Manufacturing Plans connected to the Product/Feature." />
<method name="getManufacturingPlanWhereUsed" initial="g" htmlFileName="com/matrixone/apps/dmcplanning/ManufacturingPlan" containerName="ManufacturingPlan"  containerType="class" id="2088283763" argList="(matrix.db.Context, matrix.util.StringList, matrix.util.StringList, int, int)" abstract="This Methods is used to get all the Manufacturing Plan Breakdown connected to Manufacturing Plan" />
<method name="getMasterFromContext" initial="g" htmlFileName="com/matrixone/apps/dmcplanning/ManufacturingPlan" containerName="ManufacturingPlan"  containerType="class" id="1899625773" argList="(matrix.db.Context, java.lang.String)" abstract="This Methods is used to get Master Feature" />
<method name="getMPBreakDownRelToUpdate" initial="g" htmlFileName="com/matrixone/apps/dmcplanning/ManufacturingPlan" containerName="ManufacturingPlan"  containerType="class" id="-531404299" argList="(matrix.db.Context, java.lang.String, java.lang.String)" abstract="This method returns the string connection id of relation &apos;Manufacturing Plan BreakDown&apos;, whose attribute &apos;Manufacturing Plan Preferred&apos;needs to be updated" />
<method name="getMPInStructure" initial="g" htmlFileName="com/matrixone/apps/dmcplanning/ManufacturingPlan" containerName="ManufacturingPlan"  containerType="class" id="-217221227" argList="(matrix.db.Context, java.lang.String, java.lang.String)" abstract="This method is called to get the Manufacturing Plan in selected Feature" />
<method name="getMPMFromMaster" initial="g" htmlFileName="com/matrixone/apps/dmcplanning/ManufacturingPlan" containerName="ManufacturingPlan"  containerType="class" id="-1628030784" argList="(matrix.db.Context, java.lang.String)" abstract="This Methods is used to get Manufacturing Plan Master" />
<method name="getMPsConnectedManufacturingPlans" initial="g" htmlFileName="com/matrixone/apps/dmcplanning/ManufacturingPlan" containerName="ManufacturingPlan"  containerType="class" id="-1577947845" argList="(matrix.db.Context, java.lang.String, java.lang.String)" abstract="This method is used to find out the Manufacturing Plan&apos;s connected Manufacturing Plans and their Features." />
<method name="getPrdSibling" initial="g" htmlFileName="com/matrixone/apps/dmcplanning/ManufacturingPlan" containerName="ManufacturingPlan"  containerType="class" id="1836582070" argList="(matrix.db.Context, java.lang.String)" abstract="This method returns siblings of  Products/Features" />
<method name="getPreferredManufacturingPlanBreakdowns" initial="g" htmlFileName="com/matrixone/apps/dmcplanning/ManufacturingPlan" containerName="ManufacturingPlan"  containerType="class" id="-1823182450" argList="(matrix.db.Context, matrix.util.StringList, matrix.util.StringList, int, int)" abstract="return only MPB which is preferred," />
<method name="getResolvedDesignToImplementObjects" initial="g" htmlFileName="com/matrixone/apps/dmcplanning/ManufacturingPlan" containerName="ManufacturingPlan"  containerType="class" id="-891285512" argList="(matrix.db.Context, com.matrixone.apps.domain.util.MapList)" abstract="This API  returns the context Manufacturing Plan related Product technical structure where there is NO OR for definition with the related Model information" />
<method name="getTechnicalStructure" initial="g" htmlFileName="com/matrixone/apps/dmcplanning/ManufacturingPlan" containerName="ManufacturingPlan"  containerType="class" id="-311297140" argList="(matrix.db.Context, java.lang.String[])" abstract="Used As Wrapper method for getTechFeatAndManufactPlanBreakdown method" />
<method name="getUnresolvedDesignToImplementObjects" initial="g" htmlFileName="com/matrixone/apps/dmcplanning/ManufacturingPlan" containerName="ManufacturingPlan"  containerType="class" id="-222394095" argList="(matrix.db.Context, com.matrixone.apps.domain.util.MapList)" abstract="This API  returns the context Manufacturing Plan related Product technical structure where there is an OR for definition filtered by Model or Master Feature." />
<method name="insertManufacturingPlan" initial="i" htmlFileName="com/matrixone/apps/dmcplanning/ManufacturingPlan" containerName="ManufacturingPlan"  containerType="class" id="-903235890" argList="(matrix.db.Context, java.lang.String, matrix.util.StringList, java.lang.String, java.lang.String)" abstract="This method is used to create XML for selected objects" />
<method name="insertManufacturingPlanDerivation" initial="i" htmlFileName="com/matrixone/apps/dmcplanning/ManufacturingPlan" containerName="ManufacturingPlan"  containerType="class" id="-1784566235" argList="(matrix.db.Context, java.lang.String, java.lang.String, java.lang.String, java.lang.String, java.lang.String, java.lang.String, java.lang.String, java.util.HashMap, java.lang.String, java.lang.String)" abstract="This will clone MP depending on the strDerivedFromID, and will insert new" />
<method name="isFrozenState" initial="i" htmlFileName="com/matrixone/apps/dmcplanning/ManufacturingPlan" containerName="ManufacturingPlan"  containerType="class" id="116887879" argList="(matrix.db.Context, java.lang.String)" abstract="This is a Utility method to check if the passed business object is in frozen state or not." />
<method name="isMPMExist" initial="i" htmlFileName="com/matrixone/apps/dmcplanning/ManufacturingPlan" containerName="ManufacturingPlan"  containerType="class" id="676214839" argList="(matrix.db.Context, java.lang.String)" abstract="this will check if MPM exist, it can be used in Product and Model context" />
<method name="populateDerivation" initial="p" htmlFileName="com/matrixone/apps/dmcplanning/ManufacturingPlan" containerName="ManufacturingPlan"  containerType="class" id="872699969" argList="(matrix.db.Context, java.lang.String)" abstract="" />
<method name="reActivate" initial="r" htmlFileName="com/matrixone/apps/dmcplanning/ManufacturingPlan" containerName="ManufacturingPlan"  containerType="class" id="2146221894" argList="(matrix.db.Context, java.lang.String)" abstract="" deprecated="since R418" />
<method name="reActivate" initial="r" htmlFileName="com/matrixone/apps/dmcplanning/ManufacturingPlan" containerName="ManufacturingPlan"  containerType="class" id="2146221894" argList="(matrix.db.Context, matrix.util.StringList)" abstract="" deprecated="since R418" />
<method name="setAttributeValues" initial="s" htmlFileName="com/matrixone/apps/dmcplanning/ManufacturingPlan" containerName="ManufacturingPlan"  containerType="class" id="-617935588" argList="(matrix.db.Context, java.util.HashMap)" abstract="This Methods is used to set Attribute values of the context object" />
<method name="setContext" initial="s" htmlFileName="com/matrixone/apps/dmcplanning/ManufacturingPlan" containerName="ManufacturingPlan"  containerType="class" id="-2049767955" argList="(matrix.db.Context, java.lang.String)" abstract="This Methods is used to connect Manufacturing Plan and context object" />
<method name="setDerived" initial="s" htmlFileName="com/matrixone/apps/dmcplanning/ManufacturingPlan" containerName="ManufacturingPlan"  containerType="class" id="-1307263397" argList="(matrix.db.Context, java.lang.String)" abstract="This Methods is used to connect Manufacturing Plan and context Plan" />
<method name="setDescription" initial="s" htmlFileName="com/matrixone/apps/dmcplanning/ManufacturingPlan" containerName="ManufacturingPlan"  containerType="class" id="-566941382" argList="(matrix.db.Context, java.lang.String)" abstract="This Methods is used to set Description of the context object" />
<method name="setOwner" initial="s" htmlFileName="com/matrixone/apps/dmcplanning/ManufacturingPlan" containerName="ManufacturingPlan"  containerType="class" id="-77346191" argList="(matrix.db.Context, java.lang.String)" abstract="This Methods is used to set Owner of the context object" />
<method name="updateMPPrefferedValue" initial="u" htmlFileName="com/matrixone/apps/dmcplanning/ManufacturingPlan" containerName="ManufacturingPlan"  containerType="class" id="2014857678" argList="(matrix.db.Context)" abstract="" />
<method name="whereUsedManufacturingPlan" initial="w" htmlFileName="com/matrixone/apps/dmcplanning/ManufacturingPlan" containerName="ManufacturingPlan"  containerType="class" id="-613616733" argList="(matrix.db.Context, java.lang.Object, java.lang.String)" abstract="This method is used to identify which among the child Manufacturing Plans belongs to the" />
<constructor name="ManufacturingPlan" initial="M" htmlFileName="com/matrixone/apps/dmcplanning/ManufacturingPlan" containerName="ManufacturingPlan"  containerType="class" id="198560722" argList="()" abstract="Construct a new Manufacturing Plan." />
<constructor name="ManufacturingPlan" initial="M" htmlFileName="com/matrixone/apps/dmcplanning/ManufacturingPlan" containerName="ManufacturingPlan"  containerType="class" id="198560722" argList="(java.lang.String)" abstract="Construct a new Manufacturing Plan." />
<constructor name="ManufacturingPlan" initial="M" htmlFileName="com/matrixone/apps/dmcplanning/ManufacturingPlan" containerName="ManufacturingPlan"  containerType="class" id="198560722" argList="(matrix.db.BusinessObject)" abstract="Construct a new Manufacturing Plan based on an existing Business Object." />
<constructor name="ManufacturingPlan" initial="M" htmlFileName="com/matrixone/apps/dmcplanning/ManufacturingPlan" containerName="ManufacturingPlan"  containerType="class" id="198560722" argList="(com.matrixone.apps.domain.util.DecoratedOid)" abstract="Construct a new Manufacturing Plan object." />
<data name="DERIVATION_MAP" initial="D" htmlFileName="com/matrixone/apps/dmcplanning/ManufacturingPlan" containerName="ManufacturingPlan"  containerType="class" id="-1389168835" abstract="" />
<data name="OBJECT_ID" initial="O" htmlFileName="com/matrixone/apps/dmcplanning/ManufacturingPlan" containerName="ManufacturingPlan"  containerType="class" id="1614643556" abstract="A string constant with the value objectId." />
<data name="SELECT_MAIN_PRODUCTS_MODEL" initial="S" htmlFileName="com/matrixone/apps/dmcplanning/ManufacturingPlan" containerName="ManufacturingPlan"  containerType="class" id="-155750214" abstract="" />
<data name="SELECT_MASTER_FEATURE" initial="S" htmlFileName="com/matrixone/apps/dmcplanning/ManufacturingPlan" containerName="ManufacturingPlan"  containerType="class" id="1836711717" abstract="" />
<data name="SELECT_MODEL" initial="S" htmlFileName="com/matrixone/apps/dmcplanning/ManufacturingPlan" containerName="ManufacturingPlan"  containerType="class" id="2131887119" abstract="string constants added for R211" />
<data name="SUITE_KEY" initial="S" htmlFileName="com/matrixone/apps/dmcplanning/ManufacturingPlan" containerName="ManufacturingPlan"  containerType="class" id="-1578059039" abstract="" />
<class name="ManufacturingPlanUtil" initial="M" htmlFileName="com/matrixone/apps/dmcplanning/ManufacturingPlanUtil"  fatherClass="ProductLineCommon" fatherId="-1617377547" fatherType="class"  DSCharacteristic="class" id="486260142" abstract="" packageName="com.matrixone.apps.dmcplanning" packagePath="com/matrixone/apps/dmcplanning/" packageAbstract="" />
<method name="convertObjToStringList" initial="c" htmlFileName="com/matrixone/apps/dmcplanning/ManufacturingPlanUtil" containerName="ManufacturingPlanUtil"  containerType="class" id="-1760444274" argList="(matrix.db.Context, java.lang.Object)" abstract="This is a Utility method to convert the Object to StringList" />
<method name="convertStringListToString" initial="c" htmlFileName="com/matrixone/apps/dmcplanning/ManufacturingPlanUtil" containerName="ManufacturingPlanUtil"  containerType="class" id="892959214" argList="(matrix.db.Context, matrix.util.StringList)" abstract="This is a utility method used to convert the  values in the StringList to String with Comma separated" />
<method name="getAllRevisions" initial="g" htmlFileName="com/matrixone/apps/dmcplanning/ManufacturingPlanUtil" containerName="ManufacturingPlanUtil"  containerType="class" id="1793099981" argList="(matrix.db.Context, java.lang.String)" abstract="" />
<method name="getBasicObjectSelects" initial="g" htmlFileName="com/matrixone/apps/dmcplanning/ManufacturingPlanUtil" containerName="ManufacturingPlanUtil"  containerType="class" id="1455695392" argList="(matrix.db.Context)" abstract="This method is used to get the Basic Object Selects" />
<method name="getBasicRelSelects" initial="g" htmlFileName="com/matrixone/apps/dmcplanning/ManufacturingPlanUtil" containerName="ManufacturingPlanUtil"  containerType="class" id="-1269704778" argList="(matrix.db.Context)" abstract="This method is used to get the Basic Relationship Selects" />
<method name="geti18FrameworkString" initial="g" htmlFileName="com/matrixone/apps/dmcplanning/ManufacturingPlanUtil" containerName="ManufacturingPlanUtil"  containerType="class" id="1327026709" argList="(matrix.db.Context, java.lang.String)" abstract="" />
<method name="getLogicalFeatureStructure" initial="g" htmlFileName="com/matrixone/apps/dmcplanning/ManufacturingPlanUtil" containerName="ManufacturingPlanUtil"  containerType="class" id="647446544" argList="(matrix.db.Context, java.lang.String, java.lang.String, matrix.util.StringList, matrix.util.StringList, boolean, boolean, int, int, java.lang.String, java.lang.String, short, java.lang.String)" abstract="This is the Public API method to get the Logical Feature structure, based on the pattern provided." />
<method name="getObjectStructure" initial="g" htmlFileName="com/matrixone/apps/dmcplanning/ManufacturingPlanUtil" containerName="ManufacturingPlanUtil"  containerType="class" id="1767206334" argList="(matrix.db.Context, java.lang.String, java.lang.String, matrix.util.StringList, matrix.util.StringList, boolean, boolean, int, int, java.lang.String, java.lang.String, short, java.lang.String)" abstract="This method is used to get the level from the context of the Structure Browser." />
<method name="getRevisions" initial="g" htmlFileName="com/matrixone/apps/dmcplanning/ManufacturingPlanUtil" containerName="ManufacturingPlanUtil"  containerType="class" id="-1321648062" argList="(matrix.db.Context, java.lang.String, java.util.List, boolean)" abstract="Method to get all higher or lower revisions of the product which is in the" />
<method name="isCFPUser" initial="i" htmlFileName="com/matrixone/apps/dmcplanning/ManufacturingPlanUtil" containerName="ManufacturingPlanUtil"  containerType="class" id="-377675698" argList="(matrix.db.Context)" abstract="The Utility method return true if context user has &quot;ENO_CFP_TP&quot; License," />
<method name="isFrozenState" initial="i" htmlFileName="com/matrixone/apps/dmcplanning/ManufacturingPlanUtil" containerName="ManufacturingPlanUtil"  containerType="class" id="116887879" argList="(matrix.db.Context, java.lang.String)" abstract="This is a Utility method to check if the passed business object is in frozen state or not." />
<constructor name="ManufacturingPlanUtil" initial="M" htmlFileName="com/matrixone/apps/dmcplanning/ManufacturingPlanUtil" containerName="ManufacturingPlanUtil"  containerType="class" id="-54615952" argList="()" abstract="" />
<constructor name="ManufacturingPlanUtil" initial="M" htmlFileName="com/matrixone/apps/dmcplanning/ManufacturingPlanUtil" containerName="ManufacturingPlanUtil"  containerType="class" id="-54615952" argList="(matrix.db.BusinessObject)" abstract="" />
<constructor name="ManufacturingPlanUtil" initial="M" htmlFileName="com/matrixone/apps/dmcplanning/ManufacturingPlanUtil" containerName="ManufacturingPlanUtil"  containerType="class" id="-54615952" argList="(com.matrixone.apps.domain.util.DecoratedOid)" abstract="" />
<constructor name="ManufacturingPlanUtil" initial="M" htmlFileName="com/matrixone/apps/dmcplanning/ManufacturingPlanUtil" containerName="ManufacturingPlanUtil"  containerType="class" id="-54615952" argList="(java.lang.String)" abstract="" />
<class name="MasterFeature" initial="M" htmlFileName="com/matrixone/apps/dmcplanning/MasterFeature"  fatherClass="ProductLineCommon" fatherId="-1617377547" fatherType="class"  DSCharacteristic="class" id="-107447229" abstract="This class will have methods related to the Master Features." packageName="com.matrixone.apps.dmcplanning" packagePath="com/matrixone/apps/dmcplanning/" packageAbstract="" />
<method name="create" initial="c" htmlFileName="com/matrixone/apps/dmcplanning/MasterFeature" containerName="MasterFeature"  containerType="class" id="1592194044" argList="(matrix.db.Context, java.lang.String, java.lang.String, java.lang.String, java.lang.String, java.lang.String, java.lang.String, java.lang.String, java.lang.String, java.util.HashMap, java.util.HashMap)" abstract="This Method is used to create the Master Feature." />
<method name="createAndConnectFeatureRevision" initial="c" htmlFileName="com/matrixone/apps/dmcplanning/MasterFeature" containerName="MasterFeature"  containerType="class" id="-2139257150" argList="(matrix.db.Context, java.lang.String, java.lang.String, java.lang.String, java.lang.String, java.lang.String, java.lang.String, java.lang.String, java.lang.String, java.lang.String, java.lang.String, java.lang.String)" abstract="This is a public method used to create the Logical Feature  and connect to the context Master Feature with Managed Revision Relationship." />
<method name="deleteMasterFeature" initial="d" htmlFileName="com/matrixone/apps/dmcplanning/MasterFeature" containerName="MasterFeature"  containerType="class" id="-1277409975" argList="(matrix.db.Context, java.lang.String)" abstract="This method is used to delete one Master Feature" />
<method name="deleteMasterFeature" initial="d" htmlFileName="com/matrixone/apps/dmcplanning/MasterFeature" containerName="MasterFeature"  containerType="class" id="-1277409975" argList="(matrix.db.Context, matrix.util.StringList)" abstract="This method is used to delete one or More Master Features" />
<method name="expandTechnicalStructure" initial="e" htmlFileName="com/matrixone/apps/dmcplanning/MasterFeature" containerName="MasterFeature"  containerType="class" id="1747407312" argList="(matrix.db.Context, matrix.util.StringList, matrix.util.StringList, java.lang.String, int, int)" abstract="This method is used from the Model Context to get the Master Feature structure and its corresponding Managed Revisions " />
<method name="getManagedRevisions" initial="g" htmlFileName="com/matrixone/apps/dmcplanning/MasterFeature" containerName="MasterFeature"  containerType="class" id="1914310031" argList="(matrix.db.Context, matrix.util.StringList, matrix.util.StringList, int, int)" abstract="This method is used from the Master Feature Context to get the its corresponding Managed Revisions" />
<method name="getManagedRevisions" initial="g" htmlFileName="com/matrixone/apps/dmcplanning/MasterFeature" containerName="MasterFeature"  containerType="class" id="1914310031" argList="(matrix.db.Context, matrix.util.StringList, matrix.util.StringList, int, int, java.lang.String)" abstract="This method is used from the Master Feature Context to get the its corresponding Managed Revisions" />
<method name="getMasterFeatureStructure" initial="g" htmlFileName="com/matrixone/apps/dmcplanning/MasterFeature" containerName="MasterFeature"  containerType="class" id="1512509333" argList="(matrix.db.Context, matrix.util.StringList, matrix.util.StringList, int, int)" abstract="This method is used from the Model Context to get the Master Feature structure and its corresponding Managed Revisions " />
<method name="setAllocationType" initial="s" htmlFileName="com/matrixone/apps/dmcplanning/MasterFeature" containerName="MasterFeature"  containerType="class" id="823356476" argList="(matrix.db.Context, java.lang.String, java.lang.String)" abstract="This method is used to set the Feature Allocation type on the Managed Revision relationship" />
<method name="setContextId" initial="s" htmlFileName="com/matrixone/apps/dmcplanning/MasterFeature" containerName="MasterFeature"  containerType="class" id="-818740248" argList="(matrix.db.Context, java.lang.String)" abstract="This method is used to set context id in Design Effectivity" />
<constructor name="MasterFeature" initial="M" htmlFileName="com/matrixone/apps/dmcplanning/MasterFeature" containerName="MasterFeature"  containerType="class" id="-1638573243" argList="()" abstract="Construct a new Master Feature." />
<constructor name="MasterFeature" initial="M" htmlFileName="com/matrixone/apps/dmcplanning/MasterFeature" containerName="MasterFeature"  containerType="class" id="-1638573243" argList="(java.lang.String)" abstract="Construct a new Master Feature." />
<constructor name="MasterFeature" initial="M" htmlFileName="com/matrixone/apps/dmcplanning/MasterFeature" containerName="MasterFeature"  containerType="class" id="-1638573243" argList="(matrix.db.BusinessObject)" abstract="Construct a new Master Feature based on an existing Business Object." />
<constructor name="MasterFeature" initial="M" htmlFileName="com/matrixone/apps/dmcplanning/MasterFeature" containerName="MasterFeature"  containerType="class" id="-1638573243" argList="(com.matrixone.apps.domain.util.DecoratedOid)" abstract="Construct a new Master Feature object." />
<class name="Model" initial="M" htmlFileName="com/matrixone/apps/dmcplanning/Model"  fatherClass="Model" fatherId="2012045754" fatherType="class"  DSCharacteristic="class" id="-875020114" abstract="This class has the methods that will be used" packageName="com.matrixone.apps.dmcplanning" packagePath="com/matrixone/apps/dmcplanning/" packageAbstract="" />
<method name="connectModelTemplate" initial="c" htmlFileName="com/matrixone/apps/dmcplanning/Model" containerName="Model"  containerType="class" id="1130081529" argList="(matrix.db.Context, java.lang.String)" abstract="This method is used to connect a single Model or Master Feature to the Model with Model Template Relationship" />
<method name="connectModelTemplate" initial="c" htmlFileName="com/matrixone/apps/dmcplanning/Model" containerName="Model"  containerType="class" id="1130081529" argList="(matrix.db.Context, matrix.util.StringList)" abstract="This method is used to connect one or more Model or Master Features  or both to the Model with Model Template Relationship" />
<method name="disconnectModelTemplate" initial="d" htmlFileName="com/matrixone/apps/dmcplanning/Model" containerName="Model"  containerType="class" id="-1025624441" argList="(matrix.db.Context, java.lang.String)" abstract="This method is used to disconnect a single Model or Master Feature or bothfrom the " />
<method name="disconnectModelTemplate" initial="d" htmlFileName="com/matrixone/apps/dmcplanning/Model" containerName="Model"  containerType="class" id="-1025624441" argList="(matrix.db.Context, matrix.util.StringList)" abstract="This method is used to disconnect a one or more Models or Master Features or both from the " />
<method name="getManagedRevisions" initial="g" htmlFileName="com/matrixone/apps/dmcplanning/Model" containerName="Model"  containerType="class" id="1914310031" argList="(matrix.db.Context)" abstract="" />
<method name="getManufacturingPlanDerivationRoot" initial="g" htmlFileName="com/matrixone/apps/dmcplanning/Model" containerName="Model"  containerType="class" id="369912938" argList="(matrix.db.Context)" abstract="This method is used to get the ROOT MP in the Derivation Structure" />
<method name="getManufacturingPlanRevision" initial="g" htmlFileName="com/matrixone/apps/dmcplanning/Model" containerName="Model"  containerType="class" id="-1042978100" argList="(matrix.db.Context)" abstract="This will return Manufacturing Plans which are connected with Main" />
<method name="getMasterComposition" initial="g" htmlFileName="com/matrixone/apps/dmcplanning/Model" containerName="Model"  containerType="class" id="862545970" argList="(matrix.db.Context, int, java.lang.String)" abstract="" />
<method name="getModelEffectivityStructure" initial="g" htmlFileName="com/matrixone/apps/dmcplanning/Model" containerName="Model"  containerType="class" id="2102078198" argList="(matrix.db.Context, matrix.util.StringList, matrix.util.StringList, int, int, java.lang.String, java.lang.String, java.lang.String)" abstract="gets the master composition of the selected model" />
<constructor name="Model" initial="M" htmlFileName="com/matrixone/apps/dmcplanning/Model" containerName="Model"  containerType="class" id="-420682896" argList="()" abstract="Constructor of the Model class" />
<constructor name="Model" initial="M" htmlFileName="com/matrixone/apps/dmcplanning/Model" containerName="Model"  containerType="class" id="-420682896" argList="(java.lang.String)" abstract="Constructor of the Model class" />
<constructor name="Model" initial="M" htmlFileName="com/matrixone/apps/dmcplanning/Model" containerName="Model"  containerType="class" id="-420682896" argList="(matrix.db.BusinessObject)" abstract="Constructor of the Model class" />
<constructor name="Model" initial="M" htmlFileName="com/matrixone/apps/dmcplanning/Model" containerName="Model"  containerType="class" id="-420682896" argList="(com.matrixone.apps.domain.util.DecoratedOid)" abstract="Constructor of the Model class" />
<class name="Product" initial="P" htmlFileName="com/matrixone/apps/dmcplanning/Product"  fatherClass="Product" fatherId="-875200716" fatherType="class"  DSCharacteristic="class" id="532700712" abstract="" packageName="com.matrixone.apps.dmcplanning" packagePath="com/matrixone/apps/dmcplanning/" packageAbstract="" />
<method name="checkBeforeEditDesignEffectivity" initial="c" htmlFileName="com/matrixone/apps/dmcplanning/Product" containerName="Product"  containerType="class" id="404250241" argList="(matrix.db.Context, matrix.util.StringList, matrix.util.StringList)" abstract="This will called on cliok of done as Ajax call to check if deselection" />
<method name="createManufacturingPlan" initial="c" htmlFileName="com/matrixone/apps/dmcplanning/Product" containerName="Product"  containerType="class" id="1039903467" argList="(matrix.db.Context, java.lang.String, java.lang.String, java.lang.String, java.lang.String, java.lang.String, java.lang.String, java.lang.String, java.util.HashMap, java.lang.String)" abstract="" deprecated="since R418" />
<method name="editDesignEffectivity" initial="e" htmlFileName="com/matrixone/apps/dmcplanning/Product" containerName="Product"  containerType="class" id="-1852365080" argList="(matrix.db.Context, matrix.util.StringList, matrix.util.StringList)" abstract="This method is called for edit of the Design Effectivity" />
<method name="editManufacturingPlanImplements" initial="e" htmlFileName="com/matrixone/apps/dmcplanning/Product" containerName="Product"  containerType="class" id="-639363283" argList="(matrix.db.Context, com.matrixone.apps.dmcplanning.ManufacturingPlan)" abstract="This method decides which Products/Features should be connected with the Manufacturing Plan with relationship &apos;Manufacturing Plan Implements&apos;, based on the technical structure of a Product." />
<method name="getArchivedManufacturingPlan" initial="g" htmlFileName="com/matrixone/apps/dmcplanning/Product" containerName="Product"  containerType="class" id="699591183" argList="(matrix.db.Context, matrix.util.StringList, matrix.util.StringList, int, int)" abstract="" deprecated="since R418" />
<method name="getEffectivityStructure" initial="g" htmlFileName="com/matrixone/apps/dmcplanning/Product" containerName="Product"  containerType="class" id="1641375065" argList="(matrix.db.Context, java.lang.String)" abstract="call the API to get the Design Effectivity structure of the Master Features and Models which belongs to Model Template" />
<method name="getEffectivityStructureHTMLDisplay" initial="g" htmlFileName="com/matrixone/apps/dmcplanning/Product" containerName="Product"  containerType="class" id="47420830" argList="(matrix.db.Context, com.matrixone.apps.domain.util.MapList)" abstract="This method is used to build the HTML of Design Effectivity structure" />
<method name="getHTMLforInsertManagedSeries" initial="g" htmlFileName="com/matrixone/apps/dmcplanning/Product" containerName="Product"  containerType="class" id="-539530891" argList="(matrix.db.Context, java.lang.String)" abstract="This method is used to get html content for inserting db chooser members" />
<method name="getManufacturingPlanBreakdowns" initial="g" htmlFileName="com/matrixone/apps/dmcplanning/Product" containerName="Product"  containerType="class" id="975766819" argList="(matrix.db.Context, matrix.util.StringList, matrix.util.StringList, int, int)" abstract="This Methods is used to get all the Manufacturing Plan Breakdown connected to Manufacturing Plan." />
<method name="getManufacturingPlans" initial="g" htmlFileName="com/matrixone/apps/dmcplanning/Product" containerName="Product"  containerType="class" id="95881410" argList="(matrix.db.Context, matrix.util.StringList, matrix.util.StringList, int, int)" abstract="This Methods is used to get all the Active Manufacturing Plans connected to the Feature." />
<method name="getManufacturingPlansComposition" initial="g" htmlFileName="com/matrixone/apps/dmcplanning/Product" containerName="Product"  containerType="class" id="-1295373944" argList="(matrix.db.Context, matrix.util.StringList, matrix.util.StringList, int, int)" abstract="program JPO method which is used to render MP In Product context." />
<method name="getManufacturingPlanWhereUsed" initial="g" htmlFileName="com/matrixone/apps/dmcplanning/Product" containerName="Product"  containerType="class" id="2088283763" argList="(matrix.db.Context, matrix.util.StringList, matrix.util.StringList, int, int)" abstract="This Methods is used to get all the Manufacturing Plan Breakdown connected to Manufacturing Plan on the To side." />
<method name="hasLatestMPInBackwardChain" initial="h" htmlFileName="com/matrixone/apps/dmcplanning/Product" containerName="Product"  containerType="class" id="-431375947" argList="(matrix.db.Context, java.lang.String)" abstract="" />
<method name="hasRootMPOnBackwardChain" initial="h" htmlFileName="com/matrixone/apps/dmcplanning/Product" containerName="Product"  containerType="class" id="-14529344" argList="(matrix.db.Context)" abstract="returns true, if we have Root Manufacturing Plan exist on the backward derivation chain of the product, else returns false" />
<method name="revise" initial="r" htmlFileName="com/matrixone/apps/dmcplanning/Product" containerName="Product"  containerType="class" id="114523128" argList="(matrix.db.Context, java.util.HashMap)" abstract="This method is used to revise the given prouduct, and set the description passed" />
<method name="reviseAndUpdateDesignEffectivity" initial="r" htmlFileName="com/matrixone/apps/dmcplanning/Product" containerName="Product"  containerType="class" id="286147914" argList="(matrix.db.Context, java.lang.String, java.lang.String, matrix.util.StringList, matrix.util.StringList)" abstract="This method is used to revise the given prouduct and update the Design Effectivity based on the selections passed" />
<constructor name="Product" initial="P" htmlFileName="com/matrixone/apps/dmcplanning/Product" containerName="Product"  containerType="class" id="-146571926" argList="()" abstract="Construct a new Product." />
<constructor name="Product" initial="P" htmlFileName="com/matrixone/apps/dmcplanning/Product" containerName="Product"  containerType="class" id="-146571926" argList="(java.lang.String)" abstract="Construct a new Product." />
<constructor name="Product" initial="P" htmlFileName="com/matrixone/apps/dmcplanning/Product" containerName="Product"  containerType="class" id="-146571926" argList="(matrix.db.BusinessObject)" abstract="Construct a new Product based on an existing Business Object." />
<constructor name="Product" initial="P" htmlFileName="com/matrixone/apps/dmcplanning/Product" containerName="Product"  containerType="class" id="-146571926" argList="(com.matrixone.apps.domain.util.DecoratedOid)" abstract="Construct a new Product object." />
<data name="IS_PRODUCT_EDIT_ACTION" initial="I" htmlFileName="com/matrixone/apps/dmcplanning/Product" containerName="Product"  containerType="class" id="-13106673" abstract="" />
<data name="SUITE_KEY" initial="S" htmlFileName="com/matrixone/apps/dmcplanning/Product" containerName="Product"  containerType="class" id="-1578059039" abstract="" />
<class name="ProductVariant" initial="P" htmlFileName="com/matrixone/apps/dmcplanning/ProductVariant"  fatherClass="ProductLineCommon" fatherId="-1617377547" fatherType="class"  DSCharacteristic="class" id="138096993" abstract="" packageName="com.matrixone.apps.dmcplanning" packagePath="com/matrixone/apps/dmcplanning/" packageAbstract="" />
<method name="createManufacturingPlan" initial="c" htmlFileName="com/matrixone/apps/dmcplanning/ProductVariant" containerName="ProductVariant"  containerType="class" id="1039903467" argList="(matrix.db.Context, java.lang.String, java.lang.String, java.lang.String, java.lang.String, java.lang.String, java.lang.String, java.lang.String, java.util.HashMap, java.lang.String)" abstract="" deprecated="since R418" />
<method name="getArchivedManufacturingPlan" initial="g" htmlFileName="com/matrixone/apps/dmcplanning/ProductVariant" containerName="ProductVariant"  containerType="class" id="699591183" argList="(matrix.db.Context, matrix.util.StringList, matrix.util.StringList, int, int)" abstract="" deprecated="since R418" />
<method name="getManufacturingPlanBreakdowns" initial="g" htmlFileName="com/matrixone/apps/dmcplanning/ProductVariant" containerName="ProductVariant"  containerType="class" id="975766819" argList="(matrix.db.Context, matrix.util.StringList, matrix.util.StringList, int, int)" abstract="This Methods is used to get all the Manufacturing Plan Breakdown connected to Manufacturing Plan." />
<method name="getManufacturingPlans" initial="g" htmlFileName="com/matrixone/apps/dmcplanning/ProductVariant" containerName="ProductVariant"  containerType="class" id="95881410" argList="(matrix.db.Context, matrix.util.StringList, matrix.util.StringList, int, int)" abstract="This Methods is used to get all the Active Manufacturing Plans connected to the Feature." />
<method name="getManufacturingPlanWhereUsed" initial="g" htmlFileName="com/matrixone/apps/dmcplanning/ProductVariant" containerName="ProductVariant"  containerType="class" id="2088283763" argList="(matrix.db.Context, matrix.util.StringList, matrix.util.StringList, int, int)" abstract="This Methods is used to get all the Manufacturing Plan Breakdown connected to Manufacturing Plan on the To side." />
<constructor name="ProductVariant" initial="P" htmlFileName="com/matrixone/apps/dmcplanning/ProductVariant" containerName="ProductVariant"  containerType="class" id="-1504230941" argList="()" abstract="Construct a new Product Variant." />
<constructor name="ProductVariant" initial="P" htmlFileName="com/matrixone/apps/dmcplanning/ProductVariant" containerName="ProductVariant"  containerType="class" id="-1504230941" argList="(java.lang.String)" abstract="Construct a new Product Variant." />
<constructor name="ProductVariant" initial="P" htmlFileName="com/matrixone/apps/dmcplanning/ProductVariant" containerName="ProductVariant"  containerType="class" id="-1504230941" argList="(matrix.db.BusinessObject)" abstract="Construct a new Product Variant based on an existing Business Object." />
<constructor name="ProductVariant" initial="P" htmlFileName="com/matrixone/apps/dmcplanning/ProductVariant" containerName="ProductVariant"  containerType="class" id="-1504230941" argList="(com.matrixone.apps.domain.util.DecoratedOid)" abstract="Construct a new Product Variant object." />
</fw>

