<?xml version="1.0" encoding="utf-8"?>
<fw name="ENODesignManufacturingPlanning" footer="Copyright &#169; 1999-2016, Dassault Syst&#232;mes. All rights reserved. ">
<class name="CFPModelBase_mxJPO" initial="C" htmlFileName="CFPModelBase_mxJPO"  fatherClass="emxDomainObject_mxJPO" fatherId="650721573" fatherType="class"  DSCharacteristic="class" id="1054608479" abstract="This JPO class has some methods pertaining to Master Feature." packageName="NoPackage" packagePath="" packageAbstract="" />
<method name="getCellvalueJPO" initial="g" htmlFileName="CFPModelBase_mxJPO" containerName="CFPModelBase_mxJPO"  containerType="class" id="1420096055" argList="(matrix.db.Context, java.lang.String[])" abstract="gets the cellvalue and updates the cell after editing the Design Effectivity" />
<method name="getColumnsforEditEffectivityGrid" initial="g" htmlFileName="CFPModelBase_mxJPO" containerName="CFPModelBase_mxJPO"  containerType="class" id="812960369" argList="(matrix.db.Context, java.lang.String[])" abstract="gets column for the Design effevtivity grid  and pass it on to GridComponent" />
<method name="getColValuesForDesignEffectivityMatrix" initial="g" htmlFileName="CFPModelBase_mxJPO" containerName="CFPModelBase_mxJPO"  containerType="class" id="-2039558019" argList="(matrix.db.Context, java.lang.String[])" abstract="gets Column for the Design effevtivity grid and pass it on to GridComponent" />
<method name="getManagedRevisions" initial="g" htmlFileName="CFPModelBase_mxJPO" containerName="CFPModelBase_mxJPO"  containerType="class" id="2067502326" argList="(matrix.db.Context, java.lang.String[])" abstract="gets the Managed Revisions of the Master Composition" />
<method name="getManufacturingPlanRevision" initial="g" htmlFileName="CFPModelBase_mxJPO" containerName="CFPModelBase_mxJPO"  containerType="class" id="1501503091" argList="(matrix.db.Context, java.lang.String[])" abstract="Program defined to return Maplist which will hold Manufacturing Plan" />
<method name="getMasterComposition" initial="g" htmlFileName="CFPModelBase_mxJPO" containerName="CFPModelBase_mxJPO"  containerType="class" id="-1360749735" argList="(matrix.db.Context, java.lang.String[])" abstract="get the Master Composition associated to Model" />
<method name="getMasterCompositionUsage" initial="g" htmlFileName="CFPModelBase_mxJPO" containerName="CFPModelBase_mxJPO"  containerType="class" id="1826346486" argList="(matrix.db.Context, java.lang.String[])" abstract="get Mastercompsition  Usage ." />
<method name="getMasterCompositionUsageRange" initial="g" htmlFileName="CFPModelBase_mxJPO" containerName="CFPModelBase_mxJPO"  containerType="class" id="-1543953387" argList="(matrix.db.Context, java.lang.String[])" abstract="This method gets the range of values for the displayed" />
<method name="getPFLUsageRange" initial="g" htmlFileName="CFPModelBase_mxJPO" containerName="CFPModelBase_mxJPO"  containerType="class" id="226555107" argList="(matrix.db.Context, java.lang.String[])" abstract="This method gets the range of values for the displayed" />
<method name="getRowsForDesignEffectivityMatrix" initial="g" htmlFileName="CFPModelBase_mxJPO" containerName="CFPModelBase_mxJPO"  containerType="class" id="1366745280" argList="(matrix.db.Context, java.lang.String[])" abstract="gets rows for the Design effevtivity grid  and pass it on to GridComponent" />
<method name="getRowsforEditEffectivityGrid" initial="g" htmlFileName="CFPModelBase_mxJPO" containerName="CFPModelBase_mxJPO"  containerType="class" id="1374872857" argList="(matrix.db.Context, java.lang.String[])" abstract="gets rows for the Design effevtivity grid  and pass it on to GridComponent" />
<method name="mxMain" initial="m" htmlFileName="CFPModelBase_mxJPO" containerName="CFPModelBase_mxJPO"  containerType="class" id="-273537365" argList="(matrix.db.Context, java.lang.String[])" abstract="Main entry point." />
<method name="updateFeatureUsageforGrid" initial="u" htmlFileName="CFPModelBase_mxJPO" containerName="CFPModelBase_mxJPO"  containerType="class" id="-1023682846" argList="(matrix.db.Context, java.lang.String[])" abstract="Update the Design effectivity Matrix  cell values." />
<method name="updateMasterCompositionUsageRange" initial="u" htmlFileName="CFPModelBase_mxJPO" containerName="CFPModelBase_mxJPO"  containerType="class" id="-629389566" argList="(matrix.db.Context, java.lang.String[])" abstract="used Mastercompsition  Usage feild." />
<constructor name="CFPModelBase_mxJPO" initial="C" htmlFileName="CFPModelBase_mxJPO" containerName="CFPModelBase_mxJPO"  containerType="class" id="824642036" argList="(matrix.db.Context, java.lang.String[])" abstract="Default Constructor." />
<data name="languageStr" initial="l" htmlFileName="CFPModelBase_mxJPO" containerName="CFPModelBase_mxJPO"  containerType="class" id="227555753" abstract="" />
<data name="RELATIONSHIP_DERIVED_ABSTRACT" initial="R" htmlFileName="CFPModelBase_mxJPO" containerName="CFPModelBase_mxJPO"  containerType="class" id="-52545477" abstract="" />
<data name="SUITE_KEY" initial="S" htmlFileName="CFPModelBase_mxJPO" containerName="CFPModelBase_mxJPO"  containerType="class" id="504178888" abstract="" />
<class name="CFPModel_mxJPO" initial="C" htmlFileName="CFPModel_mxJPO"  fatherClass="CFPModelBase_mxJPO" fatherId="1054608479" fatherType="class"  DSCharacteristic="class" id="1764973998" abstract="This JPO class has some methods pertaining to Master Feature Extension." packageName="NoPackage" packagePath="" packageAbstract="" />
<method name="mxMain" initial="m" htmlFileName="CFPModel_mxJPO" containerName="CFPModel_mxJPO"  containerType="class" id="-273537365" argList="(matrix.db.Context, java.lang.String[])" abstract="Main entry point." />
<constructor name="CFPModel_mxJPO" initial="C" htmlFileName="CFPModel_mxJPO" containerName="CFPModel_mxJPO"  containerType="class" id="-249098043" argList="(matrix.db.Context, java.lang.String[])" abstract="Create a new ${CLASS:emxManufacturingPlanBase} object from a given id." />
<class name="ManufacturingPlanBase_mxJPO" initial="M" htmlFileName="ManufacturingPlanBase_mxJPO"  fatherClass="emxDomainObject_mxJPO" fatherId="650721573" fatherType="class"  DSCharacteristic="class" id="1177943210" abstract="This JPO class has some methods pertaining to Manufacturing Plan." packageName="NoPackage" packagePath="" packageAbstract="" />
<method name="changeManufacturingPlanMasterName" initial="c" htmlFileName="ManufacturingPlanBase_mxJPO" containerName="ManufacturingPlanBase_mxJPO"  containerType="class" id="-1265899573" argList="(matrix.db.Context, java.lang.String[])" abstract="This method is called by trigger on ChangeName of Model / MasterFeature to" />
<method name="CheckAssociatedPlan" initial="C" htmlFileName="ManufacturingPlanBase_mxJPO" containerName="ManufacturingPlanBase_mxJPO"  containerType="class" id="1978629310" argList="(matrix.db.Context, java.lang.String[])" abstract="This method is called by trigger when user tries to promote Manufacturing Plan from" />
<method name="CheckAssociatedPlanOnPrd" initial="C" htmlFileName="ManufacturingPlanBase_mxJPO" containerName="ManufacturingPlanBase_mxJPO"  containerType="class" id="1528261843" argList="(matrix.db.Context, java.lang.String[])" abstract="" />
<method name="checkConsistency" initial="c" htmlFileName="ManufacturingPlanBase_mxJPO" containerName="ManufacturingPlanBase_mxJPO"  containerType="class" id="-1423315049" argList="(matrix.db.Context, java.lang.String[])" abstract="This method returns the check icon of the column Check in the table CFPEditManufacturingPlanBreakdownTable" />
<method name="CheckIfCompliant" initial="C" htmlFileName="ManufacturingPlanBase_mxJPO" containerName="ManufacturingPlanBase_mxJPO"  containerType="class" id="-1843848675" argList="(matrix.db.Context, java.lang.String[])" abstract="Trigger method to check if a Manufacturing Plan is Compliant" />
<method name="checkIfDerivedMPDerivationReleased" initial="c" htmlFileName="ManufacturingPlanBase_mxJPO" containerName="ManufacturingPlanBase_mxJPO"  containerType="class" id="-2036666730" argList="(matrix.db.Context, java.lang.String[])" abstract="It will be demote trigger called when demoting MP from Release to" />
<method name="checkIfPreviousMPDerivationReleased" initial="c" htmlFileName="ManufacturingPlanBase_mxJPO" containerName="ManufacturingPlanBase_mxJPO"  containerType="class" id="1950361050" argList="(matrix.db.Context, java.lang.String[])" abstract="Method call as a trigger to check if the previous MP of current MP is in " />
<method name="checkIfProductReleased" initial="c" htmlFileName="ManufacturingPlanBase_mxJPO" containerName="ManufacturingPlanBase_mxJPO"  containerType="class" id="878190766" argList="(matrix.db.Context, java.lang.String[])" abstract="This is the check trigger which will check If Context product of Manufacturing Plan is not in release/obselete state," />
<method name="checkIfUsedInReleasedMPBreakdown" initial="c" htmlFileName="ManufacturingPlanBase_mxJPO" containerName="ManufacturingPlanBase_mxJPO"  containerType="class" id="-907319135" argList="(matrix.db.Context, java.lang.String[])" abstract="This is the check trigger which will check on delete of MP, if it is being used in any Released MP as MPB" />
<method name="checkProductManufacturingPlanConsistency" initial="c" htmlFileName="ManufacturingPlanBase_mxJPO" containerName="ManufacturingPlanBase_mxJPO"  containerType="class" id="1550880287" argList="(matrix.db.Context, java.lang.String[])" abstract="This method returns the check icon of the column Check in the table CFPManufacturingPlanContextSummaryTable" />
<method name="connectManufacturingPlan" initial="c" htmlFileName="ManufacturingPlanBase_mxJPO" containerName="ManufacturingPlanBase_mxJPO"  containerType="class" id="623564196" argList="(matrix.db.Context, java.lang.String[])" abstract="This is connection program .It is called on &quot;Apply&quot; in Edit Page" />
<method name="connectToPreviousRevision" initial="c" htmlFileName="ManufacturingPlanBase_mxJPO" containerName="ManufacturingPlanBase_mxJPO"  containerType="class" id="1868004222" argList="(matrix.db.Context, java.lang.String[])" abstract="This is a trigger method called on Managed Series relationship" />
<method name="createManufacturingPlan" initial="c" htmlFileName="ManufacturingPlanBase_mxJPO" containerName="ManufacturingPlanBase_mxJPO"  containerType="class" id="-757242542" argList="(matrix.db.Context, java.lang.String[])" abstract="This Methods is used to create Manufacturing Plan object" />
<method name="createManufacturingPlanJPO" initial="c" htmlFileName="ManufacturingPlanBase_mxJPO" containerName="ManufacturingPlanBase_mxJPO"  containerType="class" id="-2083703515" argList="(matrix.db.Context, java.lang.String[])" abstract="To create the Manufacturing Plan object from create component" />
<method name="deleteConnectedManufacturingPlans" initial="d" htmlFileName="ManufacturingPlanBase_mxJPO" containerName="ManufacturingPlanBase_mxJPO"  containerType="class" id="1493177905" argList="(matrix.db.Context, java.lang.String[])" abstract="This method is used to delete the associated manufacturing plans of a Feature or Product when Feature or Product is deleted." />
<method name="deleteManufacturingPlanMaster" initial="d" htmlFileName="ManufacturingPlanBase_mxJPO" containerName="ManufacturingPlanBase_mxJPO"  containerType="class" id="-1538620987" argList="(matrix.db.Context, java.lang.String[])" abstract="This method is called by trigger to delete Manufacturing Plan Master when" />
<method name="disconnectManufacturingPlanOfProduct" initial="d" htmlFileName="ManufacturingPlanBase_mxJPO" containerName="ManufacturingPlanBase_mxJPO"  containerType="class" id="-1365307660" argList="(matrix.db.Context, java.lang.String[])" abstract="Method for disconnect the MPB on removing of Product" />
<method name="disconnectManufacturingPlanOnLFReplace" initial="d" htmlFileName="ManufacturingPlanBase_mxJPO" containerName="ManufacturingPlanBase_mxJPO"  containerType="class" id="716291895" argList="(matrix.db.Context, java.lang.String[])" abstract="Method for disconnect the ManufacturingPlan relationship of Logical Feature" />
<method name="displayContext" initial="d" htmlFileName="ManufacturingPlanBase_mxJPO" containerName="ManufacturingPlanBase_mxJPO"  containerType="class" id="-633159052" argList="(matrix.db.Context, java.lang.String[])" abstract="This Methods is used to get context of Manufacturing Plan" />
<method name="displayContextInMPSummary" initial="d" htmlFileName="ManufacturingPlanBase_mxJPO" containerName="ManufacturingPlanBase_mxJPO"  containerType="class" id="-803814120" argList="(matrix.db.Context, java.lang.String[])" abstract="This Methods is used to get context of Manufacturing Plan" />
<method name="displayContextInPropertyPage" initial="d" htmlFileName="ManufacturingPlanBase_mxJPO" containerName="ManufacturingPlanBase_mxJPO"  containerType="class" id="2136411869" argList="(matrix.db.Context, java.lang.String[])" abstract="This will be used in getting the context object icon name revison for" />
<method name="displayContextInSearchPage" initial="d" htmlFileName="ManufacturingPlanBase_mxJPO" containerName="ManufacturingPlanBase_mxJPO"  containerType="class" id="299040112" argList="(matrix.db.Context, java.lang.String[])" abstract="This will be used in getting the context object icon name revision for" />
<method name="displayDerivedFrom" initial="d" htmlFileName="ManufacturingPlanBase_mxJPO" containerName="ManufacturingPlanBase_mxJPO"  containerType="class" id="1380745004" argList="(matrix.db.Context, java.lang.String[])" abstract="This Methods is Used to display derived from field" />
<method name="displayDerivedFromInColumn" initial="d" htmlFileName="ManufacturingPlanBase_mxJPO" containerName="ManufacturingPlanBase_mxJPO"  containerType="class" id="-1405501209" argList="(matrix.db.Context, java.lang.String[])" abstract="This will be column JPO which will show the derived from column details" />
<method name="displayDerivedFromPropertyPage" initial="d" htmlFileName="ManufacturingPlanBase_mxJPO" containerName="ManufacturingPlanBase_mxJPO"  containerType="class" id="-1498549552" argList="(matrix.db.Context, java.lang.String[])" abstract="This will be used in getting the derived from object&apos;s icon name for" />
<method name="emptyProgram" initial="e" htmlFileName="ManufacturingPlanBase_mxJPO" containerName="ManufacturingPlanBase_mxJPO"  containerType="class" id="273172702" argList="(matrix.db.Context, java.lang.String[])" abstract="Method which does not do anything, But require as Update Program for revision field in Create Page of MF" />
<method name="expandManufacturingPlanMatrix" initial="e" htmlFileName="ManufacturingPlanBase_mxJPO" containerName="ManufacturingPlanBase_mxJPO"  containerType="class" id="-945115819" argList="(matrix.db.Context, java.lang.String[])" abstract="Used As Wrapper method for expandManufacturingPlanMatrixStructure method" />
<method name="getActiveManufacturingPlans" initial="g" htmlFileName="ManufacturingPlanBase_mxJPO" containerName="ManufacturingPlanBase_mxJPO"  containerType="class" id="-1052259185" argList="(matrix.db.Context, java.lang.String[])" abstract="This Methods is used to get all the Active Manufacturing Plans connected to the Product/Feature." />
<method name="getArchivedContextObject" initial="g" htmlFileName="ManufacturingPlanBase_mxJPO" containerName="ManufacturingPlanBase_mxJPO"  containerType="class" id="1805953661" argList="(matrix.db.Context, java.lang.String[])" abstract="/**" deprecated="" />
<method name="getArchivedDerivedFrom" initial="g" htmlFileName="ManufacturingPlanBase_mxJPO" containerName="ManufacturingPlanBase_mxJPO"  containerType="class" id="1781097814" argList="(matrix.db.Context, java.lang.String[])" abstract="This Methods gets Derivedform values throw &quot;objectList&quot; key present in args passed by expandprogram" deprecated="" />
<method name="getArchivedDescription" initial="g" htmlFileName="ManufacturingPlanBase_mxJPO" containerName="ManufacturingPlanBase_mxJPO"  containerType="class" id="79346731" argList="(matrix.db.Context, java.lang.String[])" abstract="This Methods gets Description values throw &quot;objectList&quot; key present in args passed by expandprogram" deprecated="" />
<method name="getArchivedManufacturingPlans" initial="g" htmlFileName="ManufacturingPlanBase_mxJPO" containerName="ManufacturingPlanBase_mxJPO"  containerType="class" id="1211802603" argList="(matrix.db.Context, java.lang.String[])" abstract="This Methods is used to get all the Archived Manufacturing Plans connected to the Product/Feature." deprecated="" />
<method name="getArchivedName" initial="g" htmlFileName="ManufacturingPlanBase_mxJPO" containerName="ManufacturingPlanBase_mxJPO"  containerType="class" id="420188010" argList="(matrix.db.Context, java.lang.String[])" abstract="This Methods gets Name values throw &quot;objectList&quot; key present in args passed by expandprogram" deprecated="" />
<method name="getArchivedOwner" initial="g" htmlFileName="ManufacturingPlanBase_mxJPO" containerName="ManufacturingPlanBase_mxJPO"  containerType="class" id="-160669278" argList="(matrix.db.Context, java.lang.String[])" abstract="This Methods gets Owner values throw &quot;objectList&quot; key present in args passed by expandprogram" deprecated="" />
<method name="getArchivedRevision" initial="g" htmlFileName="ManufacturingPlanBase_mxJPO" containerName="ManufacturingPlanBase_mxJPO"  containerType="class" id="-733924166" argList="(matrix.db.Context, java.lang.String[])" abstract="This Methods gets Revision values throw &quot;objectList&quot; key present in args passed by expandprogram" deprecated="" />
<method name="getArchivedState" initial="g" htmlFileName="ManufacturingPlanBase_mxJPO" containerName="ManufacturingPlanBase_mxJPO"  containerType="class" id="-1562484480" argList="(matrix.db.Context, java.lang.String[])" abstract="This Methods gets Name state throw &quot;objectList&quot; key present in args passed by expandprogram" deprecated="" />
<method name="getArchivedTitle" initial="g" htmlFileName="ManufacturingPlanBase_mxJPO" containerName="ManufacturingPlanBase_mxJPO"  containerType="class" id="1705919367" argList="(matrix.db.Context, java.lang.String[])" abstract="This Methods gets Title values throw &quot;objectList&quot; key present in args passed by expandprogram" deprecated="" />
<method name="getArchivedType" initial="g" htmlFileName="ManufacturingPlanBase_mxJPO" containerName="ManufacturingPlanBase_mxJPO"  containerType="class" id="-266474791" argList="(matrix.db.Context, java.lang.String[])" abstract="This Methods gets Type values throw &quot;objectList&quot; key present in args passed by expandprogram" deprecated="" />
<method name="getBuildManufacturingPlanAllocation" initial="g" htmlFileName="ManufacturingPlanBase_mxJPO" containerName="ManufacturingPlanBase_mxJPO"  containerType="class" id="-1852670890" argList="(matrix.db.Context, java.lang.String[])" abstract="Gets the binary composition data for the Build&apos;s Manufacturing Plan allocation" />
<method name="getCheckColumnForManufacturingPlanMatrix" initial="g" htmlFileName="ManufacturingPlanBase_mxJPO" containerName="ManufacturingPlanBase_mxJPO"  containerType="class" id="1694250222" argList="(matrix.db.Context, java.lang.String[])" abstract="This method is used to get all the check column for Manufacturing Plans for display in" />
<method name="getDerivationType" initial="g" htmlFileName="ManufacturingPlanBase_mxJPO" containerName="ManufacturingPlanBase_mxJPO"  containerType="class" id="393462254" argList="(matrix.db.Context, java.lang.String[])" abstract="column JPO which will returns Derivation type" />
<method name="getDerivationTypeField" initial="g" htmlFileName="ManufacturingPlanBase_mxJPO" containerName="ManufacturingPlanBase_mxJPO"  containerType="class" id="-751301862" argList="(matrix.db.Context, java.lang.String[])" abstract="This Method is used to get the Derivation Type combobox" />
<method name="getDerivationTypeFieldForInsertBefore" initial="g" htmlFileName="ManufacturingPlanBase_mxJPO" containerName="ManufacturingPlanBase_mxJPO"  containerType="class" id="-870985739" argList="(matrix.db.Context, java.lang.String[])" abstract="This will populate the Derivation Type Field in Insert Before form" />
<method name="getDerivationTypeForSearch" initial="g" htmlFileName="ManufacturingPlanBase_mxJPO" containerName="ManufacturingPlanBase_mxJPO"  containerType="class" id="-2107096527" argList="(matrix.db.Context, java.lang.String[])" abstract="This will be used to render Deriation type column for the search table" />
<method name="getDerivedFrom" initial="g" htmlFileName="ManufacturingPlanBase_mxJPO" containerName="ManufacturingPlanBase_mxJPO"  containerType="class" id="1839823640" argList="(matrix.db.Context, java.lang.String[])" abstract="This will be column JPO which will show the derived from column details" />
<method name="getDerivedFromField" initial="g" htmlFileName="ManufacturingPlanBase_mxJPO" containerName="ManufacturingPlanBase_mxJPO"  containerType="class" id="240745520" argList="(matrix.db.Context, java.lang.String[])" abstract="This Method is used to get the range HREF for Derived from field" />
<method name="getDerivedFromFieldForInsertBefore" initial="g" htmlFileName="ManufacturingPlanBase_mxJPO" containerName="ManufacturingPlanBase_mxJPO"  containerType="class" id="-1873981409" argList="(matrix.db.Context, java.lang.String[])" abstract="This will populate the Derived From Field in Insert Before form" />
<method name="getDerivedFromForSearch" initial="g" htmlFileName="ManufacturingPlanBase_mxJPO" containerName="ManufacturingPlanBase_mxJPO"  containerType="class" id="2124363847" argList="(matrix.db.Context, java.lang.String[])" abstract="This will be used to render Deriation From column for the search table" />
<method name="getDerivedToFieldForInsertBefore" initial="g" htmlFileName="ManufacturingPlanBase_mxJPO" containerName="ManufacturingPlanBase_mxJPO"  containerType="class" id="-718834832" argList="(matrix.db.Context, java.lang.String[])" abstract="This will populate the Derived To Field in Insert Before form" />
<method name="getEffManufacturingPlanDerivationChain" initial="g" htmlFileName="ManufacturingPlanBase_mxJPO" containerName="ManufacturingPlanBase_mxJPO"  containerType="class" id="-731782471" argList="(matrix.db.Context, java.lang.String[])" abstract="" />
<method name="getFeatureAllocationTypeValueForFeature" initial="g" htmlFileName="ManufacturingPlanBase_mxJPO" containerName="ManufacturingPlanBase_mxJPO"  containerType="class" id="-1682916245" argList="(matrix.db.Context, java.lang.String[])" abstract="This is method is used  to retrieve the &quot;Feature Allocation Type&quot; attribute value of" />
<method name="getFormDerivationRevisionValue" initial="g" htmlFileName="ManufacturingPlanBase_mxJPO" containerName="ManufacturingPlanBase_mxJPO"  containerType="class" id="92358188" argList="(matrix.db.Context, java.lang.String[])" abstract="This FORM JPO method will return a Revision suggestion if the type is Revision or will return nothing" />
<method name="getLevelfromSB" initial="g" htmlFileName="ManufacturingPlanBase_mxJPO" containerName="ManufacturingPlanBase_mxJPO"  containerType="class" id="-1019253970" argList="(matrix.db.Context, java.lang.String[])" abstract="This method is used to get the level from the context of the Structure Browser." />
<method name="getLimit" initial="g" htmlFileName="ManufacturingPlanBase_mxJPO" containerName="ManufacturingPlanBase_mxJPO"  containerType="class" id="-1796361236" argList="(matrix.db.Context, java.lang.String[])" abstract="This method is used to get the Limit from the context of the Structure Browser." />
<method name="getManagedRevisionColumnValues" initial="g" htmlFileName="ManufacturingPlanBase_mxJPO" containerName="ManufacturingPlanBase_mxJPO"  containerType="class" id="110123843" argList="(matrix.db.Context, java.lang.String[])" abstract="This method is used to get all the Managed Revisions(Technical Features)for display in" />
<method name="getManufacturingPlanBreakdown" initial="g" htmlFileName="ManufacturingPlanBase_mxJPO" containerName="ManufacturingPlanBase_mxJPO"  containerType="class" id="1296957431" argList="(matrix.db.Context, java.lang.String[])" abstract="This Methods is used to get all the Manufacturing Plan Breakdown connected to Manufacturing Plan" />
<method name="getManufacturingPlanBreakdownComposition" initial="g" htmlFileName="ManufacturingPlanBase_mxJPO" containerName="ManufacturingPlanBase_mxJPO"  containerType="class" id="-722091167" argList="(matrix.db.Context, java.lang.String[])" abstract="Gets the Manufacturing Plan Breakdown connected to the Manufacturing Plan" />
<method name="getManufacturingPlanColumnValues" initial="g" htmlFileName="ManufacturingPlanBase_mxJPO" containerName="ManufacturingPlanBase_mxJPO"  containerType="class" id="-2132624784" argList="(matrix.db.Context, java.lang.String[])" abstract="This method is used to get all the Manufacturing Plans for display in" />
<method name="getManufacturingPlanDerivationChain" initial="g" htmlFileName="ManufacturingPlanBase_mxJPO" containerName="ManufacturingPlanBase_mxJPO"  containerType="class" id="1073936928" argList="(matrix.db.Context, java.lang.String[])" abstract="Program defined to return Maplist which will hold Manufacturing Plan" />
<method name="getManufacturingPlanEditBreakdown" initial="g" htmlFileName="ManufacturingPlanBase_mxJPO" containerName="ManufacturingPlanBase_mxJPO"  containerType="class" id="-1236770547" argList="(matrix.db.Context, java.lang.String[])" abstract="This method should return the structure for the Manufacturing Plan Breakdown edition:" />
<method name="getManufacturingPlansWithManagedRevisions" initial="g" htmlFileName="ManufacturingPlanBase_mxJPO" containerName="ManufacturingPlanBase_mxJPO"  containerType="class" id="217833928" argList="(matrix.db.Context, java.lang.String[])" abstract="This method is used to get all the Manufacturing Plans/Managed Revisions in the Product Context" />
<method name="getName" initial="g" htmlFileName="ManufacturingPlanBase_mxJPO" containerName="ManufacturingPlanBase_mxJPO"  containerType="class" id="-1612738584" argList="(matrix.db.Context, java.lang.String[])" abstract="This is method is used  to retrieve the &quot;Name&quot; if object is Manufacturing Plan" />
<method name="getObjectName" initial="g" htmlFileName="ManufacturingPlanBase_mxJPO" containerName="ManufacturingPlanBase_mxJPO"  containerType="class" id="1208197639" argList="(matrix.db.Context, java.lang.String[])" abstract="This Methods gets Name values throw &quot;objectList&quot; key present in args passed by expandprogram" />
<method name="getParentManufacturingPlan" initial="g" htmlFileName="ManufacturingPlanBase_mxJPO" containerName="ManufacturingPlanBase_mxJPO"  containerType="class" id="-698516946" argList="(matrix.db.Context, java.lang.String[])" abstract="This Methods is used to get all Parent Manufacturing Plans to which context Manufacturing Plan is connected" />
<method name="getPlannedForFieldForInsertBefore" initial="g" htmlFileName="ManufacturingPlanBase_mxJPO" containerName="ManufacturingPlanBase_mxJPO"  containerType="class" id="-1775295031" argList="(matrix.db.Context, java.lang.String[])" abstract="This Method is used to get the range HREF for Planned for field" />
<method name="getPlannedForFieldHref" initial="g" htmlFileName="ManufacturingPlanBase_mxJPO" containerName="ManufacturingPlanBase_mxJPO"  containerType="class" id="-316650159" argList="(matrix.db.Context, java.lang.String[])" abstract="This Method is used to get the range HREF for Planned for field" />
<method name="getRangeValuesForManufacturingIntent" initial="g" htmlFileName="ManufacturingPlanBase_mxJPO" containerName="ManufacturingPlanBase_mxJPO"  containerType="class" id="1228158209" argList="(matrix.db.Context, java.lang.String[])" abstract="This method is used to get the range values for Manufacturing Intent" />
<method name="getRangeValuesForPreferred" initial="g" htmlFileName="ManufacturingPlanBase_mxJPO" containerName="ManufacturingPlanBase_mxJPO"  containerType="class" id="751627464" argList="(matrix.db.Context, java.lang.String[])" abstract="This method is used to get the range values for Preferred Attribute." />
<method name="getState" initial="g" htmlFileName="ManufacturingPlanBase_mxJPO" containerName="ManufacturingPlanBase_mxJPO"  containerType="class" id="-158699454" argList="(matrix.db.Context, java.lang.String[])" abstract="This is method is used  to retrieve the current State value if object is Manufacturing Plan" />
<method name="getTechnicalStructure" initial="g" htmlFileName="ManufacturingPlanBase_mxJPO" containerName="ManufacturingPlanBase_mxJPO"  containerType="class" id="-269967565" argList="(matrix.db.Context, java.lang.String[])" abstract="This Method is used to get the Technical Structure of the selected Product." />
<method name="getTypeField" initial="g" htmlFileName="ManufacturingPlanBase_mxJPO" containerName="ManufacturingPlanBase_mxJPO"  containerType="class" id="475552593" argList="(matrix.db.Context, java.lang.String[])" abstract="This will populate type field" />
<method name="getTypeIconProperty" initial="g" htmlFileName="ManufacturingPlanBase_mxJPO" containerName="ManufacturingPlanBase_mxJPO"  containerType="class" id="1895413349" argList="(matrix.db.Context, java.lang.String)" abstract="" />
<method name="insertManufacturingPlanJPO" initial="i" htmlFileName="ManufacturingPlanBase_mxJPO" containerName="ManufacturingPlanBase_mxJPO"  containerType="class" id="2133894818" argList="(matrix.db.Context, java.lang.String[])" abstract="To insert Manufacturing Plan object from create component, and insert" />
<method name="isContextTypeProducts" initial="i" htmlFileName="ManufacturingPlanBase_mxJPO" containerName="ManufacturingPlanBase_mxJPO"  containerType="class" id="1464755178" argList="(matrix.db.Context, java.lang.String[])" abstract="This Method is Access Program for &quot;Edit ManufacturingPlan Breakdown&quot;" />
<method name="isDerivedFrom" initial="i" htmlFileName="ManufacturingPlanBase_mxJPO" containerName="ManufacturingPlanBase_mxJPO"  containerType="class" id="-2109777980" argList="(matrix.db.Context, java.lang.String[])" abstract="This Methods is Access Program for Derived From Field in " />
<method name="isManufacturingPlanEditable" initial="i" htmlFileName="ManufacturingPlanBase_mxJPO" containerName="ManufacturingPlanBase_mxJPO"  containerType="class" id="-189090840" argList="(matrix.db.Context, java.lang.String[])" abstract="get if the selected Manufacturing Plan is  Not in Frozen State" />
<method name="isMPAssociatedToHigherRev" initial="i" htmlFileName="ManufacturingPlanBase_mxJPO" containerName="ManufacturingPlanBase_mxJPO"  containerType="class" id="1303518221" argList="(matrix.db.Context, java.lang.String[])" abstract="Added for IR-038813V6R2011 " />
<method name="mxMain" initial="m" htmlFileName="ManufacturingPlanBase_mxJPO" containerName="ManufacturingPlanBase_mxJPO"  containerType="class" id="-273537365" argList="(matrix.db.Context, java.lang.String[])" abstract="Main entry point." />
<method name="postCreateGetRowXML" initial="p" htmlFileName="ManufacturingPlanBase_mxJPO" containerName="ManufacturingPlanBase_mxJPO"  containerType="class" id="-1463020322" argList="(matrix.db.Context, java.lang.String[])" abstract="This will be used to called from post process URL in create MP case" />
<method name="postInsertGetRowXML" initial="p" htmlFileName="ManufacturingPlanBase_mxJPO" containerName="ManufacturingPlanBase_mxJPO"  containerType="class" id="1484828545" argList="(matrix.db.Context, java.lang.String[])" abstract="This will be used to called from post process URL in insert MP case" />
<method name="refreshManufacturingPlanEditBreakdown" initial="r" htmlFileName="ManufacturingPlanBase_mxJPO" containerName="ManufacturingPlanBase_mxJPO"  containerType="class" id="-6895598" argList="(matrix.db.Context, java.lang.String[])" abstract="" />
<method name="showType" initial="s" htmlFileName="ManufacturingPlanBase_mxJPO" containerName="ManufacturingPlanBase_mxJPO"  containerType="class" id="935004222" argList="(matrix.db.Context, java.lang.String[])" abstract="Access Expression to hide type chooser field insted show harcoded type" />
<method name="showTypeChooser" initial="s" htmlFileName="ManufacturingPlanBase_mxJPO" containerName="ManufacturingPlanBase_mxJPO"  containerType="class" id="-406142453" argList="(matrix.db.Context, java.lang.String[])" abstract="Access Expression to show type chooser" />
<method name="updateCompositionBinaryOnManagedSeries" initial="u" htmlFileName="ManufacturingPlanBase_mxJPO" containerName="ManufacturingPlanBase_mxJPO"  containerType="class" id="234106972" argList="(matrix.db.Context, java.lang.String[])" abstract="Updates the composition binary when a Managed Root relationship" />
<method name="updateManufacturingIntent" initial="u" htmlFileName="ManufacturingPlanBase_mxJPO" containerName="ManufacturingPlanBase_mxJPO"  containerType="class" id="-1288496424" argList="(matrix.db.Context, java.lang.String[])" abstract="This method is update function for modifying the attribute Manufacturing Intent" />
<method name="updateManufacturingPlanPreferred" initial="u" htmlFileName="ManufacturingPlanBase_mxJPO" containerName="ManufacturingPlanBase_mxJPO"  containerType="class" id="-573314614" argList="(matrix.db.Context, java.lang.String[])" abstract="This method is update function for modifying the attribute Manufacturing Plan Preferred" />
<constructor name="ManufacturingPlanBase_mxJPO" initial="M" htmlFileName="ManufacturingPlanBase_mxJPO" containerName="ManufacturingPlanBase_mxJPO"  containerType="class" id="1114315337" argList="(matrix.db.Context, java.lang.String[])" abstract="Default Constructor." />
<data name="COMMA" initial="C" htmlFileName="ManufacturingPlanBase_mxJPO" containerName="ManufacturingPlanBase_mxJPO"  containerType="class" id="813390501" abstract="" />
<data name="SUITE_KEY" initial="S" htmlFileName="ManufacturingPlanBase_mxJPO" containerName="ManufacturingPlanBase_mxJPO"  containerType="class" id="504178888" abstract="" />
<data name="SYMB_WILD" initial="S" htmlFileName="ManufacturingPlanBase_mxJPO" containerName="ManufacturingPlanBase_mxJPO"  containerType="class" id="635795582" abstract="" />
<class name="ManufacturingPlan_mxJPO" initial="M" htmlFileName="ManufacturingPlan_mxJPO"  fatherClass="ManufacturingPlanBase_mxJPO" fatherId="1177943210" fatherType="class"  DSCharacteristic="class" id="34548601" abstract="This JPO class has some methods pertaining to emxManufacturingPlan Extension." packageName="NoPackage" packagePath="" packageAbstract="" />
<method name="mxMain" initial="m" htmlFileName="ManufacturingPlan_mxJPO" containerName="ManufacturingPlan_mxJPO"  containerType="class" id="-273537365" argList="(matrix.db.Context, java.lang.String[])" abstract="Main entry point." />
<constructor name="ManufacturingPlan_mxJPO" initial="M" htmlFileName="ManufacturingPlan_mxJPO" containerName="ManufacturingPlan_mxJPO"  containerType="class" id="-733834342" argList="(matrix.db.Context, java.lang.String[])" abstract="Create a new emxManufacturingPlanBase_mxJPO object from a given id." />
<class name="ManufacturingPlanSearchBase_mxJPO" initial="M" htmlFileName="ManufacturingPlanSearchBase_mxJPO"  fatherClass="emxDomainObject_mxJPO" fatherId="650721573" fatherType="class"  DSCharacteristic="class" id="837988146" abstract="" packageName="NoPackage" packagePath="" packageAbstract="" />
<method name="excludeMasterFeatureOfContextModel" initial="e" htmlFileName="ManufacturingPlanSearchBase_mxJPO" containerName="ManufacturingPlanSearchBase_mxJPO"  containerType="class" id="763337906" argList="(matrix.db.Context, java.lang.String[])" abstract="This method is used to get the List of Master Features connected the Model and exclude them in the Search Results" />
<method name="filterRelatedProductRevisions" initial="f" htmlFileName="ManufacturingPlanSearchBase_mxJPO" containerName="ManufacturingPlanSearchBase_mxJPO"  containerType="class" id="-1562040797" argList="(matrix.db.Context, java.lang.String[])" abstract="This method is used to obtain the list of product revisions that needs to be excluded in search page while" />
<method name="getBackwardDerivationChain" initial="g" htmlFileName="ManufacturingPlanSearchBase_mxJPO" containerName="ManufacturingPlanSearchBase_mxJPO"  containerType="class" id="1487200920" argList="(matrix.db.Context, java.lang.String[])" abstract="Include Program to get backward derivations of the selected Manufacturing" />
<method name="getForwardChainofContext" initial="g" htmlFileName="ManufacturingPlanSearchBase_mxJPO" containerName="ManufacturingPlanSearchBase_mxJPO"  containerType="class" id="1446106573" argList="(matrix.db.Context, java.lang.String[])" abstract="include Program to get all Products which are connected  in forward derivation chain with Product, for Planned For" />
<method name="getManagedProducts" initial="g" htmlFileName="ManufacturingPlanSearchBase_mxJPO" containerName="ManufacturingPlanSearchBase_mxJPO"  containerType="class" id="-733262892" argList="(matrix.db.Context, java.lang.String[])" abstract="Include Program to get all Products connected with Model, for Planned For" />
<method name="getManufacturingPlansForDerivationCreate" initial="g" htmlFileName="ManufacturingPlanSearchBase_mxJPO" containerName="ManufacturingPlanSearchBase_mxJPO"  containerType="class" id="1431637633" argList="(matrix.db.Context, java.lang.String[])" abstract="Include program , used to get valid Manufacturing Plan,from which Manufacturing Plan will be derived " />
<method name="getManufacturingPlansForRevisionCreate" initial="g" htmlFileName="ManufacturingPlanSearchBase_mxJPO" containerName="ManufacturingPlanSearchBase_mxJPO"  containerType="class" id="-1564248731" argList="(matrix.db.Context, java.lang.String[])" abstract="Include program , used to get valid Manufacturing Plan,from which Manufacturing Plan will be derived " />
<method name="getMPBreakdown" initial="g" htmlFileName="ManufacturingPlanSearchBase_mxJPO" containerName="ManufacturingPlanSearchBase_mxJPO"  containerType="class" id="-1746547633" argList="(matrix.db.Context, java.lang.String[])" abstract="This method returns Manufacturing Plans Breakdown of context Manufacturing Plan" />
<method name="getMPIdsForSearchList" initial="g" htmlFileName="ManufacturingPlanSearchBase_mxJPO" containerName="ManufacturingPlanSearchBase_mxJPO"  containerType="class" id="-1404377737" argList="(matrix.db.Context, java.lang.String[])" abstract="To obtain the list of Manufacturing Plans to be excluded in the Search Results" />
<method name="getMPofAllRevisions" initial="g" htmlFileName="ManufacturingPlanSearchBase_mxJPO" containerName="ManufacturingPlanSearchBase_mxJPO"  containerType="class" id="-1405311250" argList="(matrix.db.Context, java.lang.String[])" abstract="This Methods is Used to get all the plans to be displayed" />
<method name="getMPofCurrentAndAllPreviousRevisions" initial="g" htmlFileName="ManufacturingPlanSearchBase_mxJPO" containerName="ManufacturingPlanSearchBase_mxJPO"  containerType="class" id="-321254859" argList="(matrix.db.Context, java.lang.String[])" abstract="This method returns Manufacturing Plans of current and previous revision of Products/Features" />
<method name="getMPofCurrentRevision" initial="g" htmlFileName="ManufacturingPlanSearchBase_mxJPO" containerName="ManufacturingPlanSearchBase_mxJPO"  containerType="class" id="794874859" argList="(matrix.db.Context, java.lang.String[])" abstract="This method returns Manufacturing Plans of current revision of Products/Features" />
<method name="mxMain" initial="m" htmlFileName="ManufacturingPlanSearchBase_mxJPO" containerName="ManufacturingPlanSearchBase_mxJPO"  containerType="class" id="-273537365" argList="(matrix.db.Context, java.lang.String[])" abstract="Main entry point." />
<constructor name="ManufacturingPlanSearchBase_mxJPO" initial="M" htmlFileName="ManufacturingPlanSearchBase_mxJPO" containerName="ManufacturingPlanSearchBase_mxJPO"  containerType="class" id="686950081" argList="(matrix.db.Context, java.lang.String[])" abstract="The default constructor." />
<data name="FEATURE_MARKETING" initial="F" htmlFileName="ManufacturingPlanSearchBase_mxJPO" containerName="ManufacturingPlanSearchBase_mxJPO"  containerType="class" id="1142039501" abstract="A string constant with the value emxProduct.common.Marketing." />
<class name="ManufacturingPlanSearch_mxJPO" initial="M" htmlFileName="ManufacturingPlanSearch_mxJPO"  fatherClass="ManufacturingPlanSearchBase_mxJPO" fatherId="837988146" fatherType="class"  DSCharacteristic="class" id="1255825921" abstract="" packageName="NoPackage" packagePath="" packageAbstract="" />
<method name="mxMain" initial="m" htmlFileName="ManufacturingPlanSearch_mxJPO" containerName="ManufacturingPlanSearch_mxJPO"  containerType="class" id="-273537365" argList="(matrix.db.Context, java.lang.String[])" abstract="Main entry point" />
<constructor name="ManufacturingPlanSearch_mxJPO" initial="M" htmlFileName="ManufacturingPlanSearch_mxJPO" containerName="ManufacturingPlanSearch_mxJPO"  containerType="class" id="375553042" argList="(matrix.db.Context, java.lang.String[])" abstract="This JPO class has some methods pertaining to Person type" />
<class name="MasterFeatureBase_mxJPO" initial="M" htmlFileName="MasterFeatureBase_mxJPO"  fatherClass="emxDomainObject_mxJPO" fatherId="650721573" fatherType="class"  DSCharacteristic="class" id="244107671" abstract="This JPO class has some methods pertaining to Master Feature." packageName="NoPackage" packagePath="" packageAbstract="" />
<method name="createLogicalFeature" initial="c" htmlFileName="MasterFeatureBase_mxJPO" containerName="MasterFeatureBase_mxJPO"  containerType="class" id="-1772579408" argList="(matrix.db.Context, java.lang.String[])" abstract="This is a public method, which call createAndConnectFeatureRevision to create the Logical Feature" />
<method name="creationmasterfeature" initial="c" htmlFileName="MasterFeatureBase_mxJPO" containerName="MasterFeatureBase_mxJPO"  containerType="class" id="1755707324" argList="(matrix.db.Context, java.lang.String[])" abstract="This is a public method used to create the Master Feature  and connect to the context Logical Feature with Managed Revision Relationship." />
<method name="creationOfMasterFeatureInheritedTrigger" initial="c" htmlFileName="MasterFeatureBase_mxJPO" containerName="MasterFeatureBase_mxJPO"  containerType="class" id="-1592092413" argList="(matrix.db.Context, java.lang.String[])" abstract="This is a public method used to create the Master Feature  and connect to the context Software Feature with Managed Revision Relationship." />
<method name="deleteMasterFeature" initial="d" htmlFileName="MasterFeatureBase_mxJPO" containerName="MasterFeatureBase_mxJPO"  containerType="class" id="1527952688" argList="(matrix.db.Context, java.lang.String[])" abstract="Method to delete the Master Feature Object when the last revision of the feature is deleted." />
<method name="expandLogicalFeatureStructure" initial="e" htmlFileName="MasterFeatureBase_mxJPO" containerName="MasterFeatureBase_mxJPO"  containerType="class" id="1600571379" argList="(matrix.db.Context, java.lang.String[])" abstract="Used As Wrapper method for getMasterFeatureAndManagedRevisionStructure method" />
<method name="getContextModelTemplate" initial="g" htmlFileName="MasterFeatureBase_mxJPO" containerName="MasterFeatureBase_mxJPO"  containerType="class" id="-809059855" argList="(matrix.db.Context, java.lang.String[])" abstract="This is method is used  to retrieve the context Master Feature/Model." />
<method name="getDynamicColumnDataForReport" initial="g" htmlFileName="MasterFeatureBase_mxJPO" containerName="MasterFeatureBase_mxJPO"  containerType="class" id="-488554245" argList="(matrix.db.Context, java.lang.String[])" abstract="This method is used to show name of Logical feature connected to Products in Model context" />
<method name="getFeatureUsageRange" initial="g" htmlFileName="MasterFeatureBase_mxJPO" containerName="MasterFeatureBase_mxJPO"  containerType="class" id="-1002287709" argList="(matrix.db.Context, java.lang.String[])" abstract="This method gets the range of values for the displayed" />
<method name="getLogicalFeaturePolicies" initial="g" htmlFileName="MasterFeatureBase_mxJPO" containerName="MasterFeatureBase_mxJPO"  containerType="class" id="194561402" argList="(matrix.db.Context, java.lang.String[])" abstract="This is a public method used to display list of Policies of selected type in create page of Master Feature ." />
<method name="getManagedRevisions" initial="g" htmlFileName="MasterFeatureBase_mxJPO" containerName="MasterFeatureBase_mxJPO"  containerType="class" id="2067502326" argList="(matrix.db.Context, java.lang.String[])" abstract="This method is used to display the Managed Revisions of the Master Feature" />
<method name="getManagedSeriesForDB" initial="g" htmlFileName="MasterFeatureBase_mxJPO" containerName="MasterFeatureBase_mxJPO"  containerType="class" id="1376866318" argList="(matrix.db.Context, java.lang.String[])" abstract="This method is called to show managed revisons in in search page when dbchooser is clicked." />
<method name="getMasterFeatureStructure" initial="g" htmlFileName="MasterFeatureBase_mxJPO" containerName="MasterFeatureBase_mxJPO"  containerType="class" id="-1066148228" argList="(matrix.db.Context, java.lang.String[])" abstract="This method is called from the Model context to get the Master Features associated to Model" />
<method name="getMasterFeatureUsage" initial="g" htmlFileName="MasterFeatureBase_mxJPO" containerName="MasterFeatureBase_mxJPO"  containerType="class" id="-769351382" argList="(matrix.db.Context, java.lang.String[])" abstract="This method is used to show Usage attribute values of Product Feature List relationship" />
<method name="getProductRevisionsWithSelectedFeatures" initial="g" htmlFileName="MasterFeatureBase_mxJPO" containerName="MasterFeatureBase_mxJPO"  containerType="class" id="-399680860" argList="(matrix.db.Context, java.lang.String[])" abstract="This method is used to for the Dynamic Column of Edit effectivity of Product Revisions" />
<method name="isCellValueEditable" initial="i" htmlFileName="MasterFeatureBase_mxJPO" containerName="MasterFeatureBase_mxJPO"  containerType="class" id="-1437785200" argList="(matrix.db.Context, java.lang.String[])" abstract="This method is used to make the cell value editable/non editable" />
<method name="logicalFeaturePolicyHTML" initial="l" htmlFileName="MasterFeatureBase_mxJPO" containerName="MasterFeatureBase_mxJPO"  containerType="class" id="738448017" argList="(matrix.db.Context, java.lang.String[])" abstract="This is a public method used to display list of Policies of selected type in create page of Master Feature ." />
<method name="mxMain" initial="m" htmlFileName="MasterFeatureBase_mxJPO" containerName="MasterFeatureBase_mxJPO"  containerType="class" id="-273537365" argList="(matrix.db.Context, java.lang.String[])" abstract="Main entry point." />
<method name="triggerToCreateLogicalFeature" initial="t" htmlFileName="MasterFeatureBase_mxJPO" containerName="MasterFeatureBase_mxJPO"  containerType="class" id="-1994940317" argList="(matrix.db.Context, java.lang.String[])" abstract="This is a public method used to create the Logical Feature  and connect to the context Master Feature with Managed Revision Relationship." />
<method name="updateFeatureUsage" initial="u" htmlFileName="MasterFeatureBase_mxJPO" containerName="MasterFeatureBase_mxJPO"  containerType="class" id="-708744101" argList="(matrix.db.Context, java.lang.String[])" abstract="This method is used to update the Prodcut Feature List Usage value" />
<method name="updateRevisionCountOnMasterFeature" initial="u" htmlFileName="MasterFeatureBase_mxJPO" containerName="MasterFeatureBase_mxJPO"  containerType="class" id="-921121903" argList="(matrix.db.Context, java.lang.String[])" abstract="This is a trigger method used to update the Revision Count attribute on the Master Feature Object, " />
<method name="updateRevisionCountOnMasterFeatureModifyTo" initial="u" htmlFileName="MasterFeatureBase_mxJPO" containerName="MasterFeatureBase_mxJPO"  containerType="class" id="678131910" argList="(matrix.db.Context, java.lang.String[])" abstract="This is a trigger method used to update the Revision Count attribute on the Master Feature Object, " />
<constructor name="MasterFeatureBase_mxJPO" initial="M" htmlFileName="MasterFeatureBase_mxJPO" containerName="MasterFeatureBase_mxJPO"  containerType="class" id="338507196" argList="(matrix.db.Context, java.lang.String[])" abstract="Default Constructor." />
<data name="SUITE_KEY" initial="S" htmlFileName="MasterFeatureBase_mxJPO" containerName="MasterFeatureBase_mxJPO"  containerType="class" id="504178888" abstract="" />
<class name="MasterFeature_mxJPO" initial="M" htmlFileName="MasterFeature_mxJPO"  fatherClass="MasterFeatureBase_mxJPO" fatherId="244107671" fatherType="class"  DSCharacteristic="class" id="2105767654" abstract="This JPO class has some methods pertaining to Master Feature Extension." packageName="NoPackage" packagePath="" packageAbstract="" />
<method name="mxMain" initial="m" htmlFileName="MasterFeature_mxJPO" containerName="MasterFeature_mxJPO"  containerType="class" id="-273537365" argList="(matrix.db.Context, java.lang.String[])" abstract="Main entry point." />
<constructor name="MasterFeature_mxJPO" initial="M" htmlFileName="MasterFeature_mxJPO" containerName="MasterFeature_mxJPO"  containerType="class" id="1231708301" argList="(matrix.db.Context, java.lang.String[])" abstract="Create a new emxManufacturingPlanBase_mxJPO object from a given id." />
</fw>

