<?xml version="1.0" encoding="utf-8"?>
<fw name="ENODefectManagement" footer="Copyright &#169; 1999-2016, Dassault Syst&#232;mes. All rights reserved. ">
<class name="IDFTConstants" initial="I" htmlFileName="com/matrixone/apps/defectmanagement/IDFTConstants"  DSCharacteristic="interface" id="1134222003" abstract="" packageName="com.matrixone.apps.defectmanagement" packagePath="com/matrixone/apps/defectmanagement/" packageAbstract="" />
<data name="BUSINESS_OBJECT" initial="B" htmlFileName="com/matrixone/apps/defectmanagement/IDFTConstants" containerName="IDFTConstants"  containerType="interface" id="-829126488" abstract="" />
<data name="DEFECT_MANAGEMENT_BUNDLE" initial="D" htmlFileName="com/matrixone/apps/defectmanagement/IDFTConstants" containerName="IDFTConstants"  containerType="interface" id="1940811962" abstract="" />
<data name="DEFECT_MANAGEMENT_STRING_RESOURCE" initial="D" htmlFileName="com/matrixone/apps/defectmanagement/IDFTConstants" containerName="IDFTConstants"  containerType="interface" id="-919764968" abstract="" />
<data name="DFT_PRODUCT_TRIGRAM" initial="D" htmlFileName="com/matrixone/apps/defectmanagement/IDFTConstants" containerName="IDFTConstants"  containerType="interface" id="1529002703" abstract="" />
<data name="FRAMEWORK_BUNDLE" initial="F" htmlFileName="com/matrixone/apps/defectmanagement/IDFTConstants" containerName="IDFTConstants"  containerType="interface" id="1524085773" abstract="" />
<data name="STR_Action" initial="S" htmlFileName="com/matrixone/apps/defectmanagement/IDFTConstants" containerName="IDFTConstants"  containerType="interface" id="-2067431346" abstract="" />
<data name="STR_ActionAssignee" initial="S" htmlFileName="com/matrixone/apps/defectmanagement/IDFTConstants" containerName="IDFTConstants"  containerType="interface" id="-976832451" abstract="" />
<data name="STR_AND" initial="S" htmlFileName="com/matrixone/apps/defectmanagement/IDFTConstants" containerName="IDFTConstants"  containerType="interface" id="1137757331" abstract="" />
<data name="STR_ANY" initial="S" htmlFileName="com/matrixone/apps/defectmanagement/IDFTConstants" containerName="IDFTConstants"  containerType="interface" id="-1379607896" abstract="" />
<data name="STR_ASSIGNED" initial="S" htmlFileName="com/matrixone/apps/defectmanagement/IDFTConstants" containerName="IDFTConstants"  containerType="interface" id="-1046831034" abstract="" />
<data name="STR_BUSINESSOBJECT" initial="S" htmlFileName="com/matrixone/apps/defectmanagement/IDFTConstants" containerName="IDFTConstants"  containerType="interface" id="134513911" abstract="" />
<data name="STR_columnMap" initial="S" htmlFileName="com/matrixone/apps/defectmanagement/IDFTConstants" containerName="IDFTConstants"  containerType="interface" id="-1153677950" abstract="" />
<data name="STR_COMMA" initial="S" htmlFileName="com/matrixone/apps/defectmanagement/IDFTConstants" containerName="IDFTConstants"  containerType="interface" id="1770025233" abstract="" />
<data name="STR_CONNECTION" initial="S" htmlFileName="com/matrixone/apps/defectmanagement/IDFTConstants" containerName="IDFTConstants"  containerType="interface" id="-669873706" abstract="" />
<data name="STR_DATA" initial="S" htmlFileName="com/matrixone/apps/defectmanagement/IDFTConstants" containerName="IDFTConstants"  containerType="interface" id="1080875298" abstract="" />
<data name="STR_Description" initial="S" htmlFileName="com/matrixone/apps/defectmanagement/IDFTConstants" containerName="IDFTConstants"  containerType="interface" id="-1119652168" abstract="" />
<data name="STR_Environment" initial="S" htmlFileName="com/matrixone/apps/defectmanagement/IDFTConstants" containerName="IDFTConstants"  containerType="interface" id="877256399" abstract="" />
<data name="STR_EQUALS" initial="S" htmlFileName="com/matrixone/apps/defectmanagement/IDFTConstants" containerName="IDFTConstants"  containerType="interface" id="-1168715849" abstract="" />
<data name="STR_FALSE" initial="S" htmlFileName="com/matrixone/apps/defectmanagement/IDFTConstants" containerName="IDFTConstants"  containerType="interface" id="-1814000801" abstract="" />
<data name="STR_fieldMap" initial="S" htmlFileName="com/matrixone/apps/defectmanagement/IDFTConstants" containerName="IDFTConstants"  containerType="interface" id="-1279374214" abstract="" />
<data name="STR_FROM" initial="S" htmlFileName="com/matrixone/apps/defectmanagement/IDFTConstants" containerName="IDFTConstants"  containerType="interface" id="-1948384990" abstract="" />
<data name="STR_FROM_ID" initial="S" htmlFileName="com/matrixone/apps/defectmanagement/IDFTConstants" containerName="IDFTConstants"  containerType="interface" id="1512161708" abstract="" />
<data name="STR_HTML" initial="S" htmlFileName="com/matrixone/apps/defectmanagement/IDFTConstants" containerName="IDFTConstants"  containerType="interface" id="754468643" abstract="" />
<data name="STR_ID" initial="S" htmlFileName="com/matrixone/apps/defectmanagement/IDFTConstants" containerName="IDFTConstants"  containerType="interface" id="-1487768557" abstract="" />
<data name="STR_ID_CONNECTION" initial="S" htmlFileName="com/matrixone/apps/defectmanagement/IDFTConstants" containerName="IDFTConstants"  containerType="interface" id="-870831394" abstract="" />
<data name="STR_IntroducedIn" initial="S" htmlFileName="com/matrixone/apps/defectmanagement/IDFTConstants" containerName="IDFTConstants"  containerType="interface" id="-1085790526" abstract="" />
<data name="STR_languageStr" initial="S" htmlFileName="com/matrixone/apps/defectmanagement/IDFTConstants" containerName="IDFTConstants"  containerType="interface" id="1181179029" abstract="" />
<data name="STR_Message" initial="S" htmlFileName="com/matrixone/apps/defectmanagement/IDFTConstants" containerName="IDFTConstants"  containerType="interface" id="-816263741" abstract="" />
<data name="STR_messageType" initial="S" htmlFileName="com/matrixone/apps/defectmanagement/IDFTConstants" containerName="IDFTConstants"  containerType="interface" id="-1734303555" abstract="" />
<data name="STR_New_Value" initial="S" htmlFileName="com/matrixone/apps/defectmanagement/IDFTConstants" containerName="IDFTConstants"  containerType="interface" id="-1536454354" abstract="" />
<data name="STR_NL" initial="S" htmlFileName="com/matrixone/apps/defectmanagement/IDFTConstants" containerName="IDFTConstants"  containerType="interface" id="-1802225994" abstract="" />
<data name="STR_NULL" initial="S" htmlFileName="com/matrixone/apps/defectmanagement/IDFTConstants" containerName="IDFTConstants"  containerType="interface" id="1438575871" abstract="" />
<data name="STR_objectId" initial="S" htmlFileName="com/matrixone/apps/defectmanagement/IDFTConstants" containerName="IDFTConstants"  containerType="interface" id="-847461582" abstract="" />
<data name="STR_objectList" initial="S" htmlFileName="com/matrixone/apps/defectmanagement/IDFTConstants" containerName="IDFTConstants"  containerType="interface" id="1623300469" abstract="" />
<data name="STR_OR" initial="S" htmlFileName="com/matrixone/apps/defectmanagement/IDFTConstants" containerName="IDFTConstants"  containerType="interface" id="102606043" abstract="" />
<data name="STR_ORGANIZATION" initial="S" htmlFileName="com/matrixone/apps/defectmanagement/IDFTConstants" containerName="IDFTConstants"  containerType="interface" id="424181419" abstract="" />
<data name="STR_paramList" initial="S" htmlFileName="com/matrixone/apps/defectmanagement/IDFTConstants" containerName="IDFTConstants"  containerType="interface" id="-499691481" abstract="" />
<data name="STR_paramMap" initial="S" htmlFileName="com/matrixone/apps/defectmanagement/IDFTConstants" containerName="IDFTConstants"  containerType="interface" id="1092003335" abstract="" />
<data name="STR_parentOID" initial="S" htmlFileName="com/matrixone/apps/defectmanagement/IDFTConstants" containerName="IDFTConstants"  containerType="interface" id="773840924" abstract="" />
<data name="STR_PREFIX" initial="S" htmlFileName="com/matrixone/apps/defectmanagement/IDFTConstants" containerName="IDFTConstants"  containerType="interface" id="200336522" abstract="" />
<data name="STR_PREFIX2" initial="S" htmlFileName="com/matrixone/apps/defectmanagement/IDFTConstants" containerName="IDFTConstants"  containerType="interface" id="325650364" abstract="" />
<data name="STR_PROJECT" initial="S" htmlFileName="com/matrixone/apps/defectmanagement/IDFTConstants" containerName="IDFTConstants"  containerType="interface" id="-1069344555" abstract="" />
<data name="STR_PROMPT" initial="S" htmlFileName="com/matrixone/apps/defectmanagement/IDFTConstants" containerName="IDFTConstants"  containerType="interface" id="893523804" abstract="" />
<data name="STR_RegressionFrom" initial="S" htmlFileName="com/matrixone/apps/defectmanagement/IDFTConstants" containerName="IDFTConstants"  containerType="interface" id="1333962147" abstract="" />
<data name="STR_ReportedAgainst" initial="S" htmlFileName="com/matrixone/apps/defectmanagement/IDFTConstants" containerName="IDFTConstants"  containerType="interface" id="1606659882" abstract="" />
<data name="STR_reportFormat" initial="S" htmlFileName="com/matrixone/apps/defectmanagement/IDFTConstants" containerName="IDFTConstants"  containerType="interface" id="518273987" abstract="" />
<data name="STR_ReportingOrganization" initial="S" htmlFileName="com/matrixone/apps/defectmanagement/IDFTConstants" containerName="IDFTConstants"  containerType="interface" id="-710370115" abstract="" />
<data name="STR_requestMap" initial="S" htmlFileName="com/matrixone/apps/defectmanagement/IDFTConstants" containerName="IDFTConstants"  containerType="interface" id="1408001349" abstract="" />
<data name="STR_ReviewersDisplay" initial="S" htmlFileName="com/matrixone/apps/defectmanagement/IDFTConstants" containerName="IDFTConstants"  containerType="interface" id="236252780" abstract="" />
<data name="STR_SETTINGS" initial="S" htmlFileName="com/matrixone/apps/defectmanagement/IDFTConstants" containerName="IDFTConstants"  containerType="interface" id="-504963941" abstract="" />
<data name="STR_STATE_REJECTED" initial="S" htmlFileName="com/matrixone/apps/defectmanagement/IDFTConstants" containerName="IDFTConstants"  containerType="interface" id="-1065270140" abstract="" />
<data name="STR_STOP_CAP" initial="S" htmlFileName="com/matrixone/apps/defectmanagement/IDFTConstants" containerName="IDFTConstants"  containerType="interface" id="1677991533" abstract="" />
<data name="STR_TEXT" initial="S" htmlFileName="com/matrixone/apps/defectmanagement/IDFTConstants" containerName="IDFTConstants"  containerType="interface" id="-1038536539" abstract="" />
<data name="STR_TO" initial="S" htmlFileName="com/matrixone/apps/defectmanagement/IDFTConstants" containerName="IDFTConstants"  containerType="interface" id="1311290739" abstract="" />
<data name="STR_TO_ID" initial="S" htmlFileName="com/matrixone/apps/defectmanagement/IDFTConstants" containerName="IDFTConstants"  containerType="interface" id="1301241787" abstract="" />
<data name="STR_TRUE" initial="S" htmlFileName="com/matrixone/apps/defectmanagement/IDFTConstants" containerName="IDFTConstants"  containerType="interface" id="-1875708154" abstract="" />
<data name="STR_TYPE" initial="S" htmlFileName="com/matrixone/apps/defectmanagement/IDFTConstants" containerName="IDFTConstants"  containerType="interface" id="991877298" abstract="" />
<data name="SYMBOLIC_ATTRIBUTE_BRANCHTO" initial="S" htmlFileName="com/matrixone/apps/defectmanagement/IDFTConstants" containerName="IDFTConstants"  containerType="interface" id="429528247" abstract="" />
<data name="SYMBOLIC_ATTRIBUTE_DEFECTACTIONTYPE" initial="S" htmlFileName="com/matrixone/apps/defectmanagement/IDFTConstants" containerName="IDFTConstants"  containerType="interface" id="-1880200261" abstract="" />
<data name="SYMBOLIC_ATTRIBUTE_DEFECTPRIORITY" initial="S" htmlFileName="com/matrixone/apps/defectmanagement/IDFTConstants" containerName="IDFTConstants"  containerType="interface" id="-1127171281" abstract="" />
<data name="SYMBOLIC_ATTRIBUTE_DEFECTREASONFORDEMOTION" initial="S" htmlFileName="com/matrixone/apps/defectmanagement/IDFTConstants" containerName="IDFTConstants"  containerType="interface" id="1723594245" abstract="" />
<data name="SYMBOLIC_ATTRIBUTE_DEFECTREASONFORREJECTION" initial="S" htmlFileName="com/matrixone/apps/defectmanagement/IDFTConstants" containerName="IDFTConstants"  containerType="interface" id="2095095279" abstract="" />
<data name="SYMBOLIC_ATTRIBUTE_DEFECTSEVERITY" initial="S" htmlFileName="com/matrixone/apps/defectmanagement/IDFTConstants" containerName="IDFTConstants"  containerType="interface" id="-1594213752" abstract="" />
<data name="SYMBOLIC_ATTRIBUTE_ENDDATE" initial="S" htmlFileName="com/matrixone/apps/defectmanagement/IDFTConstants" containerName="IDFTConstants"  containerType="interface" id="-1849475101" abstract="" />
<data name="SYMBOLIC_ATTRIBUTE_FILESREVIEWED" initial="S" htmlFileName="com/matrixone/apps/defectmanagement/IDFTConstants" containerName="IDFTConstants"  containerType="interface" id="1380652104" abstract="" />
<data name="SYMBOLIC_ATTRIBUTE_WHENFOUND" initial="S" htmlFileName="com/matrixone/apps/defectmanagement/IDFTConstants" containerName="IDFTConstants"  containerType="interface" id="472498018" abstract="" />
<data name="SYMBOLIC_POLICY_DEFECT" initial="S" htmlFileName="com/matrixone/apps/defectmanagement/IDFTConstants" containerName="IDFTConstants"  containerType="interface" id="2046419547" abstract="" />
<data name="SYMBOLIC_POLICY_DEFECTACTION" initial="S" htmlFileName="com/matrixone/apps/defectmanagement/IDFTConstants" containerName="IDFTConstants"  containerType="interface" id="-411191343" abstract="" />
<data name="SYMBOLIC_POLICY_IMPLEMENTATIONREVIEW" initial="S" htmlFileName="com/matrixone/apps/defectmanagement/IDFTConstants" containerName="IDFTConstants"  containerType="interface" id="-1103531916" abstract="" />
<data name="SYMBOLIC_RELATIONSHIP_ACTIONASSIGNEE" initial="S" htmlFileName="com/matrixone/apps/defectmanagement/IDFTConstants" containerName="IDFTConstants"  containerType="interface" id="-795054359" abstract="" />
<data name="SYMBOLIC_RELATIONSHIP_COMITTEDPRODUCT" initial="S" htmlFileName="com/matrixone/apps/defectmanagement/IDFTConstants" containerName="IDFTConstants"  containerType="interface" id="-1169633992" abstract="" />
<data name="SYMBOLIC_RELATIONSHIP_DEFECTACTION" initial="S" htmlFileName="com/matrixone/apps/defectmanagement/IDFTConstants" containerName="IDFTConstants"  containerType="interface" id="1980630603" abstract="" />
<data name="SYMBOLIC_RELATIONSHIP_DEFECTAFFECTEDITEM" initial="S" htmlFileName="com/matrixone/apps/defectmanagement/IDFTConstants" containerName="IDFTConstants"  containerType="interface" id="1711296860" abstract="" />
<data name="SYMBOLIC_RELATIONSHIP_DEFECTENVIRONMENT" initial="S" htmlFileName="com/matrixone/apps/defectmanagement/IDFTConstants" containerName="IDFTConstants"  containerType="interface" id="-1577462062" abstract="" />
<data name="SYMBOLIC_RELATIONSHIP_DEFECTREPORTEDAGAINST" initial="S" htmlFileName="com/matrixone/apps/defectmanagement/IDFTConstants" containerName="IDFTConstants"  containerType="interface" id="17108429" abstract="" />
<data name="SYMBOLIC_RELATIONSHIP_DEFECTREPORTEDAGAINSTPRODUCT" initial="S" htmlFileName="com/matrixone/apps/defectmanagement/IDFTConstants" containerName="IDFTConstants"  containerType="interface" id="-1895697482" abstract="" />
<data name="SYMBOLIC_RELATIONSHIP_DEPENDENT" initial="S" htmlFileName="com/matrixone/apps/defectmanagement/IDFTConstants" containerName="IDFTConstants"  containerType="interface" id="1420742095" abstract="" />
<data name="SYMBOLIC_RELATIONSHIP_DERIVED" initial="S" htmlFileName="com/matrixone/apps/defectmanagement/IDFTConstants" containerName="IDFTConstants"  containerType="interface" id="1504275053" abstract="" />
<data name="SYMBOLIC_RELATIONSHIP_ENVIRONMENTCHARACTERISTIC" initial="S" htmlFileName="com/matrixone/apps/defectmanagement/IDFTConstants" containerName="IDFTConstants"  containerType="interface" id="-1216858306" abstract="" />
<data name="SYMBOLIC_RELATIONSHIP_IMPLEMENTATIONREVIEW" initial="S" htmlFileName="com/matrixone/apps/defectmanagement/IDFTConstants" containerName="IDFTConstants"  containerType="interface" id="1060676846" abstract="" />
<data name="SYMBOLIC_RELATIONSHIP_INTRODUCEDIN" initial="S" htmlFileName="com/matrixone/apps/defectmanagement/IDFTConstants" containerName="IDFTConstants"  containerType="interface" id="-591295378" abstract="" />
<data name="SYMBOLIC_RELATIONSHIP_MAINDERIVED" initial="S" htmlFileName="com/matrixone/apps/defectmanagement/IDFTConstants" containerName="IDFTConstants"  containerType="interface" id="-1415532140" abstract="" />
<data name="SYMBOLIC_RELATIONSHIP_MERGED" initial="S" htmlFileName="com/matrixone/apps/defectmanagement/IDFTConstants" containerName="IDFTConstants"  containerType="interface" id="-1945763824" abstract="" />
<data name="SYMBOLIC_RELATIONSHIP_MESSAGE" initial="S" htmlFileName="com/matrixone/apps/defectmanagement/IDFTConstants" containerName="IDFTConstants"  containerType="interface" id="1157787735" abstract="" />
<data name="SYMBOLIC_RELATIONSHIP_ORGANIZATIONENVIRONMENT" initial="S" htmlFileName="com/matrixone/apps/defectmanagement/IDFTConstants" containerName="IDFTConstants"  containerType="interface" id="-808664752" abstract="" />
<data name="SYMBOLIC_RELATIONSHIP_PRIMARYENVIRONMENT" initial="S" htmlFileName="com/matrixone/apps/defectmanagement/IDFTConstants" containerName="IDFTConstants"  containerType="interface" id="1875552949" abstract="" />
<data name="SYMBOLIC_RELATIONSHIP_REGRESSIONFROM" initial="S" htmlFileName="com/matrixone/apps/defectmanagement/IDFTConstants" containerName="IDFTConstants"  containerType="interface" id="249646159" abstract="" />
<data name="SYMBOLIC_RELATIONSHIP_REPLY" initial="S" htmlFileName="com/matrixone/apps/defectmanagement/IDFTConstants" containerName="IDFTConstants"  containerType="interface" id="-2098945350" abstract="" />
<data name="SYMBOLIC_RELATIONSHIP_REVIEWER" initial="S" htmlFileName="com/matrixone/apps/defectmanagement/IDFTConstants" containerName="IDFTConstants"  containerType="interface" id="819838569" abstract="" />
<data name="SYMBOLIC_RELATIONSHIP_SATISFIEDIN" initial="S" htmlFileName="com/matrixone/apps/defectmanagement/IDFTConstants" containerName="IDFTConstants"  containerType="interface" id="1228509735" abstract="" />
<data name="SYMBOLIC_RELATIONSHIP_SCDEFERRED" initial="S" htmlFileName="com/matrixone/apps/defectmanagement/IDFTConstants" containerName="IDFTConstants"  containerType="interface" id="-1742938093" abstract="" />
<data name="SYMBOLIC_RELATIONSHIP_THREAD" initial="S" htmlFileName="com/matrixone/apps/defectmanagement/IDFTConstants" containerName="IDFTConstants"  containerType="interface" id="-1854488850" abstract="" />
<data name="SYMBOLIC_ROLE_DEFECTENGINEER" initial="S" htmlFileName="com/matrixone/apps/defectmanagement/IDFTConstants" containerName="IDFTConstants"  containerType="interface" id="709296838" abstract="" />
<data name="SYMBOLIC_ROLE_DEFECTMANAGER" initial="S" htmlFileName="com/matrixone/apps/defectmanagement/IDFTConstants" containerName="IDFTConstants"  containerType="interface" id="622870954" abstract="" />
<data name="SYMBOLIC_ROLE_RELEASEENGINEER" initial="S" htmlFileName="com/matrixone/apps/defectmanagement/IDFTConstants" containerName="IDFTConstants"  containerType="interface" id="925639428" abstract="" />
<data name="SYMBOLIC_ROLE_VPLMPROJECTLEADER" initial="S" htmlFileName="com/matrixone/apps/defectmanagement/IDFTConstants" containerName="IDFTConstants"  containerType="interface" id="695828501" abstract="" />
<data name="SYMBOLIC_STATE_CLOSED" initial="S" htmlFileName="com/matrixone/apps/defectmanagement/IDFTConstants" containerName="IDFTConstants"  containerType="interface" id="669607281" abstract="" />
<data name="SYMBOLIC_STATE_COMPLETE" initial="S" htmlFileName="com/matrixone/apps/defectmanagement/IDFTConstants" containerName="IDFTConstants"  containerType="interface" id="258440318" abstract="" />
<data name="SYMBOLIC_STATE_EVALUATE" initial="S" htmlFileName="com/matrixone/apps/defectmanagement/IDFTConstants" containerName="IDFTConstants"  containerType="interface" id="-1600571426" abstract="" />
<data name="SYMBOLIC_STATE_INITIATED" initial="S" htmlFileName="com/matrixone/apps/defectmanagement/IDFTConstants" containerName="IDFTConstants"  containerType="interface" id="1875313914" abstract="" />
<data name="SYMBOLIC_STATE_OPEN" initial="S" htmlFileName="com/matrixone/apps/defectmanagement/IDFTConstants" containerName="IDFTConstants"  containerType="interface" id="1398015247" abstract="" />
<data name="SYMBOLIC_STATE_REJECTED" initial="S" htmlFileName="com/matrixone/apps/defectmanagement/IDFTConstants" containerName="IDFTConstants"  containerType="interface" id="1960021443" abstract="" />
<data name="SYMBOLIC_STATE_SUBMIT" initial="S" htmlFileName="com/matrixone/apps/defectmanagement/IDFTConstants" containerName="IDFTConstants"  containerType="interface" id="650742813" abstract="" />
<data name="SYMBOLIC_STATE_TEST" initial="S" htmlFileName="com/matrixone/apps/defectmanagement/IDFTConstants" containerName="IDFTConstants"  containerType="interface" id="1502237527" abstract="" />
<data name="SYMBOLIC_TYPE_DEFECT" initial="S" htmlFileName="com/matrixone/apps/defectmanagement/IDFTConstants" containerName="IDFTConstants"  containerType="interface" id="728013843" abstract="" />
<data name="SYMBOLIC_TYPE_DEFECTACTION" initial="S" htmlFileName="com/matrixone/apps/defectmanagement/IDFTConstants" containerName="IDFTConstants"  containerType="interface" id="-944486519" abstract="" />
<data name="SYMBOLIC_TYPE_ENVIRONMENT" initial="S" htmlFileName="com/matrixone/apps/defectmanagement/IDFTConstants" containerName="IDFTConstants"  containerType="interface" id="2076618341" abstract="" />
<data name="SYMBOLIC_TYPE_IMPLEMENTATIONREVIEW" initial="S" htmlFileName="com/matrixone/apps/defectmanagement/IDFTConstants" containerName="IDFTConstants"  containerType="interface" id="-744437716" abstract="" />
<data name="SYMBOLIC_TYPE_MESSAGE" initial="S" htmlFileName="com/matrixone/apps/defectmanagement/IDFTConstants" containerName="IDFTConstants"  containerType="interface" id="120315993" abstract="" />
<class name="IDFTConstants.DUMMYENUM" initial="I" htmlFileName="com/matrixone/apps/defectmanagement/IDFTConstants.DUMMYENUM"  fatherClass="Enum" fatherId="-705676254" fatherType="enum"  DSCharacteristic="enum" id="-2011616606" abstract="" packageName="com.matrixone.apps.defectmanagement" packagePath="com/matrixone/apps/defectmanagement/" packageAbstract="" />
<method name="toString" initial="t" htmlFileName="com/matrixone/apps/defectmanagement/IDFTConstants.DUMMYENUM" containerName="IDFTConstants.DUMMYENUM"  containerType="enum" id="-1147533779" argList="()" abstract="" />
<method name="valueOf" initial="v" htmlFileName="com/matrixone/apps/defectmanagement/IDFTConstants.DUMMYENUM" containerName="IDFTConstants.DUMMYENUM"  containerType="enum" id="1077518313" argList="(java.lang.String)" abstract="" />
<method name="values" initial="v" htmlFileName="com/matrixone/apps/defectmanagement/IDFTConstants.DUMMYENUM" containerName="IDFTConstants.DUMMYENUM"  containerType="enum" id="-441999517" argList="()" abstract="" />
<class name="DFTException" initial="D" htmlFileName="com/matrixone/apps/defectmanagement/exceptions/DFTException"  fatherClass="MatrixException" fatherId="1868689132" fatherType="exception"  DSCharacteristic="exception" id="-1621392496" abstract="The DFTException class represents the" packageName="com.matrixone.apps.defectmanagement.exceptions" packagePath="com/matrixone/apps/defectmanagement/exceptions/" packageAbstract="" />
<constructor name="DFTException" initial="D" htmlFileName="com/matrixone/apps/defectmanagement/exceptions/DFTException" containerName="DFTException"  containerType="exception" id="-33406907" argList="()" abstract="Construct a DFTException." />
<constructor name="DFTException" initial="D" htmlFileName="com/matrixone/apps/defectmanagement/exceptions/DFTException" containerName="DFTException"  containerType="exception" id="-33406907" argList="(java.lang.Exception)" abstract="Construct a DFTException." />
<constructor name="DFTException" initial="D" htmlFileName="com/matrixone/apps/defectmanagement/exceptions/DFTException" containerName="DFTException"  containerType="exception" id="-33406907" argList="(java.lang.String)" abstract="Construct a DFTException." />
</fw>

