<?xml version="1.0" encoding="utf-8"?>
<fw name="ENOEnterpriseChange" footer="Copyright &#169; 1999-2016, Dassault Syst&#232;mes. All rights reserved. ">
<class name="emxApplicabilityDecisionBase_mxJPO" initial="e" htmlFileName="emxApplicabilityDecisionBase_mxJPO"  fatherClass="emxDecision_mxJPO" fatherId="546859195" fatherType="class"  DSCharacteristic="class" id="-928246395" abstract="The emxApplicabilityDecisionBase class contains methods related to Decision admin type." packageName="NoPackage" packagePath="" packageAbstract="" />
<method name="addApplicableItems" initial="a" htmlFileName="emxApplicabilityDecisionBase_mxJPO" containerName="emxApplicabilityDecisionBase_mxJPO"  containerType="class" id="2138780626" argList="(matrix.db.Context, java.lang.String[])" abstract="Add Applicable Items on the context Decision." />
<method name="connectChangeTasktoDeliverableCheckTrigger" initial="c" htmlFileName="emxApplicabilityDecisionBase_mxJPO" containerName="emxApplicabilityDecisionBase_mxJPO"  containerType="class" id="-1048718851" argList="(matrix.db.Context, java.lang.String[])" abstract="Trigger Method called in the relationship &quot;Task Deliverable&quot; create check to decide whether" />
<method name="connectManufacturingApplicableItemManufacturingIntent" initial="c" htmlFileName="emxApplicabilityDecisionBase_mxJPO" containerName="emxApplicabilityDecisionBase_mxJPO"  containerType="class" id="1626563870" argList="(matrix.db.Context, java.lang.String[])" abstract="Method to connect Manufacturing Intent to Manufacturing Applicable item" />
<method name="decisionActivetoReleaseCheckTrigger" initial="d" htmlFileName="emxApplicabilityDecisionBase_mxJPO" containerName="emxApplicabilityDecisionBase_mxJPO"  containerType="class" id="1884684824" argList="(matrix.db.Context, java.lang.String[])" abstract="Method called on the check trigger for Decision active state" />
<method name="displayDecisionManufacturingApplicableItemsUpwardCompatibility" initial="d" htmlFileName="emxApplicabilityDecisionBase_mxJPO" containerName="emxApplicabilityDecisionBase_mxJPO"  containerType="class" id="1388309530" argList="(matrix.db.Context, java.lang.String[])" abstract="Method to define if the Upward Compatibility column should be displayed in the Decision Manufacturing Applicable Items table" />
<method name="dynamicRemoveApplicabilityForChange" initial="d" htmlFileName="emxApplicabilityDecisionBase_mxJPO" containerName="emxApplicabilityDecisionBase_mxJPO"  containerType="class" id="1490112475" argList="(matrix.db.Context, java.lang.String)" abstract="Dynamically remove applicability for a Change Object." />
<method name="excludeDecisionApplicableItems" initial="e" htmlFileName="emxApplicabilityDecisionBase_mxJPO" containerName="emxApplicabilityDecisionBase_mxJPO"  containerType="class" id="115168967" argList="(matrix.db.Context, java.lang.String[])" abstract="Exclude object already connected to Decision as Applicable Item" />
<method name="excludeDecisionDesignApplicableItems" initial="e" htmlFileName="emxApplicabilityDecisionBase_mxJPO" containerName="emxApplicabilityDecisionBase_mxJPO"  containerType="class" id="-1786692955" argList="(matrix.db.Context, java.lang.String[])" abstract="Exclude design object already connected to Decision as Applicable Item" />
<method name="excludeDecisionManufacturingApplicableItems" initial="e" htmlFileName="emxApplicabilityDecisionBase_mxJPO" containerName="emxApplicabilityDecisionBase_mxJPO"  containerType="class" id="-1762417287" argList="(matrix.db.Context, java.lang.String[])" abstract="Exclude manufacturing object already connected to Decision as Applicable Item" />
<method name="excludeDecisionManufacturingIntentImplementedAt" initial="e" htmlFileName="emxApplicabilityDecisionBase_mxJPO" containerName="emxApplicabilityDecisionBase_mxJPO"  containerType="class" id="-841012671" argList="(matrix.db.Context, java.lang.String[])" abstract="Exclude manufacturing object already connected to Decision as Manufacturing Intent Implemented At" />
<method name="excludeDecisionManufacturingIntents" initial="e" htmlFileName="emxApplicabilityDecisionBase_mxJPO" containerName="emxApplicabilityDecisionBase_mxJPO"  containerType="class" id="-461790781" argList="(matrix.db.Context, java.lang.String[])" abstract="Exclude the Manufacturing Intents already connected" />
<method name="getApplicableItemChangeDiscipline" initial="g" htmlFileName="emxApplicabilityDecisionBase_mxJPO" containerName="emxApplicabilityDecisionBase_mxJPO"  containerType="class" id="1545901994" argList="(matrix.db.Context, java.lang.String[])" abstract="Display Applicable Item Change Discipline Values" />
<method name="getApplicableItems" initial="g" htmlFileName="emxApplicabilityDecisionBase_mxJPO" containerName="emxApplicabilityDecisionBase_mxJPO"  containerType="class" id="-274887097" argList="(matrix.db.Context, java.lang.String)" abstract="Get the list of all Applicable Items for the given object.." deprecated=": since R418 Use Decision.getApplicableItems(Context context, StringList selectedChangeDisciplines)" />
<method name="getApplicableItems" initial="g" htmlFileName="emxApplicabilityDecisionBase_mxJPO" containerName="emxApplicabilityDecisionBase_mxJPO"  containerType="class" id="-274887097" argList="(matrix.db.Context, java.lang.String[])" abstract="Get the list of all Applicable Items on the context Decision." />
<method name="getChangeObjectIcon" initial="g" htmlFileName="emxApplicabilityDecisionBase_mxJPO" containerName="emxApplicabilityDecisionBase_mxJPO"  containerType="class" id="-431116812" argList="(matrix.db.Context, java.lang.String[])" abstract="getIcon will return the icon to display in the Propagation Report Dialog table." />
<method name="getChangeObjectName" initial="g" htmlFileName="emxApplicabilityDecisionBase_mxJPO" containerName="emxApplicabilityDecisionBase_mxJPO"  containerType="class" id="-1355802462" argList="(matrix.db.Context, java.lang.String[])" abstract="getChangeObjectName will return the the name of the change object to display in the Propagation Report Dialog table." />
<method name="getDecisionApplicabilityChangeDisciplineColumns" initial="g" htmlFileName="emxApplicabilityDecisionBase_mxJPO" containerName="emxApplicabilityDecisionBase_mxJPO"  containerType="class" id="-1073442904" argList="(matrix.db.Context, java.lang.String[])" abstract="Generate the needed Decision Applicability column according to the authorized Change Disciplines" />
<method name="getDecisionApplicabilityDisciplineSummary" initial="g" htmlFileName="emxApplicabilityDecisionBase_mxJPO" containerName="emxApplicabilityDecisionBase_mxJPO"  containerType="class" id="-1106178385" argList="(matrix.db.Context, java.lang.String[])" abstract="Get the Decision Applicability summary for the concerned Model Context and Change Discipline" />
<method name="getDecisionCommonModelsForApplicability" initial="g" htmlFileName="emxApplicabilityDecisionBase_mxJPO" containerName="emxApplicabilityDecisionBase_mxJPO"  containerType="class" id="-701826769" argList="(matrix.db.Context, java.lang.String[])" abstract="Get the Common Models For Applicability" />
<method name="getErrorMessage" initial="g" htmlFileName="emxApplicabilityDecisionBase_mxJPO" containerName="emxApplicabilityDecisionBase_mxJPO"  containerType="class" id="2128230877" argList="(matrix.db.Context, java.lang.String[])" abstract="getErrorMessage will return the the message to display in the Propagation Report Dialog table." />
<method name="getLatestReleasedDecision" initial="g" htmlFileName="emxApplicabilityDecisionBase_mxJPO" containerName="emxApplicabilityDecisionBase_mxJPO"  containerType="class" id="-48990788" argList="(matrix.db.Context, java.lang.String)" abstract="Get the latest released Decision with Track Applicability for the Change Task" />
<method name="getManufacturingApplicabilityImplementedAt" initial="g" htmlFileName="emxApplicabilityDecisionBase_mxJPO" containerName="emxApplicabilityDecisionBase_mxJPO"  containerType="class" id="-1893489254" argList="(matrix.db.Context, java.lang.String[])" abstract="Display Manufacturing Applicable Item Implemented At" />
<method name="getManufacturingApplicabilityImplementedAtEditAccess" initial="g" htmlFileName="emxApplicabilityDecisionBase_mxJPO" containerName="emxApplicabilityDecisionBase_mxJPO"  containerType="class" id="-2137366868" argList="(matrix.db.Context, java.lang.String[])" abstract="Method to get the cell level access for Implemented At on Manufacturing Applicable Item table" />
<method name="getManufacturingApplicableItemsManufacturingIntent" initial="g" htmlFileName="emxApplicabilityDecisionBase_mxJPO" containerName="emxApplicabilityDecisionBase_mxJPO"  containerType="class" id="1449153969" argList="(matrix.db.Context, java.lang.String[])" abstract="Display Manufacturing Applicable Item Manufacturing Intent" />
<method name="getSubsequentApplicabilityFlag" initial="g" htmlFileName="emxApplicabilityDecisionBase_mxJPO" containerName="emxApplicabilityDecisionBase_mxJPO"  containerType="class" id="-536367508" argList="(matrix.db.Context, java.lang.String[])" abstract="Gets the Subsequent Applicability for the Applicable Item.." deprecated="since R418" />
<method name="isPropagationAllowed" initial="i" htmlFileName="emxApplicabilityDecisionBase_mxJPO" containerName="emxApplicabilityDecisionBase_mxJPO"  containerType="class" id="1727386508" argList="(matrix.db.Context, java.lang.String[])" abstract="" />
<method name="isPropagationForCAAllowed" initial="i" htmlFileName="emxApplicabilityDecisionBase_mxJPO" containerName="emxApplicabilityDecisionBase_mxJPO"  containerType="class" id="1620994127" argList="(matrix.db.Context, java.lang.String[])" abstract="isPropagationForECAllowed decides whether to propagate the change object or not." />
<method name="isPropagationForECAllowed" initial="i" htmlFileName="emxApplicabilityDecisionBase_mxJPO" containerName="emxApplicabilityDecisionBase_mxJPO"  containerType="class" id="1130748047" argList="(matrix.db.Context, java.lang.String[])" abstract="isPropagationForECAllowed decides whether to propagate the engineering change object or not." />
<method name="mxMain" initial="m" htmlFileName="emxApplicabilityDecisionBase_mxJPO" containerName="emxApplicabilityDecisionBase_mxJPO"  containerType="class" id="-618608690" argList="(matrix.db.Context, java.lang.String[])" abstract="Main entry point." />
<method name="postProcessRefresh" initial="p" htmlFileName="emxApplicabilityDecisionBase_mxJPO" containerName="emxApplicabilityDecisionBase_mxJPO"  containerType="class" id="285076134" argList="(matrix.db.Context, java.lang.String[])" abstract="Method to refresh the table after clicking on Apply" />
<method name="promoteDecisiontoReleaseState" initial="p" htmlFileName="emxApplicabilityDecisionBase_mxJPO" containerName="emxApplicabilityDecisionBase_mxJPO"  containerType="class" id="-2046903279" argList="(matrix.db.Context, java.lang.String[])" abstract="Method to promote the Decision object to released state" />
<method name="propagateApplicability" initial="p" htmlFileName="emxApplicabilityDecisionBase_mxJPO" containerName="emxApplicabilityDecisionBase_mxJPO"  containerType="class" id="1101703862" argList="(matrix.db.Context, java.lang.String[])" abstract="Propagate Applicability from the Decision to Change Tasks" deprecated=": since R418 Use propagateApplicabilityForOpenness(matrix.db.Context,java.lang.String[])" />
<method name="propagateApplicabilityForOpenness" initial="p" htmlFileName="emxApplicabilityDecisionBase_mxJPO" containerName="emxApplicabilityDecisionBase_mxJPO"  containerType="class" id="1251208644" argList="(matrix.db.Context, java.lang.String[])" abstract="Propagate Applicability from the Decision to Change Tasks" />
<method name="propagateApplicabilityReportDisplay" initial="p" htmlFileName="emxApplicabilityDecisionBase_mxJPO" containerName="emxApplicabilityDecisionBase_mxJPO"  containerType="class" id="962646752" argList="(matrix.db.Context, java.lang.String[])" abstract="propagateApplicabilityReportDisplay will return the list of the change objects with the info whether they are allowed for propagation or not." />
<method name="propagateApplicabilityTrigger" initial="p" htmlFileName="emxApplicabilityDecisionBase_mxJPO" containerName="emxApplicabilityDecisionBase_mxJPO"  containerType="class" id="-1982998314" argList="(matrix.db.Context, java.lang.String[])" abstract="Propagate Applicability when a new Deliverable or Decision is connected" />
<method name="removeApplicabilityForChange" initial="r" htmlFileName="emxApplicabilityDecisionBase_mxJPO" containerName="emxApplicabilityDecisionBase_mxJPO"  containerType="class" id="1414960410" argList="(matrix.db.Context, java.lang.String[])" abstract="Remove Applicability for a Change Object" />
<method name="removeApplicableItems" initial="r" htmlFileName="emxApplicabilityDecisionBase_mxJPO" containerName="emxApplicabilityDecisionBase_mxJPO"  containerType="class" id="-1404272139" argList="(matrix.db.Context, java.lang.String[])" abstract="Remove Applicable Items on the context Decision." deprecated=": since R418 Use removeDecisionAppliesTo(matrix.db.Context,java.lang.String[])" />
<method name="removeDecisionAppliesTo" initial="r" htmlFileName="emxApplicabilityDecisionBase_mxJPO" containerName="emxApplicabilityDecisionBase_mxJPO"  containerType="class" id="1696079467" argList="(matrix.db.Context, java.lang.String[])" abstract="Method to remove unneeded Decision Applicable Item objects" />
<method name="showAddRemoveActions" initial="s" htmlFileName="emxApplicabilityDecisionBase_mxJPO" containerName="emxApplicabilityDecisionBase_mxJPO"  containerType="class" id="974295901" argList="(matrix.db.Context, java.lang.String[])" abstract="Show Add and Remove actions only if state of Decision is less than Release" />
<method name="showDecisionApplicability" initial="s" htmlFileName="emxApplicabilityDecisionBase_mxJPO" containerName="emxApplicabilityDecisionBase_mxJPO"  containerType="class" id="1802233222" argList="(matrix.db.Context, java.lang.String[])" abstract="Method to determine if Decision Applicability command should be displayed" />
<method name="showDecisionApplicableItems" initial="s" htmlFileName="emxApplicabilityDecisionBase_mxJPO" containerName="emxApplicabilityDecisionBase_mxJPO"  containerType="class" id="194182954" argList="(matrix.db.Context, java.lang.String[])" abstract="Method to determine if Decision Applicable Item command should be displayed" />
<method name="showDecisionDesignApplicableItems" initial="s" htmlFileName="emxApplicabilityDecisionBase_mxJPO" containerName="emxApplicabilityDecisionBase_mxJPO"  containerType="class" id="174181576" argList="(matrix.db.Context, java.lang.String[])" abstract="Method to determine if Decision Design Applicable Item command should be displayed" />
<method name="showDecisionDomainApplicableItems" initial="s" htmlFileName="emxApplicabilityDecisionBase_mxJPO" containerName="emxApplicabilityDecisionBase_mxJPO"  containerType="class" id="1289808974" argList="(matrix.db.Context, java.lang.String[])" abstract="Global Method call by Change Discipline to determine if Decision Applicable Item command for proper Change Discipline should be displayed" />
<method name="showDecisionManufacturingApplicableItems" initial="s" htmlFileName="emxApplicabilityDecisionBase_mxJPO" containerName="emxApplicabilityDecisionBase_mxJPO"  containerType="class" id="-2055997962" argList="(matrix.db.Context, java.lang.String[])" abstract="Method to determine if Decision Manufacturing Applicable Item command should be displayed" />
<method name="showDecisionManufacturingIntents" initial="s" htmlFileName="emxApplicabilityDecisionBase_mxJPO" containerName="emxApplicabilityDecisionBase_mxJPO"  containerType="class" id="-537084096" argList="(matrix.db.Context, java.lang.String[])" abstract="Method to determine if Decision Manufacturing Intent command should be displayed" />
<method name="showDecisionManufacturingIntentsMobileModeDisabled" initial="s" htmlFileName="emxApplicabilityDecisionBase_mxJPO" containerName="emxApplicabilityDecisionBase_mxJPO"  containerType="class" id="1485017599" argList="(matrix.db.Context, java.lang.String[])" abstract="Check For Manufacturing Intent and Mobile Mode Disable." />
<method name="showDecisionManufacturingIntentsMobileModeEnabled" initial="s" htmlFileName="emxApplicabilityDecisionBase_mxJPO" containerName="emxApplicabilityDecisionBase_mxJPO"  containerType="class" id="1473098664" argList="(matrix.db.Context, java.lang.String[])" abstract="Check For Manufacturing Intent and Mobile Mode Enable." />
<method name="showPropagateApplicability" initial="s" htmlFileName="emxApplicabilityDecisionBase_mxJPO" containerName="emxApplicabilityDecisionBase_mxJPO"  containerType="class" id="587896633" argList="(matrix.db.Context, java.lang.String[])" abstract="Returns true if the Propagate Applicability command should show" />
<method name="showReleaseCommand" initial="s" htmlFileName="emxApplicabilityDecisionBase_mxJPO" containerName="emxApplicabilityDecisionBase_mxJPO"  containerType="class" id="-1406070767" argList="(matrix.db.Context, java.lang.String[])" abstract="Method called in the command ECHDecisionReleaseLifecycle to decide whether" />
<method name="updateApplicability" initial="u" htmlFileName="emxApplicabilityDecisionBase_mxJPO" containerName="emxApplicabilityDecisionBase_mxJPO"  containerType="class" id="461982806" argList="(matrix.db.Context, java.lang.String[])" abstract="Update Applicability during propagation" />
<method name="updateApplicableItemChangeDiscipline" initial="u" htmlFileName="emxApplicabilityDecisionBase_mxJPO" containerName="emxApplicabilityDecisionBase_mxJPO"  containerType="class" id="-786696297" argList="(matrix.db.Context, java.lang.String[])" abstract="Update Applicable Item Change Discipline in case of Applicable Item type belongs to several Change Disciplines" deprecated="since R418" />
<method name="updateDecisionApplicabilityDisciplineSummary" initial="u" htmlFileName="emxApplicabilityDecisionBase_mxJPO" containerName="emxApplicabilityDecisionBase_mxJPO"  containerType="class" id="-191614564" argList="(matrix.db.Context, java.lang.String[])" abstract="Update the Decision Applicability Discipline Summary" />
<method name="updateManufacturingApplicabilityImplementedAt" initial="u" htmlFileName="emxApplicabilityDecisionBase_mxJPO" containerName="emxApplicabilityDecisionBase_mxJPO"  containerType="class" id="688185421" argList="(matrix.db.Context, java.lang.String[])" abstract="Method to update Manufacturing Applicable Item Implemented At" />
<method name="updateManufacturingApplicableItemsManufacturingIntent" initial="u" htmlFileName="emxApplicabilityDecisionBase_mxJPO" containerName="emxApplicabilityDecisionBase_mxJPO"  containerType="class" id="-1405014684" argList="(matrix.db.Context, java.lang.String[])" abstract="Method to update Manufacturing Applicable Item Manufacturing Intent" />
<method name="updateManufacturingApplicableItemsUpwardCompatibility" initial="u" htmlFileName="emxApplicabilityDecisionBase_mxJPO" containerName="emxApplicabilityDecisionBase_mxJPO"  containerType="class" id="-740640155" argList="(matrix.db.Context, java.lang.String[])" abstract="Method to update Manufacturing Applicable Item Upward Compatibility" />
<method name="updateTrackApplicability" initial="u" htmlFileName="emxApplicabilityDecisionBase_mxJPO" containerName="emxApplicabilityDecisionBase_mxJPO"  containerType="class" id="-813567345" argList="(matrix.db.Context, java.lang.String[])" abstract="Method to update the Track Applicability attribute" />
<constructor name="emxApplicabilityDecisionBase_mxJPO" initial="e" htmlFileName="emxApplicabilityDecisionBase_mxJPO" containerName="emxApplicabilityDecisionBase_mxJPO"  containerType="class" id="-1103636006" argList="(matrix.db.Context, java.lang.String[])" abstract="Default Constructor." />
<data name="RANGE_NO" initial="R" htmlFileName="emxApplicabilityDecisionBase_mxJPO" containerName="emxApplicabilityDecisionBase_mxJPO"  containerType="class" id="697220710" abstract="" />
<data name="RANGE_YES" initial="R" htmlFileName="emxApplicabilityDecisionBase_mxJPO" containerName="emxApplicabilityDecisionBase_mxJPO"  containerType="class" id="282592292" abstract="" />
<data name="UPWARD_COMPATIBILITY_RANGE_NO" initial="U" htmlFileName="emxApplicabilityDecisionBase_mxJPO" containerName="emxApplicabilityDecisionBase_mxJPO"  containerType="class" id="-167029617" abstract="" />
<data name="UPWARD_COMPATIBILITY_RANGE_YES" initial="U" htmlFileName="emxApplicabilityDecisionBase_mxJPO" containerName="emxApplicabilityDecisionBase_mxJPO"  containerType="class" id="-739364069" abstract="" />
<class name="emxApplicabilityDecision_mxJPO" initial="e" htmlFileName="emxApplicabilityDecision_mxJPO"  fatherClass="emxApplicabilityDecisionBase_mxJPO" fatherId="-928246395" fatherType="class"  DSCharacteristic="class" id="-803033834" abstract="This JPO class has methods pertaining to Decision type extended by Enterprise Change" packageName="NoPackage" packagePath="" packageAbstract="" />
<method name="mxMain" initial="m" htmlFileName="emxApplicabilityDecision_mxJPO" containerName="emxApplicabilityDecision_mxJPO"  containerType="class" id="-618608690" argList="(matrix.db.Context, java.lang.String[])" abstract="Main entry point" />
<constructor name="emxApplicabilityDecision_mxJPO" initial="e" htmlFileName="emxApplicabilityDecision_mxJPO" containerName="emxApplicabilityDecision_mxJPO"  containerType="class" id="-377549271" argList="(matrix.db.Context, java.lang.String[])" abstract="Create a new emxApplicabilityDecision object from a given id" />
<class name="emxChangeProjectBase_mxJPO" initial="e" htmlFileName="emxChangeProjectBase_mxJPO"  fatherClass="ChangeProject" fatherId="-1893370282" fatherType="class"  DSCharacteristic="class" id="377678589" abstract="The emxECRProjectBase class represents the Project Space JPO" packageName="NoPackage" packagePath="" packageAbstract="" />
<method name="connectModelRelatedChangeProjects" initial="c" htmlFileName="emxChangeProjectBase_mxJPO" containerName="emxChangeProjectBase_mxJPO"  containerType="class" id="1742862428" argList="(matrix.db.Context, java.lang.String[])" abstract="" />
<method name="displayChangeDisciplineValue" initial="d" htmlFileName="emxChangeProjectBase_mxJPO" containerName="emxChangeProjectBase_mxJPO"  containerType="class" id="1794502275" argList="(matrix.db.Context, java.lang.String[])" abstract="Display Change Discipline values for related Change Projects" />
<method name="enableCheckboxModelRelatedChangeProjects" initial="e" htmlFileName="emxChangeProjectBase_mxJPO" containerName="emxChangeProjectBase_mxJPO"  containerType="class" id="2051435616" argList="(matrix.db.Context, java.lang.String[])" abstract="Method to authorize user to select available Change Project" />
<method name="getApplicabilityContextFields" initial="g" htmlFileName="emxChangeProjectBase_mxJPO" containerName="emxChangeProjectBase_mxJPO"  containerType="class" id="-994313671" argList="(matrix.db.Context, java.lang.String[])" abstract="Get applicability context Field on task creation page." />
<method name="getAvailableModelRelatedChangeProjects" initial="g" htmlFileName="emxChangeProjectBase_mxJPO" containerName="emxChangeProjectBase_mxJPO"  containerType="class" id="1451806419" argList="(matrix.db.Context, java.lang.String[])" abstract="Method to get available Change Project to connect to context Model" />
<method name="getAvailableModelRelatedChangeProjectsList" initial="g" htmlFileName="emxChangeProjectBase_mxJPO" containerName="emxChangeProjectBase_mxJPO"  containerType="class" id="-115525931" argList="(matrix.db.Context, java.lang.String[])" abstract="" />
<method name="getChangeDisciplineAttribute" initial="g" htmlFileName="emxChangeProjectBase_mxJPO" containerName="emxChangeProjectBase_mxJPO"  containerType="class" id="-964336628" argList="(matrix.db.Context, java.lang.String[])" abstract="Get Change discipline field." />
<method name="getHiddenFields" initial="g" htmlFileName="emxChangeProjectBase_mxJPO" containerName="emxChangeProjectBase_mxJPO"  containerType="class" id="1209390905" argList="(matrix.db.Context, java.lang.String[])" abstract="gets the type and subtypes of the changetask as hidden variables" />
<method name="getIssueRelatedToModel" initial="g" htmlFileName="emxChangeProjectBase_mxJPO" containerName="emxChangeProjectBase_mxJPO"  containerType="class" id="279471052" argList="(matrix.db.Context, java.lang.String[])" abstract="Method to get all the issues connected to all Product revs of the Model" />
<method name="getModelRelatedChangeProjects" initial="g" htmlFileName="emxChangeProjectBase_mxJPO" containerName="emxChangeProjectBase_mxJPO"  containerType="class" id="1470850416" argList="(matrix.db.Context, java.lang.String[])" abstract="Method to get related Model Change Projects connected through Related Projects relationship" deprecated="since R418" />
<method name="getProjectDeliverablesList" initial="g" htmlFileName="emxChangeProjectBase_mxJPO" containerName="emxChangeProjectBase_mxJPO"  containerType="class" id="-1483160291" argList="(matrix.db.Context, java.lang.String[])" abstract="Affected Items Report" />
<method name="getProjectProgram" initial="g" htmlFileName="emxChangeProjectBase_mxJPO" containerName="emxChangeProjectBase_mxJPO"  containerType="class" id="-316262511" argList="(matrix.db.Context, java.lang.String[])" abstract="Method to get Change Project related Program" />
<method name="getRelatedProgram" initial="g" htmlFileName="emxChangeProjectBase_mxJPO" containerName="emxChangeProjectBase_mxJPO"  containerType="class" id="721903651" argList="(matrix.db.Context, java.lang.String[])" abstract="Method to get Model related Program" />
<method name="showCommandForChangeProject" initial="s" htmlFileName="emxChangeProjectBase_mxJPO" containerName="emxChangeProjectBase_mxJPO"  containerType="class" id="-471735580" argList="(matrix.db.Context, java.lang.String[])" abstract="AccessFunction" />
<constructor name="emxChangeProjectBase_mxJPO" initial="e" htmlFileName="emxChangeProjectBase_mxJPO" containerName="emxChangeProjectBase_mxJPO"  containerType="class" id="1671193954" argList="(matrix.db.Context, java.lang.String[])" abstract="Constructs a new emxECRProject JPO object." />
<constructor name="emxChangeProjectBase_mxJPO" initial="e" htmlFileName="emxChangeProjectBase_mxJPO" containerName="emxChangeProjectBase_mxJPO"  containerType="class" id="1671193954" argList="(java.lang.String)" abstract="Constructs a new emxECRProject JPO object." />
<class name="emxChangeProject_mxJPO" initial="e" htmlFileName="emxChangeProject_mxJPO"  fatherClass="emxChangeProjectBase_mxJPO" fatherId="377678589" fatherType="class"  DSCharacteristic="class" id="1743715982" abstract="The emxECRProject class represents the Project Space JPO" packageName="NoPackage" packagePath="" packageAbstract="" />
<constructor name="emxChangeProject_mxJPO" initial="e" htmlFileName="emxChangeProject_mxJPO" containerName="emxChangeProject_mxJPO"  containerType="class" id="600219057" argList="(matrix.db.Context, java.lang.String[])" abstract="" />
<constructor name="emxChangeProject_mxJPO" initial="e" htmlFileName="emxChangeProject_mxJPO" containerName="emxChangeProject_mxJPO"  containerType="class" id="600219057" argList="(java.lang.String)" abstract="Constructs a new emxECRProject JPO object." />
<class name="emxChangeTaskBase_mxJPO" initial="e" htmlFileName="emxChangeTaskBase_mxJPO"  fatherClass="ChangeTask" fatherId="727898274" fatherType="class"  DSCharacteristic="class" id="2114186129" abstract="Implementation for Change Task" packageName="NoPackage" packagePath="" packageAbstract="" />
<method name="canCancelChange" initial="c" htmlFileName="emxChangeTaskBase_mxJPO" containerName="emxChangeTaskBase_mxJPO"  containerType="class" id="-704879272" argList="(matrix.db.Context, java.lang.String[])" abstract="check for the cancellation of the Change process object" />
<method name="checkViewMode" initial="c" htmlFileName="emxChangeTaskBase_mxJPO" containerName="emxChangeTaskBase_mxJPO"  containerType="class" id="264864578" argList="(matrix.db.Context, java.lang.String[])" abstract="" />
<method name="disconnectCheckOnIssueAndTaskDeliverableRels" initial="d" htmlFileName="emxChangeTaskBase_mxJPO" containerName="emxChangeTaskBase_mxJPO"  containerType="class" id="1954509575" argList="(matrix.db.Context, java.lang.String[])" abstract="Delete Trigger on Issue Rel to check for the Change Task state" />
<method name="disconnectCheckOnResolvedToRel" initial="d" htmlFileName="emxChangeTaskBase_mxJPO" containerName="emxChangeTaskBase_mxJPO"  containerType="class" id="1012233591" argList="(matrix.db.Context, java.lang.String[])" abstract="Delete Trigger on Issue Rel to check for the Change Task state" deprecated="since R418" />
<method name="disconnectCheckOnTaskDeliverableRel" initial="d" htmlFileName="emxChangeTaskBase_mxJPO" containerName="emxChangeTaskBase_mxJPO"  containerType="class" id="1106437352" argList="(matrix.db.Context, java.lang.String[])" abstract="Delete Trigger on Task Deliverable Rel to check for the Change Task state" />
<method name="disconnectDeliverables" initial="d" htmlFileName="emxChangeTaskBase_mxJPO" containerName="emxChangeTaskBase_mxJPO"  containerType="class" id="136426306" argList="(matrix.db.Context, java.lang.String[])" abstract="Method to disconnect the deliverables from the change task" />
<method name="excludeChangeTaskApplicabilityContexts" initial="e" htmlFileName="emxChangeTaskBase_mxJPO" containerName="emxChangeTaskBase_mxJPO"  containerType="class" id="-583532776" argList="(matrix.db.Context, java.lang.String[])" abstract="Exclude Applicability Contexts already connected to Change Task as Impacted Objects" />
<method name="excludeChangeTaskImpactedObjects" initial="e" htmlFileName="emxChangeTaskBase_mxJPO" containerName="emxChangeTaskBase_mxJPO"  containerType="class" id="-445530574" argList="(matrix.db.Context, java.lang.String[])" abstract="Exclude Impacted Objects already connected to Change Task as Impacted Objects" />
<method name="excludeConnectedTaskDeliverablesAndECOECInReview" initial="e" htmlFileName="emxChangeTaskBase_mxJPO" containerName="emxChangeTaskBase_mxJPO"  containerType="class" id="-363775019" argList="(matrix.db.Context, java.lang.String[])" abstract="" />
<method name="excludeECOAndECInReviewState" initial="e" htmlFileName="emxChangeTaskBase_mxJPO" containerName="emxChangeTaskBase_mxJPO"  containerType="class" id="-1896251428" argList="(matrix.db.Context, java.lang.String[])" abstract="" />
<method name="getChangeTaskApplicabilityContexts" initial="g" htmlFileName="emxChangeTaskBase_mxJPO" containerName="emxChangeTaskBase_mxJPO"  containerType="class" id="803480980" argList="(matrix.db.Context, java.lang.String[])" abstract="Get the Change Task Applicability Contexts" />
<method name="getChangeTaskImpactedObjects" initial="g" htmlFileName="emxChangeTaskBase_mxJPO" containerName="emxChangeTaskBase_mxJPO"  containerType="class" id="468414894" argList="(matrix.db.Context, java.lang.String[])" abstract="Get the Change Task Impacted Objects" />
<method name="getHiddenFields" initial="g" htmlFileName="emxChangeTaskBase_mxJPO" containerName="emxChangeTaskBase_mxJPO"  containerType="class" id="1209390905" argList="(matrix.db.Context, java.lang.String[])" abstract="gets the type and subtypes of the changetask as hidden variables" />
<method name="getProjectLeadRole" initial="g" htmlFileName="emxChangeTaskBase_mxJPO" containerName="emxChangeTaskBase_mxJPO"  containerType="class" id="955578173" argList="(matrix.db.Context, java.lang.String)" abstract="" />
<method name="getTaskRequirementVals" initial="g" htmlFileName="emxChangeTaskBase_mxJPO" containerName="emxChangeTaskBase_mxJPO"  containerType="class" id="1565146936" argList="(matrix.db.Context, java.lang.String[])" abstract="Gets the range vals for the Task Requirement Field" />
<method name="getTypePatternString" initial="g" htmlFileName="emxChangeTaskBase_mxJPO" containerName="emxChangeTaskBase_mxJPO"  containerType="class" id="-1471009343" argList="(matrix.db.Context)" abstract="Method to return the change types that are allowed" />
<method name="hasProjectLeadRole" initial="h" htmlFileName="emxChangeTaskBase_mxJPO" containerName="emxChangeTaskBase_mxJPO"  containerType="class" id="-895115903" argList="(matrix.db.Context, java.lang.String)" abstract="" />
<method name="hideCommandForChangeTask" initial="h" htmlFileName="emxChangeTaskBase_mxJPO" containerName="emxChangeTaskBase_mxJPO"  containerType="class" id="174908253" argList="(matrix.db.Context, java.lang.String[])" abstract="AccessFunction" />
<method name="hideCommandForRelasedTask" initial="h" htmlFileName="emxChangeTaskBase_mxJPO" containerName="emxChangeTaskBase_mxJPO"  containerType="class" id="-1538470813" argList="(matrix.db.Context, java.lang.String[])" abstract="AccessFunction" />
<method name="hideLifeCycleCommandForChangeTask" initial="h" htmlFileName="emxChangeTaskBase_mxJPO" containerName="emxChangeTaskBase_mxJPO"  containerType="class" id="625571767" argList="(matrix.db.Context, java.lang.String[])" abstract="AccessFunction" />
<method name="isMPUsedInApplicabilityContext" initial="i" htmlFileName="emxChangeTaskBase_mxJPO" containerName="emxChangeTaskBase_mxJPO"  containerType="class" id="195083897" argList="(matrix.db.Context, java.lang.String[])" abstract="isMPUsedInApplicabilityContext method will be called from Delete check action trigger on type Manufacturing Plan" deprecated="since R418" />
<method name="promoteRelatedObjects" initial="p" htmlFileName="emxChangeTaskBase_mxJPO" containerName="emxChangeTaskBase_mxJPO"  containerType="class" id="-1229614487" argList="(matrix.db.Context, java.lang.String[])" abstract="Promote the objects passed in the args" />
<method name="removeChangeTaskApplicabilityContexts" initial="r" htmlFileName="emxChangeTaskBase_mxJPO" containerName="emxChangeTaskBase_mxJPO"  containerType="class" id="-507380414" argList="(matrix.db.Context, java.lang.String[])" abstract="Remove Change Task Applicability Contexts" />
<method name="setApplicabilityContext" initial="s" htmlFileName="emxChangeTaskBase_mxJPO" containerName="emxChangeTaskBase_mxJPO"  containerType="class" id="1561984038" argList="(matrix.db.Context, java.lang.String[])" abstract="set applicability context Field on task creation page." />
<method name="setChangeDisciplineAttribute" initial="s" htmlFileName="emxChangeTaskBase_mxJPO" containerName="emxChangeTaskBase_mxJPO"  containerType="class" id="1821494040" argList="(matrix.db.Context, java.lang.String[])" abstract="set Change discipline field." />
<method name="setChangeTaskStateOnChangeProcessPromoteDemote" initial="s" htmlFileName="emxChangeTaskBase_mxJPO" containerName="emxChangeTaskBase_mxJPO"  containerType="class" id="1578539172" argList="(matrix.db.Context, java.lang.String[])" abstract="Trigger on EC, ECR, ECO promote and demote" />
<method name="setRelatedObjectState" initial="s" htmlFileName="emxChangeTaskBase_mxJPO" containerName="emxChangeTaskBase_mxJPO"  containerType="class" id="-1634181815" argList="(matrix.db.Context, java.lang.String[])" abstract="Sets the state state based on the change task deliverable state" deprecated=": since R418 Use setChangeTaskStateOnChangeProcessPromoteDemote(matrix.db.Context,java.lang.String[])" />
<method name="showAddDeliverableCommand" initial="s" htmlFileName="emxChangeTaskBase_mxJPO" containerName="emxChangeTaskBase_mxJPO"  containerType="class" id="2044002434" argList="(matrix.db.Context, java.lang.String[])" abstract="Method to show Add Deliverable command" />
<method name="showCommandForChangeTask" initial="s" htmlFileName="emxChangeTaskBase_mxJPO" containerName="emxChangeTaskBase_mxJPO"  containerType="class" id="1268390466" argList="(matrix.db.Context, java.lang.String[])" abstract="AccessFunction" />
<method name="showCommandResolvedItemCommand" initial="s" htmlFileName="emxChangeTaskBase_mxJPO" containerName="emxChangeTaskBase_mxJPO"  containerType="class" id="1453949920" argList="(matrix.db.Context, java.lang.String[])" abstract="Method to show Resolved Item command" />
<method name="showLifeCycleCommand" initial="s" htmlFileName="emxChangeTaskBase_mxJPO" containerName="emxChangeTaskBase_mxJPO"  containerType="class" id="-162196524" argList="(matrix.db.Context, java.lang.String[])" abstract="AccessFunction" />
<method name="triggerCheckChangeTaskReviewPromote" initial="t" htmlFileName="emxChangeTaskBase_mxJPO" containerName="emxChangeTaskBase_mxJPO"  containerType="class" id="1846594255" argList="(matrix.db.Context, java.lang.String[])" abstract="Trigger to check if the deliverables are in complete state or not" />
<constructor name="emxChangeTaskBase_mxJPO" initial="e" htmlFileName="emxChangeTaskBase_mxJPO" containerName="emxChangeTaskBase_mxJPO"  containerType="class" id="1380952654" argList="()" abstract="Constructor" />
<constructor name="emxChangeTaskBase_mxJPO" initial="e" htmlFileName="emxChangeTaskBase_mxJPO" containerName="emxChangeTaskBase_mxJPO"  containerType="class" id="1380952654" argList="(java.lang.String)" abstract="Whats up?" />
<constructor name="emxChangeTaskBase_mxJPO" initial="e" htmlFileName="emxChangeTaskBase_mxJPO" containerName="emxChangeTaskBase_mxJPO"  containerType="class" id="1380952654" argList="(matrix.db.Context, java.lang.String[])" abstract="Constructor" />
<data name="SUITE_KEY" initial="S" htmlFileName="emxChangeTaskBase_mxJPO" containerName="emxChangeTaskBase_mxJPO"  containerType="class" id="1391588817" abstract="" />
<class name="emxChangeTask_mxJPO" initial="e" htmlFileName="emxChangeTask_mxJPO"  fatherClass="emxChangeTaskBase_mxJPO" fatherId="2114186129" fatherType="class"  DSCharacteristic="class" id="-1047566046" abstract="The emxTask class represents the Task JPO" packageName="NoPackage" packagePath="" packageAbstract="" />
<constructor name="emxChangeTask_mxJPO" initial="e" htmlFileName="emxChangeTask_mxJPO" containerName="emxChangeTask_mxJPO"  containerType="class" id="609826973" argList="(matrix.db.Context, java.lang.String[])" abstract="" />
<constructor name="emxChangeTask_mxJPO" initial="e" htmlFileName="emxChangeTask_mxJPO" containerName="emxChangeTask_mxJPO"  containerType="class" id="609826973" argList="()" abstract="Constructor with no arguments" />
<class name="emxECHDecisionUtilBase_mxJPO" initial="e" htmlFileName="emxECHDecisionUtilBase_mxJPO"  fatherClass="emxDecision_mxJPO" fatherId="546859195" fatherType="class"  DSCharacteristic="class" id="1715835966" abstract="The emxECHDecisionUtilBase class contains methods related to Decision admin type." packageName="NoPackage" packagePath="" packageAbstract="" />
<method name="getDecisionApplicabilitySummary" initial="g" htmlFileName="emxECHDecisionUtilBase_mxJPO" containerName="emxECHDecisionUtilBase_mxJPO"  containerType="class" id="1809090271" argList="(matrix.db.Context, java.lang.String)" abstract="" deprecated=": Use Decision.getApplicabilitySummary(Context context, StringList selectedChangeDisciplines)  Method to get the Decision Applicability Summary" />
<method name="getDecisionApplicabilitySummaryHTML" initial="g" htmlFileName="emxECHDecisionUtilBase_mxJPO" containerName="emxECHDecisionUtilBase_mxJPO"  containerType="class" id="485587924" argList="(matrix.db.Context, java.lang.String[])" abstract="Method to display the Decision Applicability Summary in Decision properties" />
<method name="getNewDecisionApplicabilitySummaryHTML" initial="g" htmlFileName="emxECHDecisionUtilBase_mxJPO" containerName="emxECHDecisionUtilBase_mxJPO"  containerType="class" id="-1837802432" argList="(matrix.db.Context, java.lang.String[])" abstract="Method to display the New Decision Applicability Summary in Decision properties" deprecated=": since R418 getDecisionApplicabilitySummaryHTML" />
<method name="mxMain" initial="m" htmlFileName="emxECHDecisionUtilBase_mxJPO" containerName="emxECHDecisionUtilBase_mxJPO"  containerType="class" id="-618608690" argList="(matrix.db.Context, java.lang.String[])" abstract="Main entry point." />
<method name="showApplicabilitySummary" initial="s" htmlFileName="emxECHDecisionUtilBase_mxJPO" containerName="emxECHDecisionUtilBase_mxJPO"  containerType="class" id="-96137260" argList="(matrix.db.Context, java.lang.String[])" abstract="Method to define if the Applicability Summary field should be displayed on the Decision Properties" />
<constructor name="emxECHDecisionUtilBase_mxJPO" initial="e" htmlFileName="emxECHDecisionUtilBase_mxJPO" containerName="emxECHDecisionUtilBase_mxJPO"  containerType="class" id="-384044543" argList="(matrix.db.Context, java.lang.String[])" abstract="Default Constructor." />
<data name="SUITE_KEY" initial="S" htmlFileName="emxECHDecisionUtilBase_mxJPO" containerName="emxECHDecisionUtilBase_mxJPO"  containerType="class" id="1391588817" abstract="" />
<class name="emxECHDecisionUtil_mxJPO" initial="e" htmlFileName="emxECHDecisionUtil_mxJPO"  fatherClass="emxECHDecisionUtilBase_mxJPO" fatherId="1715835966" fatherType="class"  DSCharacteristic="class" id="1311928399" abstract="This JPO class has methods pertaining to Decision type extended by Enterprise Change" packageName="NoPackage" packagePath="" packageAbstract="" />
<method name="mxMain" initial="m" htmlFileName="emxECHDecisionUtil_mxJPO" containerName="emxECHDecisionUtil_mxJPO"  containerType="class" id="-618608690" argList="(matrix.db.Context, java.lang.String[])" abstract="Main entry point" />
<constructor name="emxECHDecisionUtil_mxJPO" initial="e" htmlFileName="emxECHDecisionUtil_mxJPO" containerName="emxECHDecisionUtil_mxJPO"  containerType="class" id="17519056" argList="(matrix.db.Context, java.lang.String[])" abstract="Create a new emxECHDecisionUtil object from a given id" />
<class name="emxEnterpriseChangeApplicabilityContextMigrationBase_mxJPO" initial="e" htmlFileName="emxEnterpriseChangeApplicabilityContextMigrationBase_mxJPO"  fatherClass="emxCommonMigration_mxJPO" fatherId="918866036" fatherType="class"  DSCharacteristic="class" id="1772705075" abstract="" packageName="NoPackage" packagePath="" packageAbstract="" />
<method name="help" initial="h" htmlFileName="emxEnterpriseChangeApplicabilityContextMigrationBase_mxJPO" containerName="emxEnterpriseChangeApplicabilityContextMigrationBase_mxJPO"  containerType="class" id="-1777750415" argList="(matrix.db.Context, java.lang.String[])" abstract="" />
<method name="migrateApplicabilityContext" initial="m" htmlFileName="emxEnterpriseChangeApplicabilityContextMigrationBase_mxJPO" containerName="emxEnterpriseChangeApplicabilityContextMigrationBase_mxJPO"  containerType="class" id="179428797" argList="(matrix.db.Context, java.lang.String)" abstract="" />
<method name="migrateObjects" initial="m" htmlFileName="emxEnterpriseChangeApplicabilityContextMigrationBase_mxJPO" containerName="emxEnterpriseChangeApplicabilityContextMigrationBase_mxJPO"  containerType="class" id="-467131447" argList="(matrix.db.Context, matrix.util.StringList)" abstract="" />
<method name="mxMain" initial="m" htmlFileName="emxEnterpriseChangeApplicabilityContextMigrationBase_mxJPO" containerName="emxEnterpriseChangeApplicabilityContextMigrationBase_mxJPO"  containerType="class" id="-618608690" argList="(matrix.db.Context, java.lang.String[])" abstract="This method is executed if a specific method is not specified." />
<constructor name="emxEnterpriseChangeApplicabilityContextMigrationBase_mxJPO" initial="e" htmlFileName="emxEnterpriseChangeApplicabilityContextMigrationBase_mxJPO" containerName="emxEnterpriseChangeApplicabilityContextMigrationBase_mxJPO"  containerType="class" id="-1705408404" argList="(matrix.db.Context, java.lang.String[])" abstract="Default Constructor." />
<class name="emxEnterpriseChangeApplicabilityContextMigration_mxJPO" initial="e" htmlFileName="emxEnterpriseChangeApplicabilityContextMigration_mxJPO"  fatherClass="emxEnterpriseChangeApplicabilityContextMigrationBase_mxJPO" fatherId="1772705075" fatherType="class"  DSCharacteristic="class" id="1797190596" abstract="" packageName="NoPackage" packagePath="" packageAbstract="" />
<constructor name="emxEnterpriseChangeApplicabilityContextMigration_mxJPO" initial="e" htmlFileName="emxEnterpriseChangeApplicabilityContextMigration_mxJPO" containerName="emxEnterpriseChangeApplicabilityContextMigration_mxJPO"  containerType="class" id="-1429023301" argList="(matrix.db.Context, java.lang.String[])" abstract="Default Constructor." />
<class name="emxEnterpriseChangeBase_mxJPO" initial="e" htmlFileName="emxEnterpriseChangeBase_mxJPO"  fatherClass="emxDomainObject_mxJPO" fatherId="-1703117420" fatherType="class"  DSCharacteristic="class" id="-269892363" abstract="This JPO class has some methods pertaining to Product Line type." packageName="NoPackage" packagePath="" packageAbstract="" />
<method name="addApplicableItemChangeDisciplineInterface" initial="a" htmlFileName="emxEnterpriseChangeBase_mxJPO" containerName="emxEnterpriseChangeBase_mxJPO"  containerType="class" id="1512306124" argList="(matrix.db.Context, java.lang.String[])" abstract="Add interface Change Discipline on Applicable Item relationship" />
<method name="addChangeDisciplineInterfaceOnChangeTask" initial="a" htmlFileName="emxEnterpriseChangeBase_mxJPO" containerName="emxEnterpriseChangeBase_mxJPO"  containerType="class" id="1177389030" argList="(matrix.db.Context, java.lang.String[])" abstract="Add interface Change Discipline On Change Task" />
<method name="addChangeProjectChangeTaskChangeDisciplineInterface" initial="a" htmlFileName="emxEnterpriseChangeBase_mxJPO" containerName="emxEnterpriseChangeBase_mxJPO"  containerType="class" id="1813560342" argList="(matrix.db.Context, java.lang.String[])" abstract="Add interface Change Discipline on Change Project or Change Task types" />
<method name="displayChangeDiscipline" initial="d" htmlFileName="emxEnterpriseChangeBase_mxJPO" containerName="emxEnterpriseChangeBase_mxJPO"  containerType="class" id="1741738736" argList="(matrix.db.Context, java.lang.String[])" abstract="Display Change Project or Change Task Change Discipline Values checkboxes" />
<method name="displayChangeDisciplineValue" initial="d" htmlFileName="emxEnterpriseChangeBase_mxJPO" containerName="emxEnterpriseChangeBase_mxJPO"  containerType="class" id="1794502275" argList="(matrix.db.Context, java.lang.String[])" abstract="Display Change Discipline values for related Change Projects" />
<method name="filterProjectListWithParentForChangeDisciplines" initial="f" htmlFileName="emxEnterpriseChangeBase_mxJPO" containerName="emxEnterpriseChangeBase_mxJPO"  containerType="class" id="-1520155271" argList="(matrix.db.Context, java.lang.String[])" abstract="Method called by PRG jsp files (emxprojectCreateWizardClone.jsp)" />
<method name="filterWBSProjectListWithParentForChangeDisciplines" initial="f" htmlFileName="emxEnterpriseChangeBase_mxJPO" containerName="emxEnterpriseChangeBase_mxJPO"  containerType="class" id="-777863567" argList="(matrix.db.Context, java.lang.String[])" abstract="" />
<method name="getAuthorizedChangeDisciplinesList" initial="g" htmlFileName="emxEnterpriseChangeBase_mxJPO" containerName="emxEnterpriseChangeBase_mxJPO"  containerType="class" id="-562971406" argList="(matrix.db.Context, java.lang.String)" abstract="Method called to have authorized Change Discipline for an object" />
<method name="getChangeDisciplinesToDisplay" initial="g" htmlFileName="emxEnterpriseChangeBase_mxJPO" containerName="emxEnterpriseChangeBase_mxJPO"  containerType="class" id="1459754056" argList="(matrix.db.Context, java.lang.String[])" abstract="" />
<method name="getChangeDisciplineToDisplayForChangeTask" initial="g" htmlFileName="emxEnterpriseChangeBase_mxJPO" containerName="emxEnterpriseChangeBase_mxJPO"  containerType="class" id="-1942468763" argList="(matrix.db.Context, java.lang.String[])" abstract="Method called by PRG jsp files (emxProgramCentralWBSAddDialog.jsp and emxProgramCentralWBSInsertDialog.jsp)" />
<method name="isApplicabilityManagementEnabled" initial="i" htmlFileName="emxEnterpriseChangeBase_mxJPO" containerName="emxEnterpriseChangeBase_mxJPO"  containerType="class" id="152104303" argList="(matrix.db.Context, java.lang.String[])" abstract="Method to define if the Applicability Management has been enabled" />
<method name="mxMain" initial="m" htmlFileName="emxEnterpriseChangeBase_mxJPO" containerName="emxEnterpriseChangeBase_mxJPO"  containerType="class" id="-618608690" argList="(matrix.db.Context, java.lang.String[])" abstract="Main entry point." />
<method name="updateChangeDiscipline" initial="u" htmlFileName="emxEnterpriseChangeBase_mxJPO" containerName="emxEnterpriseChangeBase_mxJPO"  containerType="class" id="-1407434103" argList="(matrix.db.Context, java.lang.String[])" abstract="Update Change Project or Change Task Change Discipline Values" />
<method name="updateProgramOnProductLine" initial="u" htmlFileName="emxEnterpriseChangeBase_mxJPO" containerName="emxEnterpriseChangeBase_mxJPO"  containerType="class" id="2134438985" argList="(matrix.db.Context, java.lang.String[])" abstract="Connects Product Line with Program" deprecated=": since R418 emxProductLineBase_mxJPO.updateProgramOnProductLine(Context context, String[] args)" />
<constructor name="emxEnterpriseChangeBase_mxJPO" initial="e" htmlFileName="emxEnterpriseChangeBase_mxJPO" containerName="emxEnterpriseChangeBase_mxJPO"  containerType="class" id="-69772182" argList="(matrix.db.Context, java.lang.String[])" abstract="Create a new emxProductLine object from a given id." />
<class name="emxEnterpriseChangeFindObjectsBase_mxJPO" initial="e" htmlFileName="emxEnterpriseChangeFindObjectsBase_mxJPO"  fatherClass="emxCommonFindObjects_mxJPO" fatherId="-632830009" fatherType="class"  DSCharacteristic="class" id="1712512956" abstract="" packageName="NoPackage" packagePath="" packageAbstract="" />
<method name="findDecisionObjects" initial="f" htmlFileName="emxEnterpriseChangeFindObjectsBase_mxJPO" containerName="emxEnterpriseChangeFindObjectsBase_mxJPO"  containerType="class" id="407074899" argList="(matrix.db.Context, java.lang.String[])" abstract="This method is executed to find the Decision object ids for migration." />
<method name="findObjects" initial="f" htmlFileName="emxEnterpriseChangeFindObjectsBase_mxJPO" containerName="emxEnterpriseChangeFindObjectsBase_mxJPO"  containerType="class" id="-1646861225" argList="(matrix.db.Context, java.lang.String[])" abstract="This method is executed to find the object ids for migration." />
<method name="findRelationships" initial="f" htmlFileName="emxEnterpriseChangeFindObjectsBase_mxJPO" containerName="emxEnterpriseChangeFindObjectsBase_mxJPO"  containerType="class" id="-379220208" argList="(matrix.db.Context, java.lang.String[])" abstract="This method is executed to find the relationship ids for migration." />
<constructor name="emxEnterpriseChangeFindObjectsBase_mxJPO" initial="e" htmlFileName="emxEnterpriseChangeFindObjectsBase_mxJPO" containerName="emxEnterpriseChangeFindObjectsBase_mxJPO"  containerType="class" id="2004515523" argList="(matrix.db.Context, java.lang.String[])" abstract="" />
<class name="emxEnterpriseChangeFindObjects_mxJPO" initial="e" htmlFileName="emxEnterpriseChangeFindObjects_mxJPO"  fatherClass="emxEnterpriseChangeFindObjectsBase_mxJPO" fatherId="1712512956" fatherType="class"  DSCharacteristic="class" id="2130520781" abstract="" packageName="NoPackage" packagePath="" packageAbstract="" />
<constructor name="emxEnterpriseChangeFindObjects_mxJPO" initial="e" htmlFileName="emxEnterpriseChangeFindObjects_mxJPO" containerName="emxEnterpriseChangeFindObjects_mxJPO"  containerType="class" id="-469726318" argList="(matrix.db.Context, java.lang.String[])" abstract="" />
<class name="emxEnterpriseChangeMigrationBase_mxJPO" initial="e" htmlFileName="emxEnterpriseChangeMigrationBase_mxJPO"  fatherClass="emxCommonMigration_mxJPO" fatherId="918866036" fatherType="class"  DSCharacteristic="class" id="-589427863" abstract="" packageName="NoPackage" packagePath="" packageAbstract="" />
<method name="help" initial="h" htmlFileName="emxEnterpriseChangeMigrationBase_mxJPO" containerName="emxEnterpriseChangeMigrationBase_mxJPO"  containerType="class" id="-1777750415" argList="(matrix.db.Context, java.lang.String[])" abstract="" />
<method name="migrateBusinessObject" initial="m" htmlFileName="emxEnterpriseChangeMigrationBase_mxJPO" containerName="emxEnterpriseChangeMigrationBase_mxJPO"  containerType="class" id="513875048" argList="(matrix.db.Context, java.lang.String)" abstract="" />
<method name="migrateObjects" initial="m" htmlFileName="emxEnterpriseChangeMigrationBase_mxJPO" containerName="emxEnterpriseChangeMigrationBase_mxJPO"  containerType="class" id="-467131447" argList="(matrix.db.Context, matrix.util.StringList)" abstract="" />
<method name="migrateRelationship" initial="m" htmlFileName="emxEnterpriseChangeMigrationBase_mxJPO" containerName="emxEnterpriseChangeMigrationBase_mxJPO"  containerType="class" id="880947439" argList="(matrix.db.Context, java.lang.String)" abstract="" />
<method name="mxMain" initial="m" htmlFileName="emxEnterpriseChangeMigrationBase_mxJPO" containerName="emxEnterpriseChangeMigrationBase_mxJPO"  containerType="class" id="-618608690" argList="(matrix.db.Context, java.lang.String[])" abstract="This method is executed if a specific method is not specified." />
<constructor name="emxEnterpriseChangeMigrationBase_mxJPO" initial="e" htmlFileName="emxEnterpriseChangeMigrationBase_mxJPO" containerName="emxEnterpriseChangeMigrationBase_mxJPO"  containerType="class" id="556195702" argList="(matrix.db.Context, java.lang.String[])" abstract="" />
<class name="emxEnterpriseChangeMigration_mxJPO" initial="e" htmlFileName="emxEnterpriseChangeMigration_mxJPO"  fatherClass="emxEnterpriseChangeMigrationBase_mxJPO" fatherId="-589427863" fatherType="class"  DSCharacteristic="class" id="157496570" abstract="" packageName="NoPackage" packagePath="" packageAbstract="" />
<constructor name="emxEnterpriseChangeMigration_mxJPO" initial="e" htmlFileName="emxEnterpriseChangeMigration_mxJPO" containerName="emxEnterpriseChangeMigration_mxJPO"  containerType="class" id="-634830395" argList="(matrix.db.Context, java.lang.String[])" abstract="" />
<class name="emxEnterpriseChange_mxJPO" initial="e" htmlFileName="emxEnterpriseChange_mxJPO"  fatherClass="emxEnterpriseChangeBase_mxJPO" fatherId="-269892363" fatherType="class"  DSCharacteristic="class" id="-654207866" abstract="" packageName="NoPackage" packagePath="" packageAbstract="" />
<method name="mxMain" initial="m" htmlFileName="emxEnterpriseChange_mxJPO" containerName="emxEnterpriseChange_mxJPO"  containerType="class" id="-618608690" argList="(matrix.db.Context, java.lang.String[])" abstract="Main entry point" />
<constructor name="emxEnterpriseChange_mxJPO" initial="e" htmlFileName="emxEnterpriseChange_mxJPO" containerName="emxEnterpriseChange_mxJPO"  containerType="class" id="-1746511687" argList="(matrix.db.Context, java.lang.String[])" abstract="" />
<class name="emxEnterpriseChangeReportBase_mxJPO" initial="e" htmlFileName="emxEnterpriseChangeReportBase_mxJPO"  fatherClass="emxDomainObject_mxJPO" fatherId="-1703117420" fatherType="class"  DSCharacteristic="class" id="113425377" abstract="" packageName="NoPackage" packagePath="" packageAbstract="" />
<method name="expandApplicableChangeTasks" initial="e" htmlFileName="emxEnterpriseChangeReportBase_mxJPO" containerName="emxEnterpriseChangeReportBase_mxJPO"  containerType="class" id="-1012993779" argList="(matrix.db.Context, java.lang.String[])" abstract="Expand a Change Task displayed in the table to retrieve its sub Change Tasks or Dependent Change Tasks" />
<method name="getApplicableByIcon" initial="g" htmlFileName="emxEnterpriseChangeReportBase_mxJPO" containerName="emxEnterpriseChangeReportBase_mxJPO"  containerType="class" id="560685517" argList="(matrix.db.Context, java.lang.String[])" abstract="Get the proper icon to display in the table according to the ApplicableBy value" />
<method name="getApplicableChangeTasks" initial="g" htmlFileName="emxEnterpriseChangeReportBase_mxJPO" containerName="emxEnterpriseChangeReportBase_mxJPO"  containerType="class" id="194232777" argList="(matrix.db.Context, java.lang.String[])" abstract="Method to display the Applicable Change Tasks" />
<method name="getApplicableChangeTasks" initial="g" htmlFileName="emxEnterpriseChangeReportBase_mxJPO" containerName="emxEnterpriseChangeReportBase_mxJPO"  containerType="class" id="194232777" argList="(matrix.db.Context, java.lang.String, matrix.util.StringList)" abstract="Get Change Tasks linked to a Decision where its Applicability contains the objectId" deprecated=": since R418 Use getDerivationsApplicableChangeTasks(matrix.db.Context,java.lang.String,matrix.util.StringList)" />
<method name="getApplicableChangeTasksDecision" initial="g" htmlFileName="emxEnterpriseChangeReportBase_mxJPO" containerName="emxEnterpriseChangeReportBase_mxJPO"  containerType="class" id="-1286233779" argList="(matrix.db.Context, java.lang.String[])" abstract="Get the Decision associated to the Change Task to display in the table" />
<method name="getApplicableChangeTasksDecisionState" initial="g" htmlFileName="emxEnterpriseChangeReportBase_mxJPO" containerName="emxEnterpriseChangeReportBase_mxJPO"  containerType="class" id="1323412262" argList="(matrix.db.Context, java.lang.String[])" abstract="Get the Decision state associated to the Change Task to display in the table" />
<method name="getDeltaApplicableChangeTasks" initial="g" htmlFileName="emxEnterpriseChangeReportBase_mxJPO" containerName="emxEnterpriseChangeReportBase_mxJPO"  containerType="class" id="1828009077" argList="(matrix.db.Context, java.lang.String)" abstract="Method to display the Delta Applicable Change Tasks" />
<method name="getDeltaFromFilterRange" initial="g" htmlFileName="emxEnterpriseChangeReportBase_mxJPO" containerName="emxEnterpriseChangeReportBase_mxJPO"  containerType="class" id="495670905" argList="(matrix.db.Context, java.lang.String[])" abstract="Get the Range values of the Delta From Filter combobox" />
<method name="getDerivationsApplicableChangeTasks" initial="g" htmlFileName="emxEnterpriseChangeReportBase_mxJPO" containerName="emxEnterpriseChangeReportBase_mxJPO"  containerType="class" id="-1391609895" argList="(matrix.db.Context, java.lang.String, matrix.util.StringList)" abstract="Get Change Tasks linked to a Decision where its Applicability contains the objectId" />
<method name="getModeFilterRange" initial="g" htmlFileName="emxEnterpriseChangeReportBase_mxJPO" containerName="emxEnterpriseChangeReportBase_mxJPO"  containerType="class" id="-1779777530" argList="(matrix.db.Context, java.lang.String[])" abstract="Get the Range values of the Mode Filter combobox" />
<method name="getRelatedDecisions" initial="g" htmlFileName="emxEnterpriseChangeReportBase_mxJPO" containerName="emxEnterpriseChangeReportBase_mxJPO"  containerType="class" id="985609072" argList="(matrix.db.Context, java.lang.String)" abstract="Get the valid Decision associated to the object through the &quot;Applicable Item&quot; relationship" />
<method name="getSigmaApplicableChangeTasks" initial="g" htmlFileName="emxEnterpriseChangeReportBase_mxJPO" containerName="emxEnterpriseChangeReportBase_mxJPO"  containerType="class" id="-798987550" argList="(matrix.db.Context, java.lang.String)" abstract="Method to display the Sigma Applicable Change Tasks" />
<method name="getSigmaApplicableChangeTasks" initial="g" htmlFileName="emxEnterpriseChangeReportBase_mxJPO" containerName="emxEnterpriseChangeReportBase_mxJPO"  containerType="class" id="-798987550" argList="(matrix.db.Context, java.lang.String[])" abstract="Method created for the Flow Down openness" />
<method name="isApplicableChangeTasksEnabled" initial="i" htmlFileName="emxEnterpriseChangeReportBase_mxJPO" containerName="emxEnterpriseChangeReportBase_mxJPO"  containerType="class" id="344781030" argList="(matrix.db.Context, java.lang.String[])" abstract="Method to define if the Applicable Change Tasks command should be available" deprecated="since R418" />
<method name="isDeltaFromFilterDisplayed" initial="i" htmlFileName="emxEnterpriseChangeReportBase_mxJPO" containerName="emxEnterpriseChangeReportBase_mxJPO"  containerType="class" id="-1487457279" argList="(matrix.db.Context, java.lang.String[])" abstract="Check if the Delta From Filter combobox is displayed or not." />
<method name="mxMain" initial="m" htmlFileName="emxEnterpriseChangeReportBase_mxJPO" containerName="emxEnterpriseChangeReportBase_mxJPO"  containerType="class" id="-618608690" argList="(matrix.db.Context, java.lang.String[])" abstract="Main entry point." />
<constructor name="emxEnterpriseChangeReportBase_mxJPO" initial="e" htmlFileName="emxEnterpriseChangeReportBase_mxJPO" containerName="emxEnterpriseChangeReportBase_mxJPO"  containerType="class" id="2007773182" argList="(matrix.db.Context, java.lang.String[])" abstract="Create a new emxEnterpriseChangeReportBase object." />
<class name="emxEnterpriseChangeReportBase_mxJPO.ModeFilter" initial="e" htmlFileName="emxEnterpriseChangeReportBase_mxJPO.ModeFilter"  fatherClass="Enum" fatherId="-783438394" fatherType="enum"  DSCharacteristic="enum" id="139596787" abstract="" packageName="NoPackage" packagePath="" packageAbstract="" />
<method name="valueOf" initial="v" htmlFileName="emxEnterpriseChangeReportBase_mxJPO.ModeFilter" containerName="emxEnterpriseChangeReportBase_mxJPO.ModeFilter"  containerType="enum" id="77443114" argList="(java.lang.String)" abstract="" />
<method name="values" initial="v" htmlFileName="emxEnterpriseChangeReportBase_mxJPO.ModeFilter" containerName="emxEnterpriseChangeReportBase_mxJPO.ModeFilter"  containerType="enum" id="-1057006096" argList="()" abstract="" />
<class name="emxEnterpriseChangeReportBase_mxJPO.ApplicableBy" initial="e" htmlFileName="emxEnterpriseChangeReportBase_mxJPO.ApplicableBy"  fatherClass="Enum" fatherId="-783438394" fatherType="enum"  DSCharacteristic="enum" id="1205481230" abstract="" packageName="NoPackage" packagePath="" packageAbstract="" />
<method name="valueOf" initial="v" htmlFileName="emxEnterpriseChangeReportBase_mxJPO.ApplicableBy" containerName="emxEnterpriseChangeReportBase_mxJPO.ApplicableBy"  containerType="enum" id="77443114" argList="(java.lang.String)" abstract="" />
<method name="values" initial="v" htmlFileName="emxEnterpriseChangeReportBase_mxJPO.ApplicableBy" containerName="emxEnterpriseChangeReportBase_mxJPO.ApplicableBy"  containerType="enum" id="-1057006096" argList="()" abstract="" />
<class name="emxEnterpriseChangeReport_mxJPO" initial="e" htmlFileName="emxEnterpriseChangeReport_mxJPO"  fatherClass="emxEnterpriseChangeReportBase_mxJPO" fatherId="113425377" fatherType="class"  DSCharacteristic="class" id="1281548658" abstract="" packageName="NoPackage" packagePath="" packageAbstract="" />
<method name="mxMain" initial="m" htmlFileName="emxEnterpriseChangeReport_mxJPO" containerName="emxEnterpriseChangeReport_mxJPO"  containerType="class" id="-618608690" argList="(matrix.db.Context, java.lang.String[])" abstract="Main entry point" />
<constructor name="emxEnterpriseChangeReport_mxJPO" initial="e" htmlFileName="emxEnterpriseChangeReport_mxJPO" containerName="emxEnterpriseChangeReport_mxJPO"  containerType="class" id="381425229" argList="(matrix.db.Context, java.lang.String[])" abstract="" />
</fw>

