<?xml version="1.0" encoding="utf-8"?>
<fw name="ENOEffectivityFramework" footer="Copyright &#169; 1999-2016, Dassault Syst&#232;mes. All rights reserved. ">
<class name="CfgFilteringWithBothExpressionAndChangesException" initial="C" htmlFileName="com/matrixone/apps/exceptions/CfgFilteringWithBothExpressionAndChangesException"  fatherClass="FrameworkException" fatherId="1548316658" fatherType="exception"  DSCharacteristic="exception" id="1837870717" abstract="" packageName="com.matrixone.apps.exceptions" packagePath="com/matrixone/apps/exceptions/" packageAbstract="" />
<constructor name="CfgFilteringWithBothExpressionAndChangesException" initial="C" htmlFileName="com/matrixone/apps/exceptions/CfgFilteringWithBothExpressionAndChangesException" containerName="CfgFilteringWithBothExpressionAndChangesException"  containerType="exception" id="1884760104" argList="(java.lang.String)" abstract="" />
<class name="CfgWarningProjectedExpressionIsInvalid" initial="C" htmlFileName="com/matrixone/apps/exceptions/CfgWarningProjectedExpressionIsInvalid"  fatherClass="Exception" fatherId="-452567396" fatherType="exception"  DSCharacteristic="exception" id="-337690" abstract="" packageName="com.matrixone.apps.exceptions" packagePath="com/matrixone/apps/exceptions/" packageAbstract="" />
<constructor name="CfgWarningProjectedExpressionIsInvalid" initial="C" htmlFileName="com/matrixone/apps/exceptions/CfgWarningProjectedExpressionIsInvalid" containerName="CfgWarningProjectedExpressionIsInvalid"  containerType="exception" id="598039633" argList="(com.matrixone.apps.modeler_integration.IConfigFilterableCBP)" abstract="" />
<constructor name="CfgWarningProjectedExpressionIsInvalid" initial="C" htmlFileName="com/matrixone/apps/exceptions/CfgWarningProjectedExpressionIsInvalid" containerName="CfgWarningProjectedExpressionIsInvalid"  containerType="exception" id="598039633" argList="(java.lang.String)" abstract="" />
<constructor name="CfgWarningProjectedExpressionIsInvalid" initial="C" htmlFileName="com/matrixone/apps/exceptions/CfgWarningProjectedExpressionIsInvalid" containerName="CfgWarningProjectedExpressionIsInvalid"  containerType="exception" id="598039633" argList="(java.lang.Throwable)" abstract="" />
<constructor name="CfgWarningProjectedExpressionIsInvalid" initial="C" htmlFileName="com/matrixone/apps/exceptions/CfgWarningProjectedExpressionIsInvalid" containerName="CfgWarningProjectedExpressionIsInvalid"  containerType="exception" id="598039633" argList="(java.lang.String, java.lang.Throwable)" abstract="" />
<constructor name="CfgWarningProjectedExpressionIsInvalid" initial="C" htmlFileName="com/matrixone/apps/exceptions/CfgWarningProjectedExpressionIsInvalid" containerName="CfgWarningProjectedExpressionIsInvalid"  containerType="exception" id="598039633" argList="(java.lang.String, java.lang.Throwable, boolean, boolean)" abstract="" />
<data name="filterableWithProjectedViewInvalid" initial="f" htmlFileName="com/matrixone/apps/exceptions/CfgWarningProjectedExpressionIsInvalid" containerName="CfgWarningProjectedExpressionIsInvalid"  containerType="exception" id="-1322917272" abstract="" />
<class name="ConfigObjectInvalidatedNeedsPhysicalDeleteException" initial="C" htmlFileName="com/matrixone/apps/exceptions/ConfigObjectInvalidatedNeedsPhysicalDeleteException"  fatherClass="Exception" fatherId="-452567396" fatherType="exception"  DSCharacteristic="exception" id="2025474403" abstract="" packageName="com.matrixone.apps.exceptions" packagePath="com/matrixone/apps/exceptions/" packageAbstract="" />
<constructor name="ConfigObjectInvalidatedNeedsPhysicalDeleteException" initial="C" htmlFileName="com/matrixone/apps/exceptions/ConfigObjectInvalidatedNeedsPhysicalDeleteException" containerName="ConfigObjectInvalidatedNeedsPhysicalDeleteException"  containerType="exception" id="1783275918" argList="(com.matrixone.apps.modeler_integration.IConfigFilterableCBP)" abstract="" />
<constructor name="ConfigObjectInvalidatedNeedsPhysicalDeleteException" initial="C" htmlFileName="com/matrixone/apps/exceptions/ConfigObjectInvalidatedNeedsPhysicalDeleteException" containerName="ConfigObjectInvalidatedNeedsPhysicalDeleteException"  containerType="exception" id="1783275918" argList="(java.lang.String)" abstract="" />
<constructor name="ConfigObjectInvalidatedNeedsPhysicalDeleteException" initial="C" htmlFileName="com/matrixone/apps/exceptions/ConfigObjectInvalidatedNeedsPhysicalDeleteException" containerName="ConfigObjectInvalidatedNeedsPhysicalDeleteException"  containerType="exception" id="1783275918" argList="(java.lang.Throwable)" abstract="" />
<constructor name="ConfigObjectInvalidatedNeedsPhysicalDeleteException" initial="C" htmlFileName="com/matrixone/apps/exceptions/ConfigObjectInvalidatedNeedsPhysicalDeleteException" containerName="ConfigObjectInvalidatedNeedsPhysicalDeleteException"  containerType="exception" id="1783275918" argList="(java.lang.String, java.lang.Throwable)" abstract="" />
<constructor name="ConfigObjectInvalidatedNeedsPhysicalDeleteException" initial="C" htmlFileName="com/matrixone/apps/exceptions/ConfigObjectInvalidatedNeedsPhysicalDeleteException" containerName="ConfigObjectInvalidatedNeedsPhysicalDeleteException"  containerType="exception" id="1783275918" argList="(java.lang.String, java.lang.Throwable, boolean, boolean)" abstract="" />
<data name="_objectToBeDeleted" initial="_" htmlFileName="com/matrixone/apps/exceptions/ConfigObjectInvalidatedNeedsPhysicalDeleteException" containerName="ConfigObjectInvalidatedNeedsPhysicalDeleteException"  containerType="exception" id="-1149457805" abstract="" />
<class name="ConfigFilterablesFactory" initial="C" htmlFileName="com/matrixone/apps/factory/ConfigFilterablesFactory"  fatherClass="Object" fatherId="-1794744043" fatherType="class"  DSCharacteristic="class" id="1395308517" abstract="" packageName="com.matrixone.apps.factory" packagePath="com/matrixone/apps/factory/" packageAbstract="" />
<method name="createFilterable" initial="c" htmlFileName="com/matrixone/apps/factory/ConfigFilterablesFactory" containerName="ConfigFilterablesFactory"  containerType="class" id="-1149333437" argList="(matrix.db.Context, com.matrixone.apps.domain.DomainRelationship)" abstract="" />
<method name="createFilterable" initial="c" htmlFileName="com/matrixone/apps/factory/ConfigFilterablesFactory" containerName="ConfigFilterablesFactory"  containerType="class" id="-1149333437" argList="(matrix.db.Context, matrix.db.RelationshipWithSelect)" abstract="" />
<method name="createFilterable" initial="c" htmlFileName="com/matrixone/apps/factory/ConfigFilterablesFactory" containerName="ConfigFilterablesFactory"  containerType="class" id="-1149333437" argList="(matrix.db.Context, java.lang.String)" abstract="" />
<method name="getNecessarySelectsForRelationshipToConfigure" initial="g" htmlFileName="com/matrixone/apps/factory/ConfigFilterablesFactory" containerName="ConfigFilterablesFactory"  containerType="class" id="2095874281" argList="()" abstract="" />
<constructor name="ConfigFilterablesFactory" initial="C" htmlFileName="com/matrixone/apps/factory/ConfigFilterablesFactory" containerName="ConfigFilterablesFactory"  containerType="class" id="1125350755" argList="()" abstract="" />
<data name="ATTRIBUTE_EFFECTIVITY_COMPILED_FORM" initial="A" htmlFileName="com/matrixone/apps/factory/ConfigFilterablesFactory" containerName="ConfigFilterablesFactory"  containerType="class" id="-822359480" abstract="" />
<data name="ATTRIBUTE_EFFECTIVITY_EXPRESSION" initial="A" htmlFileName="com/matrixone/apps/factory/ConfigFilterablesFactory" containerName="ConfigFilterablesFactory"  containerType="class" id="-783279746" abstract="" />
<data name="ATTRIBUTE_EFFECTIVITY_EXPRESSION_BINARY" initial="A" htmlFileName="com/matrixone/apps/factory/ConfigFilterablesFactory" containerName="ConfigFilterablesFactory"  containerType="class" id="-966551758" abstract="" />
<data name="ATTRIBUTE_EFFECTIVITY_ORDERED_CRITERIA" initial="A" htmlFileName="com/matrixone/apps/factory/ConfigFilterablesFactory" containerName="ConfigFilterablesFactory"  containerType="class" id="598486565" abstract="" />
<data name="ATTRIBUTE_EFFECTIVITY_ORDERED_CRITERIA_DICTIONARY" initial="A" htmlFileName="com/matrixone/apps/factory/ConfigFilterablesFactory" containerName="ConfigFilterablesFactory"  containerType="class" id="52406070" abstract="" />
<data name="ATTRIBUTE_EFFECTIVITY_ORDERED_IMPACTING_CRITERIA" initial="A" htmlFileName="com/matrixone/apps/factory/ConfigFilterablesFactory" containerName="ConfigFilterablesFactory"  containerType="class" id="-243574558" abstract="" />
<data name="ATTRIBUTE_EFFECTIVITY_TYPES" initial="A" htmlFileName="com/matrixone/apps/factory/ConfigFilterablesFactory" containerName="ConfigFilterablesFactory"  containerType="class" id="1671469057" abstract="" />
<data name="ATTRIBUTE_EFFECTIVITY_USAGE_INDEX" initial="A" htmlFileName="com/matrixone/apps/factory/ConfigFilterablesFactory" containerName="ConfigFilterablesFactory"  containerType="class" id="930453318" abstract="" />
<data name="ATTRIBUTE_EFFECTIVITY_VARIABLE_INDEXES" initial="A" htmlFileName="com/matrixone/apps/factory/ConfigFilterablesFactory" containerName="ConfigFilterablesFactory"  containerType="class" id="334108313" abstract="" />
<data name="INTERFACE_EFFECTIVITY_FRAMEWORK" initial="I" htmlFileName="com/matrixone/apps/factory/ConfigFilterablesFactory" containerName="ConfigFilterablesFactory"  containerType="class" id="-2061980705" abstract="" />
<data name="RELATIONSHIP_CONFIGURATION_CONTEXT" initial="R" htmlFileName="com/matrixone/apps/factory/ConfigFilterablesFactory" containerName="ConfigFilterablesFactory"  containerType="class" id="2052716617" abstract="" />
<data name="RELATIONSHIP_NAMED_EFFECTIVITY_USAGE" initial="R" htmlFileName="com/matrixone/apps/factory/ConfigFilterablesFactory" containerName="ConfigFilterablesFactory"  containerType="class" id="-1011216573" abstract="" />
<data name="SELECT_ATTRIBUTE_EFFECTIVITY_COMPILED_FORM" initial="S" htmlFileName="com/matrixone/apps/factory/ConfigFilterablesFactory" containerName="ConfigFilterablesFactory"  containerType="class" id="1033259563" abstract="" />
<data name="SELECT_ATTRIBUTE_EFFECTIVITY_EXPRESSION" initial="S" htmlFileName="com/matrixone/apps/factory/ConfigFilterablesFactory" containerName="ConfigFilterablesFactory"  containerType="class" id="-896967557" abstract="" />
<data name="SELECT_ATTRIBUTE_EFFECTIVITY_EXPRESSION_BINARY" initial="S" htmlFileName="com/matrixone/apps/factory/ConfigFilterablesFactory" containerName="ConfigFilterablesFactory"  containerType="class" id="1646620053" abstract="" />
<data name="SELECT_ATTRIBUTE_EFFECTIVITY_ORDERED_CRITERIA" initial="S" htmlFileName="com/matrixone/apps/factory/ConfigFilterablesFactory" containerName="ConfigFilterablesFactory"  containerType="class" id="821329762" abstract="" />
<data name="SELECT_ATTRIBUTE_EFFECTIVITY_ORDERED_CRITERIA_DICTIONARY" initial="S" htmlFileName="com/matrixone/apps/factory/ConfigFilterablesFactory" containerName="ConfigFilterablesFactory"  containerType="class" id="1669275097" abstract="" />
<data name="SELECT_ATTRIBUTE_EFFECTIVITY_ORDERED_IMPACTING_CRITERIA" initial="S" htmlFileName="com/matrixone/apps/factory/ConfigFilterablesFactory" containerName="ConfigFilterablesFactory"  containerType="class" id="-607059489" abstract="" />
<data name="SELECT_ATTRIBUTE_EFFECTIVITY_TYPES" initial="S" htmlFileName="com/matrixone/apps/factory/ConfigFilterablesFactory" containerName="ConfigFilterablesFactory"  containerType="class" id="-2017547548" abstract="" />
<data name="SELECT_ATTRIBUTE_EFFECTIVITY_VARIABLE_INDEXES" initial="S" htmlFileName="com/matrixone/apps/factory/ConfigFilterablesFactory" containerName="ConfigFilterablesFactory"  containerType="class" id="556951510" abstract="" />
<data name="SELECT_IDS_OF_CONFIGURATION_CONTEXT" initial="S" htmlFileName="com/matrixone/apps/factory/ConfigFilterablesFactory" containerName="ConfigFilterablesFactory"  containerType="class" id="1183492960" abstract="" />
<data name="SELECT_IDS_OF_NAMED_EFFECTIVITY" initial="S" htmlFileName="com/matrixone/apps/factory/ConfigFilterablesFactory" containerName="ConfigFilterablesFactory"  containerType="class" id="1754574556" abstract="" />
<data name="SELECT_INTERFACE_EFFECTIVITY_FRAMEWORK" initial="S" htmlFileName="com/matrixone/apps/factory/ConfigFilterablesFactory" containerName="ConfigFilterablesFactory"  containerType="class" id="1952224578" abstract="" />
<class name="ConfigOperationsServicesFactory" initial="C" htmlFileName="com/matrixone/apps/factory/ConfigOperationsServicesFactory"  fatherClass="Object" fatherId="-1794744043" fatherType="class"  DSCharacteristic="class" id="-1278481736" abstract="" packageName="com.matrixone.apps.factory" packagePath="com/matrixone/apps/factory/" packageAbstract="" />
<method name="getConfiguredOperationsServices" initial="g" htmlFileName="com/matrixone/apps/factory/ConfigOperationsServicesFactory" containerName="ConfigOperationsServicesFactory"  containerType="class" id="651637619" argList="()" abstract="" />
<constructor name="ConfigOperationsServicesFactory" initial="C" htmlFileName="com/matrixone/apps/factory/ConfigOperationsServicesFactory" containerName="ConfigOperationsServicesFactory"  containerType="class" id="2018117110" argList="()" abstract="" />
<class name="IConfigFilterablesFactory" initial="I" htmlFileName="com/matrixone/apps/interfaces/IConfigFilterablesFactory"  DSCharacteristic="interface" id="1332235739" abstract="" packageName="com.matrixone.apps.interfaces" packagePath="com/matrixone/apps/interfaces/" packageAbstract="" />
<method name="createFilterable" initial="c" htmlFileName="com/matrixone/apps/interfaces/IConfigFilterablesFactory" containerName="IConfigFilterablesFactory"  containerType="interface" id="718147237" argList="(matrix.db.Context, com.matrixone.apps.domain.DomainRelationship)" abstract="" />
<method name="createFilterable" initial="c" htmlFileName="com/matrixone/apps/interfaces/IConfigFilterablesFactory" containerName="IConfigFilterablesFactory"  containerType="interface" id="718147237" argList="(matrix.db.Context, matrix.db.RelationshipWithSelect)" abstract="" />
<method name="createFilterable" initial="c" htmlFileName="com/matrixone/apps/interfaces/IConfigFilterablesFactory" containerName="IConfigFilterablesFactory"  containerType="interface" id="718147237" argList="(matrix.db.Context, java.lang.String)" abstract="" />
<class name="IConfiguredOperationsServices" initial="I" htmlFileName="com/matrixone/apps/interfaces/IConfiguredOperationsServices"  DSCharacteristic="interface" id="-1167832834" abstract="" packageName="com.matrixone.apps.interfaces" packagePath="com/matrixone/apps/interfaces/" packageAbstract="" />
<method name="Add" initial="A" htmlFileName="com/matrixone/apps/interfaces/IConfiguredOperationsServices" containerName="IConfiguredOperationsServices"  containerType="interface" id="-1853422472" argList="(matrix.db.Context, com.matrixone.apps.modeler_integration.IConfigFilterableCBP, com.dassault_systemes.plm.config.expression.itf.IConfigOperand)" abstract="" />
<method name="Delete" initial="D" htmlFileName="com/matrixone/apps/interfaces/IConfiguredOperationsServices" containerName="IConfiguredOperationsServices"  containerType="interface" id="1476956482" argList="(matrix.db.Context, com.matrixone.apps.modeler_integration.IConfigFilterableCBP, com.dassault_systemes.plm.config.expression.itf.IConfigOperand)" abstract="" />
<method name="Replace" initial="R" htmlFileName="com/matrixone/apps/interfaces/IConfiguredOperationsServices" containerName="IConfiguredOperationsServices"  containerType="interface" id="-1018955061" argList="(matrix.db.Context, com.matrixone.apps.modeler_integration.IConfigFilterableCBP, com.matrixone.apps.modeler_integration.IConfigFilterableCBP, com.dassault_systemes.plm.config.expression.itf.IConfigOperand)" abstract="" />
<class name="IConfigFilterableCBP" initial="I" htmlFileName="com/matrixone/apps/modeler_integration/IConfigFilterableCBP"  DSCharacteristic="interface" id="1035643628" abstract="" packageName="com.matrixone.apps.modeler_integration" packagePath="com/matrixone/apps/modeler_integration/" packageAbstract="" />
<method name="getEffectivity" initial="g" htmlFileName="com/matrixone/apps/modeler_integration/IConfigFilterableCBP" containerName="IConfigFilterableCBP"  containerType="interface" id="89086518" argList="(matrix.db.Context)" abstract="" />
<method name="getId" initial="g" htmlFileName="com/matrixone/apps/modeler_integration/IConfigFilterableCBP" containerName="IConfigFilterableCBP"  containerType="interface" id="-2109537793" argList="()" abstract="" />
<method name="getOperationStack" initial="g" htmlFileName="com/matrixone/apps/modeler_integration/IConfigFilterableCBP" containerName="IConfigFilterableCBP"  containerType="interface" id="282818809" argList="(matrix.db.Context)" abstract="" />
<method name="updateFromDB" initial="u" htmlFileName="com/matrixone/apps/modeler_integration/IConfigFilterableCBP" containerName="IConfigFilterableCBP"  containerType="interface" id="1152179519" argList="(matrix.db.Context)" abstract="" />
<class name="ConfiguredOperationsServices" initial="C" htmlFileName="com/matrixone/apps/modeler_services/ConfiguredOperationsServices"  fatherClass="Object" fatherId="-1794744043" fatherType="class"  DSCharacteristic="class" id="-1287988935" abstract="" packageName="com.matrixone.apps.modeler_services" packagePath="com/matrixone/apps/modeler_services/" packageAbstract="" />
<method name="Add" initial="A" htmlFileName="com/matrixone/apps/modeler_services/ConfiguredOperationsServices" containerName="ConfiguredOperationsServices"  containerType="class" id="-525061045" argList="(matrix.db.Context, com.matrixone.apps.modeler_integration.IConfigFilterableCBP, com.dassault_systemes.plm.config.expression.itf.IConfigOperand)" abstract="" />
<method name="Delete" initial="D" htmlFileName="com/matrixone/apps/modeler_services/ConfiguredOperationsServices" containerName="ConfiguredOperationsServices"  containerType="class" id="-1467514475" argList="(matrix.db.Context, com.matrixone.apps.modeler_integration.IConfigFilterableCBP, com.dassault_systemes.plm.config.expression.itf.IConfigOperand)" abstract="" />
<method name="Replace" initial="R" htmlFileName="com/matrixone/apps/modeler_services/ConfiguredOperationsServices" containerName="ConfiguredOperationsServices"  containerType="class" id="956686430" argList="(matrix.db.Context, com.matrixone.apps.modeler_integration.IConfigFilterableCBP, com.matrixone.apps.modeler_integration.IConfigFilterableCBP, com.dassault_systemes.plm.config.expression.itf.IConfigOperand)" abstract="" />
<constructor name="ConfiguredOperationsServices" initial="C" htmlFileName="com/matrixone/apps/modeler_services/ConfiguredOperationsServices" containerName="ConfiguredOperationsServices"  containerType="class" id="928983867" argList="()" abstract="" />
</fw>

