<?xml version="1.0" encoding="utf-8"?>
<fw name="ENOEffectivityFramework" footer="Copyright &#169; 1999-2016, Dassault Syst&#232;mes. All rights reserved. ">
<class name="ConfigFilterableCBPImpl" initial="C" htmlFileName="com/matrixone/apps/effectivity/ConfigFilterableCBPImpl"  fatherClass="Object" fatherId="197503206" fatherType="class"  DSCharacteristic="class" id="-356841110" abstract="" packageName="com.matrixone.apps.effectivity" packagePath="com/matrixone/apps/effectivity/" packageAbstract="" />
<method name="addOperation" initial="a" htmlFileName="com/matrixone/apps/effectivity/ConfigFilterableCBPImpl" containerName="ConfigFilterableCBPImpl"  containerType="class" id="308081718" argList="(matrix.db.Context, com.dassault_systemes.plm.config.expression.itf.IConfigOperand)" abstract="" />
<method name="copyExpression" initial="c" htmlFileName="com/matrixone/apps/effectivity/ConfigFilterableCBPImpl" containerName="ConfigFilterableCBPImpl"  containerType="class" id="-1501714467" argList="(matrix.db.Context, com.dassault_systemes.plm.config.expression.itf.IFilterableExpression)" abstract="" />
<method name="cutOperation" initial="c" htmlFileName="com/matrixone/apps/effectivity/ConfigFilterableCBPImpl" containerName="ConfigFilterableCBPImpl"  containerType="class" id="-2011205323" argList="(matrix.db.Context, com.dassault_systemes.plm.config.expression.itf.IConfigOperand)" abstract="" />
<method name="getEffectivity" initial="g" htmlFileName="com/matrixone/apps/effectivity/ConfigFilterableCBPImpl" containerName="ConfigFilterableCBPImpl"  containerType="class" id="-1136171862" argList="(matrix.db.Context)" abstract="" />
<method name="getId" initial="g" htmlFileName="com/matrixone/apps/effectivity/ConfigFilterableCBPImpl" containerName="ConfigFilterableCBPImpl"  containerType="class" id="530513153" argList="()" abstract="" />
<method name="getOperationStack" initial="g" htmlFileName="com/matrixone/apps/effectivity/ConfigFilterableCBPImpl" containerName="ConfigFilterableCBPImpl"  containerType="class" id="-1454568633" argList="(matrix.db.Context)" abstract="" />
<method name="saveExpression" initial="s" htmlFileName="com/matrixone/apps/effectivity/ConfigFilterableCBPImpl" containerName="ConfigFilterableCBPImpl"  containerType="class" id="313770981" argList="(matrix.db.Context, com.dassault_systemes.plm.config.expression.itf.IConfigOperand)" abstract="" />
<method name="updateFromDB" initial="u" htmlFileName="com/matrixone/apps/effectivity/ConfigFilterableCBPImpl" containerName="ConfigFilterableCBPImpl"  containerType="class" id="1344883137" argList="(matrix.db.Context)" abstract="" />
<constructor name="ConfigFilterableCBPImpl" initial="C" htmlFileName="com/matrixone/apps/effectivity/ConfigFilterableCBPImpl" containerName="ConfigFilterableCBPImpl"  containerType="class" id="-572327892" argList="(java.lang.String, java.lang.String, java.lang.String, java.lang.String, java.util.List&lt;java.lang.String&gt;)" abstract="" />
<constructor name="ConfigFilterableCBPImpl" initial="C" htmlFileName="com/matrixone/apps/effectivity/ConfigFilterableCBPImpl" containerName="ConfigFilterableCBPImpl"  containerType="class" id="-572327892" argList="(matrix.db.Context, java.lang.String, java.lang.String, java.lang.String, java.lang.String, java.lang.String, java.lang.String, java.lang.String, java.lang.String, java.lang.String, java.lang.String, java.lang.String, java.lang.String, java.util.List&lt;java.lang.String&gt;, java.util.Map&lt;java.lang.String, com.dassault_systemes.plm.config.expression.itf.IConfigOperand&gt;)" abstract="" />
<data name="_context_chg" initial="_" htmlFileName="com/matrixone/apps/effectivity/ConfigFilterableCBPImpl" containerName="ConfigFilterableCBPImpl"  containerType="class" id="840894476" abstract="" />
<data name="_context_modelIds" initial="_" htmlFileName="com/matrixone/apps/effectivity/ConfigFilterableCBPImpl" containerName="ConfigFilterableCBPImpl"  containerType="class" id="1611271095" abstract="" />
<data name="_effCFFFormatExpr" initial="_" htmlFileName="com/matrixone/apps/effectivity/ConfigFilterableCBPImpl" containerName="ConfigFilterableCBPImpl"  containerType="class" id="-951698942" abstract="" />
<data name="_effCFFFormatProposedExpr" initial="_" htmlFileName="com/matrixone/apps/effectivity/ConfigFilterableCBPImpl" containerName="ConfigFilterableCBPImpl"  containerType="class" id="982991624" abstract="" />
<data name="_effectivityTypes" initial="_" htmlFileName="com/matrixone/apps/effectivity/ConfigFilterableCBPImpl" containerName="ConfigFilterableCBPImpl"  containerType="class" id="-1534241599" abstract="" />
<data name="_effVariableIndexes" initial="_" htmlFileName="com/matrixone/apps/effectivity/ConfigFilterableCBPImpl" containerName="ConfigFilterableCBPImpl"  containerType="class" id="1371702487" abstract="" />
<data name="_expression" initial="_" htmlFileName="com/matrixone/apps/effectivity/ConfigFilterableCBPImpl" containerName="ConfigFilterableCBPImpl"  containerType="class" id="-1829540112" abstract="" />
<data name="_hasEffFWItf" initial="_" htmlFileName="com/matrixone/apps/effectivity/ConfigFilterableCBPImpl" containerName="ConfigFilterableCBPImpl"  containerType="class" id="-1861821511" abstract="" />
<data name="_id" initial="_" htmlFileName="com/matrixone/apps/effectivity/ConfigFilterableCBPImpl" containerName="ConfigFilterableCBPImpl"  containerType="class" id="1734056115" abstract="" />
<data name="_name" initial="_" htmlFileName="com/matrixone/apps/effectivity/ConfigFilterableCBPImpl" containerName="ConfigFilterableCBPImpl"  containerType="class" id="197164643" abstract="" />
<data name="_XSDPath" initial="_" htmlFileName="com/matrixone/apps/effectivity/ConfigFilterableCBPImpl" containerName="ConfigFilterableCBPImpl"  containerType="class" id="963364840" abstract="" />
<class name="ConfigFilterablesFactoryImpl" initial="C" htmlFileName="com/matrixone/apps/effectivity/ConfigFilterablesFactoryImpl"  fatherClass="Object" fatherId="197503206" fatherType="class"  DSCharacteristic="class" id="1707268668" abstract="" packageName="com.matrixone.apps.effectivity" packagePath="com/matrixone/apps/effectivity/" packageAbstract="" />
<method name="createFilterable" initial="c" htmlFileName="com/matrixone/apps/effectivity/ConfigFilterablesFactoryImpl" containerName="ConfigFilterablesFactoryImpl"  containerType="class" id="-680399522" argList="(matrix.db.Context, com.matrixone.apps.domain.DomainRelationship)" abstract="" />
<method name="createFilterable" initial="c" htmlFileName="com/matrixone/apps/effectivity/ConfigFilterablesFactoryImpl" containerName="ConfigFilterablesFactoryImpl"  containerType="class" id="-680399522" argList="(matrix.db.Context, matrix.db.RelationshipWithSelect)" abstract="" />
<method name="createFilterable" initial="c" htmlFileName="com/matrixone/apps/effectivity/ConfigFilterablesFactoryImpl" containerName="ConfigFilterablesFactoryImpl"  containerType="class" id="-680399522" argList="(matrix.db.Context, java.lang.String)" abstract="" />
<constructor name="ConfigFilterablesFactoryImpl" initial="C" htmlFileName="com/matrixone/apps/effectivity/ConfigFilterablesFactoryImpl" containerName="ConfigFilterablesFactoryImpl"  containerType="class" id="749429630" argList="(matrix.db.Context)" abstract="" />
<class name="ConfiguredOperationsServicesImpl" initial="C" htmlFileName="com/matrixone/apps/effectivity/ConfiguredOperationsServicesImpl"  fatherClass="Object" fatherId="197503206" fatherType="class"  DSCharacteristic="class" id="-1796195297" abstract="" packageName="com.matrixone.apps.effectivity" packagePath="com/matrixone/apps/effectivity/" packageAbstract="" />
<method name="Add" initial="A" htmlFileName="com/matrixone/apps/effectivity/ConfiguredOperationsServicesImpl" containerName="ConfiguredOperationsServicesImpl"  containerType="class" id="1942272625" argList="(matrix.db.Context, com.matrixone.apps.modeler_integration.IConfigFilterableCBP, com.dassault_systemes.plm.config.expression.itf.IConfigOperand)" abstract="" />
<method name="Delete" initial="D" htmlFileName="com/matrixone/apps/effectivity/ConfiguredOperationsServicesImpl" containerName="ConfiguredOperationsServicesImpl"  containerType="class" id="-1609155397" argList="(matrix.db.Context, com.matrixone.apps.modeler_integration.IConfigFilterableCBP, com.dassault_systemes.plm.config.expression.itf.IConfigOperand)" abstract="" />
<method name="logInChangeLog" initial="l" htmlFileName="com/matrixone/apps/effectivity/ConfiguredOperationsServicesImpl" containerName="ConfiguredOperationsServicesImpl"  containerType="class" id="1225847515" argList="(matrix.db.Context, java.lang.String, com.matrixone.apps.modeler_integration.IConfigFilterableCBP, com.matrixone.apps.modeler_integration.IConfigFilterableCBP)" abstract="" />
<method name="Replace" initial="R" htmlFileName="com/matrixone/apps/effectivity/ConfiguredOperationsServicesImpl" containerName="ConfiguredOperationsServicesImpl"  containerType="class" id="706570244" argList="(matrix.db.Context, com.matrixone.apps.modeler_integration.IConfigFilterableCBP, com.matrixone.apps.modeler_integration.IConfigFilterableCBP, com.dassault_systemes.plm.config.expression.itf.IConfigOperand)" abstract="" />
<constructor name="ConfiguredOperationsServicesImpl" initial="C" htmlFileName="com/matrixone/apps/effectivity/ConfiguredOperationsServicesImpl" containerName="ConfiguredOperationsServicesImpl"  containerType="class" id="-1431138527" argList="()" abstract="" />
<class name="IConfigPrivateFilterableCBP" initial="I" htmlFileName="com/matrixone/apps/effectivity/IConfigPrivateFilterableCBP"  DSCharacteristic="interface" id="88628321" abstract="" packageName="com.matrixone.apps.effectivity" packagePath="com/matrixone/apps/effectivity/" packageAbstract="" />
<method name="addOperation" initial="a" htmlFileName="com/matrixone/apps/effectivity/IConfigPrivateFilterableCBP" containerName="IConfigPrivateFilterableCBP"  containerType="interface" id="308081718" argList="(matrix.db.Context, com.dassault_systemes.plm.config.expression.itf.IConfigOperand)" abstract="" />
<method name="copyExpression" initial="c" htmlFileName="com/matrixone/apps/effectivity/IConfigPrivateFilterableCBP" containerName="IConfigPrivateFilterableCBP"  containerType="interface" id="-1501714467" argList="(matrix.db.Context, com.dassault_systemes.plm.config.expression.itf.IFilterableExpression)" abstract="" />
<method name="cutOperation" initial="c" htmlFileName="com/matrixone/apps/effectivity/IConfigPrivateFilterableCBP" containerName="IConfigPrivateFilterableCBP"  containerType="interface" id="-2011205323" argList="(matrix.db.Context, com.dassault_systemes.plm.config.expression.itf.IConfigOperand)" abstract="" />
<method name="saveExpression" initial="s" htmlFileName="com/matrixone/apps/effectivity/IConfigPrivateFilterableCBP" containerName="IConfigPrivateFilterableCBP"  containerType="interface" id="313770981" argList="(matrix.db.Context, com.dassault_systemes.plm.config.expression.itf.IConfigOperand)" abstract="" />
</fw>

