<?xml version="1.0" encoding="utf-8"?>
<fw name="ENOEnterpriseChange" footer="Copyright &#169; 1999-2016, Dassault Syst&#232;mes. All rights reserved. ">
<class name="ChangeProject" initial="C" htmlFileName="com/matrixone/apps/enterprisechange/ChangeProject"  fatherClass="ProjectSpace" fatherId="-1267880253" fatherType="class"  DSCharacteristic="class" id="-2096631580" abstract="" packageName="com.matrixone.apps.enterprisechange" packagePath="com/matrixone/apps/enterprisechange/" packageAbstract="" />
<method name="getAllSubTypes" initial="g" htmlFileName="com/matrixone/apps/enterprisechange/ChangeProject" containerName="ChangeProject"  containerType="class" id="-1082156678" argList="(matrix.db.Context, java.lang.String)" abstract="" />
<method name="toStringList" initial="t" htmlFileName="com/matrixone/apps/enterprisechange/ChangeProject" containerName="ChangeProject"  containerType="class" id="262647680" argList="(java.lang.Object)" abstract="Method to convert an object to a StringList" />
<constructor name="ChangeProject" initial="C" htmlFileName="com/matrixone/apps/enterprisechange/ChangeProject" containerName="ChangeProject"  containerType="class" id="-1499478234" argList="()" abstract="" />
<constructor name="ChangeProject" initial="C" htmlFileName="com/matrixone/apps/enterprisechange/ChangeProject" containerName="ChangeProject"  containerType="class" id="-1499478234" argList="(java.lang.String)" abstract="" />
<class name="ChangeTask" initial="C" htmlFileName="com/matrixone/apps/enterprisechange/ChangeTask"  fatherClass="Task" fatherId="-1749422373" fatherType="class"  DSCharacteristic="class" id="1727113752" abstract="" packageName="com.matrixone.apps.enterprisechange" packagePath="com/matrixone/apps/enterprisechange/" packageAbstract="" />
<method name="connectChangeDeliverables" initial="c" htmlFileName="com/matrixone/apps/enterprisechange/ChangeTask" containerName="ChangeTask"  containerType="class" id="1013727236" argList="(matrix.db.Context, matrix.util.StringList)" abstract="Connect only Change Deliverables to the Change Task" />
<method name="connectDeliverables" initial="c" htmlFileName="com/matrixone/apps/enterprisechange/ChangeTask" containerName="ChangeTask"  containerType="class" id="1744438196" argList="(matrix.db.Context, matrix.util.StringList)" abstract="Connect only Deliverables which are not Change Deliverables to the Change Task" />
<method name="getAllSubTypes" initial="g" htmlFileName="com/matrixone/apps/enterprisechange/ChangeTask" containerName="ChangeTask"  containerType="class" id="-1082156678" argList="(matrix.db.Context, java.lang.String)" abstract="" />
<method name="getApplicabilitySummary" initial="g" htmlFileName="com/matrixone/apps/enterprisechange/ChangeTask" containerName="ChangeTask"  containerType="class" id="-701156179" argList="(matrix.db.Context)" abstract="Get the applicability summary of the latest Decision attach to the Change Task which reached the defined state" deprecated=": since R418. Use Decision.getApplicabilitySummary(matrix.db.Context,matrix.util.StringList,matrix.util.StringList,matrix.util.StringList)" />
<method name="getChangeDeliverables" initial="g" htmlFileName="com/matrixone/apps/enterprisechange/ChangeTask" containerName="ChangeTask"  containerType="class" id="-1032179600" argList="(matrix.db.Context)" abstract="Get Change Deliverables of the Change Task" />
<method name="getDeliverables" initial="g" htmlFileName="com/matrixone/apps/enterprisechange/ChangeTask" containerName="ChangeTask"  containerType="class" id="1236251936" argList="(matrix.db.Context)" abstract="Get Deliverables of the Change Task" />
<method name="getGrantedChangeDisciplines" initial="g" htmlFileName="com/matrixone/apps/enterprisechange/ChangeTask" containerName="ChangeTask"  containerType="class" id="-1211844988" argList="(matrix.db.Context)" abstract="Get the list of granted Change Disciplines for the Change Task" />
<method name="getLatestValidDecision" initial="g" htmlFileName="com/matrixone/apps/enterprisechange/ChangeTask" containerName="ChangeTask"  containerType="class" id="-1718219631" argList="(matrix.db.Context)" abstract="Get the latest Decision attach to the Change Task which reached the defined state" />
<method name="getLatestValidDecisionForChangeDiscipline" initial="g" htmlFileName="com/matrixone/apps/enterprisechange/ChangeTask" containerName="ChangeTask"  containerType="class" id="174560004" argList="(matrix.db.Context, java.lang.String)" abstract="Get the latest Decision attach to the Change Task which reached the defined state and has at least one Applicable Item defined for the specified Change Discipline" />
<method name="getOpenDecisions" initial="g" htmlFileName="com/matrixone/apps/enterprisechange/ChangeTask" containerName="ChangeTask"  containerType="class" id="-783134131" argList="(matrix.db.Context)" abstract="Get the open Decision attach to the Change Task which reached the defined state" />
<method name="getXMLApplicabilityExpression" initial="g" htmlFileName="com/matrixone/apps/enterprisechange/ChangeTask" containerName="ChangeTask"  containerType="class" id="258712818" argList="(matrix.db.Context)" abstract="Get the XML Applicability Expression of the latest Decision attach to the Change Task which reached the defined state" />
<method name="isChangeDeliverableCompliantWithDiscipline" initial="i" htmlFileName="com/matrixone/apps/enterprisechange/ChangeTask" containerName="ChangeTask"  containerType="class" id="-999283390" argList="(matrix.db.Context, java.lang.String)" abstract="Check if a Change Deliverable is compliant with the Change Task Disciplines" />
<method name="isLatestValidDecision" initial="i" htmlFileName="com/matrixone/apps/enterprisechange/ChangeTask" containerName="ChangeTask"  containerType="class" id="909116221" argList="(matrix.db.Context, java.lang.String)" abstract="Check if the Decision id passed as argument is the latest valid decision" />
<method name="isLatestValidDecisionForChangeDiscipline" initial="i" htmlFileName="com/matrixone/apps/enterprisechange/ChangeTask" containerName="ChangeTask"  containerType="class" id="837412056" argList="(matrix.db.Context, java.lang.String, java.lang.String)" abstract="Check if the Decision id passed as argument is the latest valid decision for the Change Discipline specified" />
<method name="promoteRelatedObjects" initial="p" htmlFileName="com/matrixone/apps/enterprisechange/ChangeTask" containerName="ChangeTask"  containerType="class" id="2015511263" argList="(matrix.db.Context, java.util.HashMap)" abstract="Promote in the BG" />
<method name="setChangeTaskStateOnChangeProcessPromoteDemote" initial="s" htmlFileName="com/matrixone/apps/enterprisechange/ChangeTask" containerName="ChangeTask"  containerType="class" id="-47382460" argList="(matrix.db.Context, java.lang.String, java.lang.String)" abstract="Setting the change task state based on the deliverable state" />
<constructor name="ChangeTask" initial="C" htmlFileName="com/matrixone/apps/enterprisechange/ChangeTask" containerName="ChangeTask"  containerType="class" id="1465829722" argList="()" abstract="Constructor" />
<constructor name="ChangeTask" initial="C" htmlFileName="com/matrixone/apps/enterprisechange/ChangeTask" containerName="ChangeTask"  containerType="class" id="1465829722" argList="(java.lang.String)" abstract="Constructor" />
<class name="Decision" initial="D" htmlFileName="com/matrixone/apps/enterprisechange/Decision"  fatherClass="DomainObject" fatherId="48672183" fatherType="class"  DSCharacteristic="class" id="-989098383" abstract="" packageName="com.matrixone.apps.enterprisechange" packagePath="com/matrixone/apps/enterprisechange/" packageAbstract="" />
<method name="getApplicabilitySummary" initial="g" htmlFileName="com/matrixone/apps/enterprisechange/Decision" containerName="Decision"  containerType="class" id="-701156179" argList="(matrix.db.Context)" abstract="" deprecated=": Use getApplicabilitySummary(Context context, StringList selectedChangeDisciplines)  Get the applicability summary of Decision" />
<method name="getApplicabilitySummary" initial="g" htmlFileName="com/matrixone/apps/enterprisechange/Decision" containerName="Decision"  containerType="class" id="-701156179" argList="(matrix.db.Context, matrix.util.StringList, matrix.util.StringList, matrix.util.StringList)" abstract="Get the applicability summary of Decision" />
<method name="getApplicabilitySummaryForChangeDiscipline" initial="g" htmlFileName="com/matrixone/apps/enterprisechange/Decision" containerName="Decision"  containerType="class" id="312139112" argList="(matrix.db.Context, java.lang.String)" abstract="" deprecated=": Use getApplicabilitySummary(Context context, StringList selectedChangeDisciplines)  Get the applicability summary of Decision for a specific Change Discipline" />
<method name="getApplicabilitySummaryWithIntervals" initial="g" htmlFileName="com/matrixone/apps/enterprisechange/Decision" containerName="Decision"  containerType="class" id="-2102703513" argList="(matrix.db.Context, matrix.util.StringList, matrix.util.StringList, matrix.util.StringList)" abstract="Get the applicability summary of Decision" />
<method name="getApplicableItems" initial="g" htmlFileName="com/matrixone/apps/enterprisechange/Decision" containerName="Decision"  containerType="class" id="-2139305663" argList="(matrix.db.Context)" abstract="" deprecated=": Use getApplicableItems(Context context, StringList selectedChangeDisciplines)  Get the Decision Applicable Items" />
<method name="getApplicableItems" initial="g" htmlFileName="com/matrixone/apps/enterprisechange/Decision" containerName="Decision"  containerType="class" id="-2139305663" argList="(matrix.db.Context, matrix.util.StringList)" abstract="Get the Decision Applicable Items" />
<method name="getApplicableItemsForChangeDiscipline" initial="g" htmlFileName="com/matrixone/apps/enterprisechange/Decision" containerName="Decision"  containerType="class" id="376617044" argList="(matrix.db.Context, java.lang.String)" abstract="" deprecated=": Use getApplicableItems(Context context, StringList selectedChangeDisciplines)  Get the Decision Applicable Items for a specific Change Discipline" />
<method name="getAuthorizedChangeDisciplinesForApplicability" initial="g" htmlFileName="com/matrixone/apps/enterprisechange/Decision" containerName="Decision"  containerType="class" id="303830932" argList="(matrix.db.Context)" abstract="Get the Authorized Change Disciplines For Applicability" />
<method name="getCommonModelsForApplicability" initial="g" htmlFileName="com/matrixone/apps/enterprisechange/Decision" containerName="Decision"  containerType="class" id="1560314973" argList="(matrix.db.Context)" abstract="Get the Common Models For Applicability" />
<method name="getXMLApplicabilityExpression" initial="g" htmlFileName="com/matrixone/apps/enterprisechange/Decision" containerName="Decision"  containerType="class" id="258712818" argList="(matrix.db.Context, matrix.util.StringList)" abstract="Get the XML Applicability Expression of Decision" />
<constructor name="Decision" initial="D" htmlFileName="com/matrixone/apps/enterprisechange/Decision" containerName="Decision"  containerType="class" id="1871202035" argList="()" abstract="" />
<constructor name="Decision" initial="D" htmlFileName="com/matrixone/apps/enterprisechange/Decision" containerName="Decision"  containerType="class" id="1871202035" argList="(java.lang.String)" abstract="" />
<constructor name="Decision" initial="D" htmlFileName="com/matrixone/apps/enterprisechange/Decision" containerName="Decision"  containerType="class" id="1871202035" argList="(matrix.db.BusinessObject)" abstract="" />
<constructor name="Decision" initial="D" htmlFileName="com/matrixone/apps/enterprisechange/Decision" containerName="Decision"  containerType="class" id="1871202035" argList="(com.matrixone.apps.domain.util.DecoratedOid)" abstract="" />
<class name="EnterpriseChangeConstants" initial="E" htmlFileName="com/matrixone/apps/enterprisechange/EnterpriseChangeConstants"  fatherClass="Object" fatherId="1650213771" fatherType="class"  DSCharacteristic="class" id="-1865558801" abstract="" packageName="com.matrixone.apps.enterprisechange" packagePath="com/matrixone/apps/enterprisechange/" packageAbstract="" />
<constructor name="EnterpriseChangeConstants" initial="E" htmlFileName="com/matrixone/apps/enterprisechange/EnterpriseChangeConstants" containerName="EnterpriseChangeConstants"  containerType="class" id="-548456719" argList="()" abstract="" />
<data name="ATTRIBUTE_APPLICABILITY_PROPAGATED" initial="A" htmlFileName="com/matrixone/apps/enterprisechange/EnterpriseChangeConstants" containerName="EnterpriseChangeConstants"  containerType="class" id="-2021045065" abstract="" />
<data name="ATTRIBUTE_BUILD_UNIT_NUMBER" initial="A" htmlFileName="com/matrixone/apps/enterprisechange/EnterpriseChangeConstants" containerName="EnterpriseChangeConstants"  containerType="class" id="-332822257" abstract="" />
<data name="ATTRIBUTE_CHANGE_DISCIPLINE_DESIGN" initial="A" htmlFileName="com/matrixone/apps/enterprisechange/EnterpriseChangeConstants" containerName="EnterpriseChangeConstants"  containerType="class" id="-1106687200" abstract="" />
<data name="ATTRIBUTE_CHANGE_DISCIPLINE_MANUFACTURING" initial="A" htmlFileName="com/matrixone/apps/enterprisechange/EnterpriseChangeConstants" containerName="EnterpriseChangeConstants"  containerType="class" id="1034205850" abstract="" />
<data name="ATTRIBUTE_MANUFACTURING_INTENT" initial="A" htmlFileName="com/matrixone/apps/enterprisechange/EnterpriseChangeConstants" containerName="EnterpriseChangeConstants"  containerType="class" id="-431417121" abstract="" />
<data name="ATTRIBUTE_TRACK_APPLICABILITY" initial="A" htmlFileName="com/matrixone/apps/enterprisechange/EnterpriseChangeConstants" containerName="EnterpriseChangeConstants"  containerType="class" id="-645202835" abstract="" />
<data name="ATTRIBUTE_UPWARD_COMPATIBILITY" initial="A" htmlFileName="com/matrixone/apps/enterprisechange/EnterpriseChangeConstants" containerName="EnterpriseChangeConstants"  containerType="class" id="-429070166" abstract="" />
<data name="CHANGE_DISCIPLINE_FALSE" initial="C" htmlFileName="com/matrixone/apps/enterprisechange/EnterpriseChangeConstants" containerName="EnterpriseChangeConstants"  containerType="class" id="-716017598" abstract="" />
<data name="CHANGE_DISCIPLINE_TRUE" initial="C" htmlFileName="com/matrixone/apps/enterprisechange/EnterpriseChangeConstants" containerName="EnterpriseChangeConstants"  containerType="class" id="-1209336691" abstract="" />
<data name="COMMAND_APPLICABLE_CHANGE_TASKS_DELTA_FROM_FILTER" initial="C" htmlFileName="com/matrixone/apps/enterprisechange/EnterpriseChangeConstants" containerName="EnterpriseChangeConstants"  containerType="class" id="-139334639" abstract="" />
<data name="COMMAND_APPLICABLE_CHANGE_TASKS_MODE_FILTER" initial="C" htmlFileName="com/matrixone/apps/enterprisechange/EnterpriseChangeConstants" containerName="EnterpriseChangeConstants"  containerType="class" id="597411615" abstract="" />
<data name="COMMAND_INTEROP_CAN_PROPAGATE_APPLICABILITY" initial="C" htmlFileName="com/matrixone/apps/enterprisechange/EnterpriseChangeConstants" containerName="EnterpriseChangeConstants"  containerType="class" id="1162497993" abstract="" />
<data name="COMMAND_INTEROP_DELIVERABLE_SEARCH" initial="C" htmlFileName="com/matrixone/apps/enterprisechange/EnterpriseChangeConstants" containerName="EnterpriseChangeConstants"  containerType="class" id="1208967581" abstract="" />
<data name="COMMAND_INTEROP_DOC_TYPE_DELIVERABLE_SEARCH" initial="C" htmlFileName="com/matrixone/apps/enterprisechange/EnterpriseChangeConstants" containerName="EnterpriseChangeConstants"  containerType="class" id="1718470255" abstract="" />
<data name="COMMAND_INTEROP_PROPAGATE_APPLICABILITY" initial="C" htmlFileName="com/matrixone/apps/enterprisechange/EnterpriseChangeConstants" containerName="EnterpriseChangeConstants"  containerType="class" id="-632711592" abstract="" />
<data name="COMMAND_INTEROP_REMOVE_APPLICABILITY" initial="C" htmlFileName="com/matrixone/apps/enterprisechange/EnterpriseChangeConstants" containerName="EnterpriseChangeConstants"  containerType="class" id="-1976121793" abstract="" />
<data name="COMMAND_INTEROP_SUPPORT_APPLICABILITY" initial="C" htmlFileName="com/matrixone/apps/enterprisechange/EnterpriseChangeConstants" containerName="EnterpriseChangeConstants"  containerType="class" id="-2103013634" abstract="" />
<data name="INTERFACE_CHANGE_DISCIPLINE" initial="I" htmlFileName="com/matrixone/apps/enterprisechange/EnterpriseChangeConstants" containerName="EnterpriseChangeConstants"  containerType="class" id="635651544" abstract="" />
<data name="INTERFACE_UPWARD_COMPATIBILITY" initial="I" htmlFileName="com/matrixone/apps/enterprisechange/EnterpriseChangeConstants" containerName="EnterpriseChangeConstants"  containerType="class" id="-1831019475" abstract="" />
<data name="POLICY_DEFECT" initial="P" htmlFileName="com/matrixone/apps/enterprisechange/EnterpriseChangeConstants" containerName="EnterpriseChangeConstants"  containerType="class" id="2102861629" abstract="" />
<data name="POLICY_DEFECT_ACTION" initial="P" htmlFileName="com/matrixone/apps/enterprisechange/EnterpriseChangeConstants" containerName="EnterpriseChangeConstants"  containerType="class" id="1264094358" abstract="" />
<data name="POLICY_ECO" initial="P" htmlFileName="com/matrixone/apps/enterprisechange/EnterpriseChangeConstants" containerName="EnterpriseChangeConstants"  containerType="class" id="-630994685" abstract="" />
<data name="POLICY_ECO_STANDARD" initial="P" htmlFileName="com/matrixone/apps/enterprisechange/EnterpriseChangeConstants" containerName="EnterpriseChangeConstants"  containerType="class" id="-190747689" abstract="policy &quot;ECO&quot;." />
<data name="POLICY_ECR" initial="P" htmlFileName="com/matrixone/apps/enterprisechange/EnterpriseChangeConstants" containerName="EnterpriseChangeConstants"  containerType="class" id="2077215494" abstract="" />
<data name="POLICY_ENGINEERING_CHANGE" initial="P" htmlFileName="com/matrixone/apps/enterprisechange/EnterpriseChangeConstants" containerName="EnterpriseChangeConstants"  containerType="class" id="-2125860152" abstract="" />
<data name="POLICY_VPLM_ACTION" initial="P" htmlFileName="com/matrixone/apps/enterprisechange/EnterpriseChangeConstants" containerName="EnterpriseChangeConstants"  containerType="class" id="299329996" abstract="" />
<data name="RANGE_NO" initial="R" htmlFileName="com/matrixone/apps/enterprisechange/EnterpriseChangeConstants" containerName="EnterpriseChangeConstants"  containerType="class" id="322290754" abstract="" />
<data name="RANGE_YES" initial="R" htmlFileName="com/matrixone/apps/enterprisechange/EnterpriseChangeConstants" containerName="EnterpriseChangeConstants"  containerType="class" id="-1242454844" abstract="" />
<data name="RELATIONSHIP_APPLICABLE_ITEM" initial="R" htmlFileName="com/matrixone/apps/enterprisechange/EnterpriseChangeConstants" containerName="EnterpriseChangeConstants"  containerType="class" id="422439371" abstract="" />
<data name="RELATIONSHIP_ASSOCIATED_MANUFACTURING_PLANS" initial="R" htmlFileName="com/matrixone/apps/enterprisechange/EnterpriseChangeConstants" containerName="EnterpriseChangeConstants"  containerType="class" id="1000648246" abstract="" />
<data name="RELATIONSHIP_CONFIGURATION_OPTIONS" initial="R" htmlFileName="com/matrixone/apps/enterprisechange/EnterpriseChangeConstants" containerName="EnterpriseChangeConstants"  containerType="class" id="1984114541" abstract="" />
<data name="RELATIONSHIP_DECISION_APPLIES_TO" initial="R" htmlFileName="com/matrixone/apps/enterprisechange/EnterpriseChangeConstants" containerName="EnterpriseChangeConstants"  containerType="class" id="1503510793" abstract="" />
<data name="RELATIONSHIP_DERIVED" initial="R" htmlFileName="com/matrixone/apps/enterprisechange/EnterpriseChangeConstants" containerName="EnterpriseChangeConstants"  containerType="class" id="-492545771" abstract="" />
<data name="RELATIONSHIP_DERIVED_ABSTRACT" initial="R" htmlFileName="com/matrixone/apps/enterprisechange/EnterpriseChangeConstants" containerName="EnterpriseChangeConstants"  containerType="class" id="1900973930" abstract="" />
<data name="RELATIONSHIP_IMPACTED_OBJECT" initial="R" htmlFileName="com/matrixone/apps/enterprisechange/EnterpriseChangeConstants" containerName="EnterpriseChangeConstants"  containerType="class" id="-998089103" abstract="" />
<data name="RELATIONSHIP_MAIN_DERIVED" initial="R" htmlFileName="com/matrixone/apps/enterprisechange/EnterpriseChangeConstants" containerName="EnterpriseChangeConstants"  containerType="class" id="947797565" abstract="" />
<data name="RELATIONSHIP_MAIN_PRODUCT" initial="R" htmlFileName="com/matrixone/apps/enterprisechange/EnterpriseChangeConstants" containerName="EnterpriseChangeConstants"  containerType="class" id="1660420367" abstract="" />
<data name="RELATIONSHIP_MANAGED_ROOT" initial="R" htmlFileName="com/matrixone/apps/enterprisechange/EnterpriseChangeConstants" containerName="EnterpriseChangeConstants"  containerType="class" id="-1874485144" abstract="" />
<data name="RELATIONSHIP_MANAGED_SERIES" initial="R" htmlFileName="com/matrixone/apps/enterprisechange/EnterpriseChangeConstants" containerName="EnterpriseChangeConstants"  containerType="class" id="621898301" abstract="" />
<data name="RELATIONSHIP_MANUFACTURING_APPLICABILITY_IMPLEMENTED_AT" initial="R" htmlFileName="com/matrixone/apps/enterprisechange/EnterpriseChangeConstants" containerName="EnterpriseChangeConstants"  containerType="class" id="1621205393" abstract="" />
<data name="RELATIONSHIP_MANUFACTURING_APPLICABILITY_INTENT" initial="R" htmlFileName="com/matrixone/apps/enterprisechange/EnterpriseChangeConstants" containerName="EnterpriseChangeConstants"  containerType="class" id="-520946307" abstract="" />
<data name="RELATIONSHIP_MODEL_BUILD" initial="R" htmlFileName="com/matrixone/apps/enterprisechange/EnterpriseChangeConstants" containerName="EnterpriseChangeConstants"  containerType="class" id="1646734896" abstract="" />
<data name="RELATIONSHIP_MODEL_TEMPLATE" initial="R" htmlFileName="com/matrixone/apps/enterprisechange/EnterpriseChangeConstants" containerName="EnterpriseChangeConstants"  containerType="class" id="1398382070" abstract="" />
<data name="RELATIONSHIP_PRODUCT_BUILD" initial="R" htmlFileName="com/matrixone/apps/enterprisechange/EnterpriseChangeConstants" containerName="EnterpriseChangeConstants"  containerType="class" id="366371126" abstract="" />
<data name="RELATIONSHIP_PRODUCT_LINE_MODELS" initial="R" htmlFileName="com/matrixone/apps/enterprisechange/EnterpriseChangeConstants" containerName="EnterpriseChangeConstants"  containerType="class" id="-339965123" abstract="" />
<data name="RELATIONSHIP_PRODUCT_LINE_PROGRAM" initial="R" htmlFileName="com/matrixone/apps/enterprisechange/EnterpriseChangeConstants" containerName="EnterpriseChangeConstants"  containerType="class" id="-2078960561" abstract="" />
<data name="RELATIONSHIP_PRODUCTS" initial="R" htmlFileName="com/matrixone/apps/enterprisechange/EnterpriseChangeConstants" containerName="EnterpriseChangeConstants"  containerType="class" id="-1716515926" abstract="" />
<data name="RELATIONSHIP_RELATED_PROJECTS" initial="R" htmlFileName="com/matrixone/apps/enterprisechange/EnterpriseChangeConstants" containerName="EnterpriseChangeConstants"  containerType="class" id="-191693452" abstract="" />
<data name="RELATIONSHIP_SERIES_MASTER" initial="R" htmlFileName="com/matrixone/apps/enterprisechange/EnterpriseChangeConstants" containerName="EnterpriseChangeConstants"  containerType="class" id="-1779221630" abstract="" />
<data name="SELECT_TO_DERIVED_FROM_ID" initial="S" htmlFileName="com/matrixone/apps/enterprisechange/EnterpriseChangeConstants" containerName="EnterpriseChangeConstants"  containerType="class" id="1282003980" abstract="" />
<data name="STATE_CHANGE_TASK_ACTIVE" initial="S" htmlFileName="com/matrixone/apps/enterprisechange/EnterpriseChangeConstants" containerName="EnterpriseChangeConstants"  containerType="class" id="139123614" abstract="" />
<data name="STATE_CHANGE_TASK_ASSIGN" initial="S" htmlFileName="com/matrixone/apps/enterprisechange/EnterpriseChangeConstants" containerName="EnterpriseChangeConstants"  containerType="class" id="1727079303" abstract="" />
<data name="STATE_CHANGE_TASK_COMPLETE" initial="S" htmlFileName="com/matrixone/apps/enterprisechange/EnterpriseChangeConstants" containerName="EnterpriseChangeConstants"  containerType="class" id="-1383730799" abstract="" />
<data name="STATE_CHANGE_TASK_CREATE" initial="S" htmlFileName="com/matrixone/apps/enterprisechange/EnterpriseChangeConstants" containerName="EnterpriseChangeConstants"  containerType="class" id="-1993367148" abstract="" />
<data name="STATE_CHANGE_TASK_REVIEW" initial="S" htmlFileName="com/matrixone/apps/enterprisechange/EnterpriseChangeConstants" containerName="EnterpriseChangeConstants"  containerType="class" id="1452793840" abstract="" />
<data name="STATE_DECISION_ACTIVE" initial="S" htmlFileName="com/matrixone/apps/enterprisechange/EnterpriseChangeConstants" containerName="EnterpriseChangeConstants"  containerType="class" id="121157914" abstract="" />
<data name="STATE_DECISION_RELEASE" initial="S" htmlFileName="com/matrixone/apps/enterprisechange/EnterpriseChangeConstants" containerName="EnterpriseChangeConstants"  containerType="class" id="1873483441" abstract="" />
<data name="STATE_DECISION_SUPERCEDED" initial="S" htmlFileName="com/matrixone/apps/enterprisechange/EnterpriseChangeConstants" containerName="EnterpriseChangeConstants"  containerType="class" id="-1327744678" abstract="" />
<data name="STATE_DEFECT_ACTION_CLOSED" initial="S" htmlFileName="com/matrixone/apps/enterprisechange/EnterpriseChangeConstants" containerName="EnterpriseChangeConstants"  containerType="class" id="-1055240076" abstract="" />
<data name="STATE_DEFECT_CLOSED" initial="S" htmlFileName="com/matrixone/apps/enterprisechange/EnterpriseChangeConstants" containerName="EnterpriseChangeConstants"  containerType="class" id="652728011" abstract="" />
<data name="STATE_ECA_IN_WORK" initial="S" htmlFileName="com/matrixone/apps/enterprisechange/EnterpriseChangeConstants" containerName="EnterpriseChangeConstants"  containerType="class" id="-332717472" abstract="" />
<data name="STATE_ECA_PRIVATE" initial="S" htmlFileName="com/matrixone/apps/enterprisechange/EnterpriseChangeConstants" containerName="EnterpriseChangeConstants"  containerType="class" id="-472529448" abstract="" />
<data name="STATE_ECA_SHARED" initial="S" htmlFileName="com/matrixone/apps/enterprisechange/EnterpriseChangeConstants" containerName="EnterpriseChangeConstants"  containerType="class" id="631137646" abstract="" />
<data name="STATE_ECA_WAITAPP" initial="S" htmlFileName="com/matrixone/apps/enterprisechange/EnterpriseChangeConstants" containerName="EnterpriseChangeConstants"  containerType="class" id="-1539039519" abstract="" />
<data name="STATE_ECO_CANCELLED" initial="S" htmlFileName="com/matrixone/apps/enterprisechange/EnterpriseChangeConstants" containerName="EnterpriseChangeConstants"  containerType="class" id="-1666695500" abstract="" />
<data name="STATE_ECO_IMPLEMENTED" initial="S" htmlFileName="com/matrixone/apps/enterprisechange/EnterpriseChangeConstants" containerName="EnterpriseChangeConstants"  containerType="class" id="-1987583131" abstract="" />
<data name="STATE_ECO_RELEASE" initial="S" htmlFileName="com/matrixone/apps/enterprisechange/EnterpriseChangeConstants" containerName="EnterpriseChangeConstants"  containerType="class" id="658433642" abstract="" />
<data name="STATE_ECO_STANDARD_CANCELLED" initial="S" htmlFileName="com/matrixone/apps/enterprisechange/EnterpriseChangeConstants" containerName="EnterpriseChangeConstants"  containerType="class" id="-567553686" abstract="" />
<data name="STATE_ECR_CANCELLED" initial="S" htmlFileName="com/matrixone/apps/enterprisechange/EnterpriseChangeConstants" containerName="EnterpriseChangeConstants"  containerType="class" id="-282601225" abstract="" />
<data name="STATE_ECR_COMPLETE" initial="S" htmlFileName="com/matrixone/apps/enterprisechange/EnterpriseChangeConstants" containerName="EnterpriseChangeConstants"  containerType="class" id="-1960109871" abstract="" />
<data name="STATE_ENGINEERING_CHANGE_CLOSE" initial="S" htmlFileName="com/matrixone/apps/enterprisechange/EnterpriseChangeConstants" containerName="EnterpriseChangeConstants"  containerType="class" id="-1534593406" abstract="" />
<data name="STATE_ENGINEERING_CHANGE_COMPLETE" initial="S" htmlFileName="com/matrixone/apps/enterprisechange/EnterpriseChangeConstants" containerName="EnterpriseChangeConstants"  containerType="class" id="-967228691" abstract="" />
<data name="STATE_ENGINEERING_CHANGE_EVALUATE" initial="S" htmlFileName="com/matrixone/apps/enterprisechange/EnterpriseChangeConstants" containerName="EnterpriseChangeConstants"  containerType="class" id="1468726861" abstract="" />
<data name="STATE_ENGINEERING_CHANGE_REJECT" initial="S" htmlFileName="com/matrixone/apps/enterprisechange/EnterpriseChangeConstants" containerName="EnterpriseChangeConstants"  containerType="class" id="-288280941" abstract="" />
<data name="STATE_ENGINEERING_CHANGE_REVIEW" initial="S" htmlFileName="com/matrixone/apps/enterprisechange/EnterpriseChangeConstants" containerName="EnterpriseChangeConstants"  containerType="class" id="-343418804" abstract="" />
<data name="STATE_ENGINEERING_CHANGE_SUBMIT" initial="S" htmlFileName="com/matrixone/apps/enterprisechange/EnterpriseChangeConstants" containerName="EnterpriseChangeConstants"  containerType="class" id="-951738100" abstract="" />
<data name="TYPE_BUILDS" initial="T" htmlFileName="com/matrixone/apps/enterprisechange/EnterpriseChangeConstants" containerName="EnterpriseChangeConstants"  containerType="class" id="2141888137" abstract="" />
<data name="TYPE_CHANGE" initial="T" htmlFileName="com/matrixone/apps/enterprisechange/EnterpriseChangeConstants" containerName="EnterpriseChangeConstants"  containerType="class" id="-1028088716" abstract="" />
<data name="TYPE_CHANGE_PROJECT" initial="T" htmlFileName="com/matrixone/apps/enterprisechange/EnterpriseChangeConstants" containerName="EnterpriseChangeConstants"  containerType="class" id="1322086702" abstract="" />
<data name="TYPE_CHANGE_TASK" initial="T" htmlFileName="com/matrixone/apps/enterprisechange/EnterpriseChangeConstants" containerName="EnterpriseChangeConstants"  containerType="class" id="-589227186" abstract="" />
<data name="TYPE_CONFIGURATION_FEATURE" initial="T" htmlFileName="com/matrixone/apps/enterprisechange/EnterpriseChangeConstants" containerName="EnterpriseChangeConstants"  containerType="class" id="1632566087" abstract="" />
<data name="TYPE_CONFIGURATION_FEATURES" initial="T" htmlFileName="com/matrixone/apps/enterprisechange/EnterpriseChangeConstants" containerName="EnterpriseChangeConstants"  containerType="class" id="-879028150" abstract="" />
<data name="TYPE_CONFIGURATION_OPTION" initial="T" htmlFileName="com/matrixone/apps/enterprisechange/EnterpriseChangeConstants" containerName="EnterpriseChangeConstants"  containerType="class" id="-218385406" abstract="" />
<data name="TYPE_DECISION" initial="T" htmlFileName="com/matrixone/apps/enterprisechange/EnterpriseChangeConstants" containerName="EnterpriseChangeConstants"  containerType="class" id="1132881760" abstract="" />
<data name="TYPE_DEFECT" initial="T" htmlFileName="com/matrixone/apps/enterprisechange/EnterpriseChangeConstants" containerName="EnterpriseChangeConstants"  containerType="class" id="-779278283" abstract="" />
<data name="TYPE_DEFECT_ACTION" initial="T" htmlFileName="com/matrixone/apps/enterprisechange/EnterpriseChangeConstants" containerName="EnterpriseChangeConstants"  containerType="class" id="-1712522082" abstract="" />
<data name="TYPE_ECO" initial="T" htmlFileName="com/matrixone/apps/enterprisechange/EnterpriseChangeConstants" containerName="EnterpriseChangeConstants"  containerType="class" id="-1682234613" abstract="" />
<data name="TYPE_ENGINEERING_CHANGE" initial="T" htmlFileName="com/matrixone/apps/enterprisechange/EnterpriseChangeConstants" containerName="EnterpriseChangeConstants"  containerType="class" id="1537361856" abstract="" />
<data name="TYPE_LOGICAL_FEATURE" initial="T" htmlFileName="com/matrixone/apps/enterprisechange/EnterpriseChangeConstants" containerName="EnterpriseChangeConstants"  containerType="class" id="-1997365862" abstract="" />
<data name="TYPE_LOGICAL_STRUCTURES" initial="T" htmlFileName="com/matrixone/apps/enterprisechange/EnterpriseChangeConstants" containerName="EnterpriseChangeConstants"  containerType="class" id="-664926022" abstract="" />
<data name="TYPE_MANUFACTURING_PLAN" initial="T" htmlFileName="com/matrixone/apps/enterprisechange/EnterpriseChangeConstants" containerName="EnterpriseChangeConstants"  containerType="class" id="-1409023250" abstract="" />
<data name="TYPE_MANUFACTURING_PLAN_MASTER" initial="T" htmlFileName="com/matrixone/apps/enterprisechange/EnterpriseChangeConstants" containerName="EnterpriseChangeConstants"  containerType="class" id="1839645681" abstract="" />
<data name="TYPE_MASTER_FEATURE" initial="T" htmlFileName="com/matrixone/apps/enterprisechange/EnterpriseChangeConstants" containerName="EnterpriseChangeConstants"  containerType="class" id="326365117" abstract="" />
<data name="TYPE_MODEL" initial="T" htmlFileName="com/matrixone/apps/enterprisechange/EnterpriseChangeConstants" containerName="EnterpriseChangeConstants"  containerType="class" id="920139747" abstract="" />
<data name="TYPE_PRODUCTS" initial="T" htmlFileName="com/matrixone/apps/enterprisechange/EnterpriseChangeConstants" containerName="EnterpriseChangeConstants"  containerType="class" id="394639592" abstract="" />
<class name="EnterpriseChangeUtil" initial="E" htmlFileName="com/matrixone/apps/enterprisechange/EnterpriseChangeUtil"  fatherClass="Object" fatherId="1650213771" fatherType="class"  DSCharacteristic="class" id="1558761754" abstract="" packageName="com.matrixone.apps.enterprisechange" packagePath="com/matrixone/apps/enterprisechange/" packageAbstract="" />
<method name="generateDerivationsXMLApplicabilityExpression" initial="g" htmlFileName="com/matrixone/apps/enterprisechange/EnterpriseChangeUtil" containerName="EnterpriseChangeUtil"  containerType="class" id="953089539" argList="(matrix.db.Context, java.util.Map&lt;java.lang.String, java.util.Map&lt;java.lang.String, java.util.Map&lt;java.lang.String, com.matrixone.apps.domain.util.MapList&gt;&gt;&gt;)" abstract="Generate the XML Applicability Expression from Applicable Items" />
<method name="generateInterval" initial="g" htmlFileName="com/matrixone/apps/enterprisechange/EnterpriseChangeUtil" containerName="EnterpriseChangeUtil"  containerType="class" id="-455918672" argList="(matrix.db.Context, com.matrixone.apps.domain.util.MapList)" abstract="Generate the simplified interval of Applicable Items" />
<method name="generateXMLApplicabilityExpression" initial="g" htmlFileName="com/matrixone/apps/enterprisechange/EnterpriseChangeUtil" containerName="EnterpriseChangeUtil"  containerType="class" id="829178001" argList="(matrix.db.Context, java.util.Map&lt;java.lang.String, java.util.Map&lt;java.lang.String, java.util.Map&lt;java.lang.String, com.matrixone.apps.domain.util.MapList&gt;&gt;&gt;)" abstract="Generate the XML Applicability Expression from Applicable Items" deprecated=": since R418 Use generateDerivationsXMLApplicabilityExpression(matrix.db.Context,java.util.Map&lt;java.lang.String,java.util.Map&lt;java.lang.String,java.util.Map&lt;java.lang.String,com.matrixone.apps.domain.util.MapList&gt;&gt;&gt;)" />
<method name="getChangeDisciplines" initial="g" htmlFileName="com/matrixone/apps/enterprisechange/EnterpriseChangeUtil" containerName="EnterpriseChangeUtil"  containerType="class" id="368109587" argList="(matrix.db.Context)" abstract="get the List of Change Disciplines associated to the Change Discipline Interface" />
<method name="getElementByName" initial="g" htmlFileName="com/matrixone/apps/enterprisechange/EnterpriseChangeUtil" containerName="EnterpriseChangeUtil"  containerType="class" id="-1065845570" argList="(matrix.db.Context, com.matrixone.jdom.Element, java.lang.String)" abstract="Get all the Elements of a specific tag from a XML" />
<method name="getObjectChangeDisciplinesAssociation" initial="g" htmlFileName="com/matrixone/apps/enterprisechange/EnterpriseChangeUtil" containerName="EnterpriseChangeUtil"  containerType="class" id="-653467591" argList="(matrix.db.Context, java.lang.String)" abstract="Get the list list of the Change Disciplines for which the object is defined" />
<method name="isApplicabilityManagementEnabled" initial="i" htmlFileName="com/matrixone/apps/enterprisechange/EnterpriseChangeUtil" containerName="EnterpriseChangeUtil"  containerType="class" id="884616473" argList="(matrix.db.Context)" abstract="Method to define if the Applicability Management has been enabled" />
<method name="isCFFInstalled" initial="i" htmlFileName="com/matrixone/apps/enterprisechange/EnterpriseChangeUtil" containerName="EnterpriseChangeUtil"  containerType="class" id="-673787081" argList="(matrix.db.Context)" abstract="Method to check if Effectivity Framework is installed" />
<method name="isChangeDiscipline" initial="i" htmlFileName="com/matrixone/apps/enterprisechange/EnterpriseChangeUtil" containerName="EnterpriseChangeUtil"  containerType="class" id="-1437752608" argList="(matrix.db.Context, java.lang.String)" abstract="Check if the Change Discipline passed in the argument belongs to the Change Discipline Interface" />
<method name="isChangeDiscipline" initial="i" htmlFileName="com/matrixone/apps/enterprisechange/EnterpriseChangeUtil" containerName="EnterpriseChangeUtil"  containerType="class" id="-1437752608" argList="(matrix.db.Context, matrix.util.StringList)" abstract="Check if the Change Disciplines passed in the argument belongs to the Change Discipline Interface" />
<method name="isChangeObject" initial="i" htmlFileName="com/matrixone/apps/enterprisechange/EnterpriseChangeUtil" containerName="EnterpriseChangeUtil"  containerType="class" id="741300719" argList="(matrix.db.Context, java.lang.String)" abstract="Check if an object is a Change Object, meaning an ECR, ECO, ECA, Defect, ..." />
<constructor name="EnterpriseChangeUtil" initial="E" htmlFileName="com/matrixone/apps/enterprisechange/EnterpriseChangeUtil" containerName="EnterpriseChangeUtil"  containerType="class" id="887695068" argList="()" abstract="" />
<class name="ProductLine" initial="P" htmlFileName="com/matrixone/apps/enterprisechange/ProductLine"  fatherClass="ProductLine" fatherId="457041946" fatherType="class"  DSCharacteristic="class" id="-179115030" abstract="This class has some of the common methods that will be used" packageName="com.matrixone.apps.enterprisechange" packagePath="com/matrixone/apps/enterprisechange/" packageAbstract="" />
<method name="create" initial="c" htmlFileName="com/matrixone/apps/enterprisechange/ProductLine" containerName="ProductLine"  containerType="class" id="1611189970" argList="(matrix.db.Context, com.matrixone.apps.common.util.FormBean)" abstract="Creates the ProductLine and connect it to the object in context, if any" deprecated="since R418" />
<constructor name="ProductLine" initial="P" htmlFileName="com/matrixone/apps/enterprisechange/ProductLine" containerName="ProductLine"  containerType="class" id="-1293425236" argList="()" abstract="Construct a new ProductLine." deprecated="since R418" />
<constructor name="ProductLine" initial="P" htmlFileName="com/matrixone/apps/enterprisechange/ProductLine" containerName="ProductLine"  containerType="class" id="-1293425236" argList="(java.lang.String)" abstract="Constructor of the Product Line class" deprecated="since R418" />
<constructor name="ProductLine" initial="P" htmlFileName="com/matrixone/apps/enterprisechange/ProductLine" containerName="ProductLine"  containerType="class" id="-1293425236" argList="(matrix.db.BusinessObject)" abstract="Constructor of the Product Line  class" deprecated="since R418" />
<constructor name="ProductLine" initial="P" htmlFileName="com/matrixone/apps/enterprisechange/ProductLine" containerName="ProductLine"  containerType="class" id="-1293425236" argList="(com.matrixone.apps.domain.util.DecoratedOid)" abstract="Constructor of the Product Line class" deprecated="since R418" />
</fw>

