<?xml version="1.0" encoding="utf-8"?>
<fw name="ENOFormulation" footer="Copyright &#169; 1999-2016, Dassault Syst&#232;mes. All rights reserved. ">
<class name="FormulationConstants" initial="F" htmlFileName="com/dassault_systemes/enovia/formulation/FormulationConstants"  DSCharacteristic="interface" id="86853048" abstract="" packageName="com.dassault_systemes.enovia.formulation" packagePath="com/dassault_systemes/enovia/formulation/" packageAbstract="" />
<data name="CA_ID" initial="C" htmlFileName="com/dassault_systemes/enovia/formulation/FormulationConstants" containerName="FormulationConstants"  containerType="interface" id="-1601986758" abstract="" />
<data name="CA_NAME" initial="C" htmlFileName="com/dassault_systemes/enovia/formulation/FormulationConstants" containerName="FormulationConstants"  containerType="interface" id="1840675946" abstract="" />
<data name="CA_POLICY" initial="C" htmlFileName="com/dassault_systemes/enovia/formulation/FormulationConstants" containerName="FormulationConstants"  containerType="interface" id="1487980497" abstract="" />
<data name="CA_STATE" initial="C" htmlFileName="com/dassault_systemes/enovia/formulation/FormulationConstants" containerName="FormulationConstants"  containerType="interface" id="-1607212050" abstract="" />
<data name="CO_ID" initial="C" htmlFileName="com/dassault_systemes/enovia/formulation/FormulationConstants" containerName="FormulationConstants"  containerType="interface" id="1036524140" abstract="" />
<data name="CO_NAME" initial="C" htmlFileName="com/dassault_systemes/enovia/formulation/FormulationConstants" containerName="FormulationConstants"  containerType="interface" id="-876023012" abstract="" />
<data name="CO_POLICY" initial="C" htmlFileName="com/dassault_systemes/enovia/formulation/FormulationConstants" containerName="FormulationConstants"  containerType="interface" id="2080397827" abstract="" />
<data name="CO_STATE" initial="C" htmlFileName="com/dassault_systemes/enovia/formulation/FormulationConstants" containerName="FormulationConstants"  containerType="interface" id="74466172" abstract="" />
<data name="CT_ID" initial="C" htmlFileName="com/dassault_systemes/enovia/formulation/FormulationConstants" containerName="FormulationConstants"  containerType="interface" id="-2009334457" abstract="" />
<data name="CT_NAME" initial="C" htmlFileName="com/dassault_systemes/enovia/formulation/FormulationConstants" containerName="FormulationConstants"  containerType="interface" id="1221561143" abstract="" />
<data name="DEFAULT_RANGE_ATTRIBUTE_DESIGN_PURCHASE_FOR_FORMULATION_PART" initial="D" htmlFileName="com/dassault_systemes/enovia/formulation/FormulationConstants" containerName="FormulationConstants"  containerType="interface" id="-1559709300" abstract="" />
<data name="DEFAULT_RANGE_ATTRIBUTE_DESIGN_PURCHASE_FOR_RAW_MATERIAL_PART" initial="D" htmlFileName="com/dassault_systemes/enovia/formulation/FormulationConstants" containerName="FormulationConstants"  containerType="interface" id="-422101444" abstract="" />
<data name="DEFAULT_RANGE_ATTRIBUTE_END_ITEM" initial="D" htmlFileName="com/dassault_systemes/enovia/formulation/FormulationConstants" containerName="FormulationConstants"  containerType="interface" id="-1621146152" abstract="" />
<data name="DEFAULT_RANGE_ATTRIBUTE_END_ITEM_OVERRRIDE_ENABLED" initial="D" htmlFileName="com/dassault_systemes/enovia/formulation/FormulationConstants" containerName="FormulationConstants"  containerType="interface" id="1877009329" abstract="" />
<data name="FINAL_STATE" initial="F" htmlFileName="com/dassault_systemes/enovia/formulation/FormulationConstants" containerName="FormulationConstants"  containerType="interface" id="-1266953498" abstract="" />
<data name="PATHTYPE_FORMULATION_COMPOSITE_OVERRIDE" initial="P" htmlFileName="com/dassault_systemes/enovia/formulation/FormulationConstants" containerName="FormulationConstants"  containerType="interface" id="-293768537" abstract="" />
<data name="PATHTYPE_FORMULATION_QS_GROUP" initial="P" htmlFileName="com/dassault_systemes/enovia/formulation/FormulationConstants" containerName="FormulationConstants"  containerType="interface" id="-1402529211" abstract="" />
<data name="POLICY_CLASSIFICATION_PROPERTY" initial="P" htmlFileName="com/dassault_systemes/enovia/formulation/FormulationConstants" containerName="FormulationConstants"  containerType="interface" id="-2114604129" abstract="" />
<data name="POLICY_PROPERTY_POLICYCLASSIFICATION" initial="P" htmlFileName="com/dassault_systemes/enovia/formulation/FormulationConstants" containerName="FormulationConstants"  containerType="interface" id="322656531" abstract="" />
<data name="POLICY_PROPERTY_POLICYCLASSIFICATION_DEVELOPMENT" initial="P" htmlFileName="com/dassault_systemes/enovia/formulation/FormulationConstants" containerName="FormulationConstants"  containerType="interface" id="-70654737" abstract="" />
<data name="POLICY_PROPERTY_POLICYCLASSIFICATION_PRODUCTION" initial="P" htmlFileName="com/dassault_systemes/enovia/formulation/FormulationConstants" containerName="FormulationConstants"  containerType="interface" id="1984465761" abstract="" />
<data name="POLICY_PROPERTY_STAGEMAPPING" initial="P" htmlFileName="com/dassault_systemes/enovia/formulation/FormulationConstants" containerName="FormulationConstants"  containerType="interface" id="-1690525557" abstract="" />
<data name="POLICY_PROPERTY_STAGEMAPPING_ARCHIVE" initial="P" htmlFileName="com/dassault_systemes/enovia/formulation/FormulationConstants" containerName="FormulationConstants"  containerType="interface" id="811977710" abstract="" />
<data name="POLICY_PROPERTY_STAGEMAPPING_PRODUCTION" initial="P" htmlFileName="com/dassault_systemes/enovia/formulation/FormulationConstants" containerName="FormulationConstants"  containerType="interface" id="1942644969" abstract="" />
<data name="RELATIONSHIP_EBOM" initial="R" htmlFileName="com/dassault_systemes/enovia/formulation/FormulationConstants" containerName="FormulationConstants"  containerType="interface" id="23823744" abstract="" />
<data name="SELECT_LOGICAL_ID" initial="S" htmlFileName="com/dassault_systemes/enovia/formulation/FormulationConstants" containerName="FormulationConstants"  containerType="interface" id="1254641394" abstract="" />
<data name="SELECT_MAJOR_ID" initial="S" htmlFileName="com/dassault_systemes/enovia/formulation/FormulationConstants" containerName="FormulationConstants"  containerType="interface" id="-324896766" abstract="" />
<data name="SELECT_PHYSICAL_ID" initial="S" htmlFileName="com/dassault_systemes/enovia/formulation/FormulationConstants" containerName="FormulationConstants"  containerType="interface" id="-1094237858" abstract="" />
<data name="SELECT_UPDATE_STAMP" initial="S" htmlFileName="com/dassault_systemes/enovia/formulation/FormulationConstants" containerName="FormulationConstants"  containerType="interface" id="-26491474" abstract="" />
<data name="STAGE_EXPERIMENTAL" initial="S" htmlFileName="com/dassault_systemes/enovia/formulation/FormulationConstants" containerName="FormulationConstants"  containerType="interface" id="598259271" abstract="" />
<data name="STAGE_MAPPING_PROPERTY" initial="S" htmlFileName="com/dassault_systemes/enovia/formulation/FormulationConstants" containerName="FormulationConstants"  containerType="interface" id="-1634059995" abstract="" />
<data name="STATE_IPM_PART_OBSOLETE" initial="S" htmlFileName="com/dassault_systemes/enovia/formulation/FormulationConstants" containerName="FormulationConstants"  containerType="interface" id="1478320188" abstract="" />
<class name="Formulation" initial="F" htmlFileName="com/dassault_systemes/enovia/formulation/Formulation"  fatherClass="DomainObject" fatherId="1154071133" fatherType="class"  DSCharacteristic="class" id="-1330579118" abstract="" packageName="com.dassault_systemes.enovia.formulation" packagePath="com/dassault_systemes/enovia/formulation/" packageAbstract="" />
<constructor name="Formulation" initial="F" htmlFileName="com/dassault_systemes/enovia/formulation/Formulation" containerName="Formulation"  containerType="class" id="-1051262380" argList="()" abstract="" />
<constructor name="Formulation" initial="F" htmlFileName="com/dassault_systemes/enovia/formulation/Formulation" containerName="Formulation"  containerType="class" id="-1051262380" argList="(java.lang.String)" abstract="Construct a new Formulation object." />
<constructor name="Formulation" initial="F" htmlFileName="com/dassault_systemes/enovia/formulation/Formulation" containerName="Formulation"  containerType="class" id="-1051262380" argList="(matrix.db.BusinessObject)" abstract="Construct a new DomainObject." />
<class name="FormulationRelationship" initial="F" htmlFileName="com/dassault_systemes/enovia/formulation/enumeration/FormulationRelationship"  fatherClass="Enum" fatherId="-1677588096" fatherType="enum"  DSCharacteristic="enum" id="-320279936" abstract="" packageName="com.dassault_systemes.enovia.formulation.enumeration" packagePath="com/dassault_systemes/enovia/formulation/enumeration/" packageAbstract="" />
<method name="getRelationship" initial="g" htmlFileName="com/dassault_systemes/enovia/formulation/enumeration/FormulationRelationship" containerName="FormulationRelationship"  containerType="enum" id="-16365348" argList="(matrix.db.Context)" abstract="" />
<method name="toString" initial="t" htmlFileName="com/dassault_systemes/enovia/formulation/enumeration/FormulationRelationship" containerName="FormulationRelationship"  containerType="enum" id="-1364221926" argList="()" abstract="" />
<method name="valueOf" initial="v" htmlFileName="com/dassault_systemes/enovia/formulation/enumeration/FormulationRelationship" containerName="FormulationRelationship"  containerType="enum" id="1110703062" argList="(java.lang.String)" abstract="" />
<method name="values" initial="v" htmlFileName="com/dassault_systemes/enovia/formulation/enumeration/FormulationRelationship" containerName="FormulationRelationship"  containerType="enum" id="2034347600" argList="()" abstract="" />
<class name="FormulationAttribute" initial="F" htmlFileName="com/dassault_systemes/enovia/formulation/enumeration/FormulationAttribute"  fatherClass="Enum" fatherId="-1677588096" fatherType="enum"  DSCharacteristic="enum" id="422870064" abstract="" packageName="com.dassault_systemes.enovia.formulation.enumeration" packagePath="com/dassault_systemes/enovia/formulation/enumeration/" packageAbstract="" />
<method name="getAttribute" initial="g" htmlFileName="com/dassault_systemes/enovia/formulation/enumeration/FormulationAttribute" containerName="FormulationAttribute"  containerType="enum" id="1463280148" argList="(matrix.db.Context)" abstract="" />
<method name="getAttributeSelect" initial="g" htmlFileName="com/dassault_systemes/enovia/formulation/enumeration/FormulationAttribute" containerName="FormulationAttribute"  containerType="enum" id="1516667312" argList="(matrix.db.Context)" abstract="" />
<method name="toString" initial="t" htmlFileName="com/dassault_systemes/enovia/formulation/enumeration/FormulationAttribute" containerName="FormulationAttribute"  containerType="enum" id="-1364221926" argList="()" abstract="" />
<method name="valueOf" initial="v" htmlFileName="com/dassault_systemes/enovia/formulation/enumeration/FormulationAttribute" containerName="FormulationAttribute"  containerType="enum" id="1110703062" argList="(java.lang.String)" abstract="" />
<method name="values" initial="v" htmlFileName="com/dassault_systemes/enovia/formulation/enumeration/FormulationAttribute" containerName="FormulationAttribute"  containerType="enum" id="2034347600" argList="()" abstract="" />
<class name="FormulationPolicy" initial="F" htmlFileName="com/dassault_systemes/enovia/formulation/enumeration/FormulationPolicy"  fatherClass="Enum" fatherId="-1677588096" fatherType="enum"  DSCharacteristic="enum" id="-1405211654" abstract="" packageName="com.dassault_systemes.enovia.formulation.enumeration" packagePath="com/dassault_systemes/enovia/formulation/enumeration/" packageAbstract="" />
<method name="getPolicy" initial="g" htmlFileName="com/dassault_systemes/enovia/formulation/enumeration/FormulationPolicy" containerName="FormulationPolicy"  containerType="enum" id="-1833893674" argList="(matrix.db.Context)" abstract="" />
<method name="toString" initial="t" htmlFileName="com/dassault_systemes/enovia/formulation/enumeration/FormulationPolicy" containerName="FormulationPolicy"  containerType="enum" id="-1364221926" argList="()" abstract="" />
<method name="valueOf" initial="v" htmlFileName="com/dassault_systemes/enovia/formulation/enumeration/FormulationPolicy" containerName="FormulationPolicy"  containerType="enum" id="1110703062" argList="(java.lang.String)" abstract="" />
<method name="values" initial="v" htmlFileName="com/dassault_systemes/enovia/formulation/enumeration/FormulationPolicy" containerName="FormulationPolicy"  containerType="enum" id="2034347600" argList="()" abstract="" />
<class name="FormulationState" initial="F" htmlFileName="com/dassault_systemes/enovia/formulation/enumeration/FormulationState"  fatherClass="Enum" fatherId="-1677588096" fatherType="enum"  DSCharacteristic="enum" id="-1647364955" abstract="" packageName="com.dassault_systemes.enovia.formulation.enumeration" packagePath="com/dassault_systemes/enovia/formulation/enumeration/" packageAbstract="" />
<method name="getState" initial="g" htmlFileName="com/dassault_systemes/enovia/formulation/enumeration/FormulationState" containerName="FormulationState"  containerType="enum" id="443560777" argList="(matrix.db.Context, java.lang.String)" abstract="" />
<method name="toString" initial="t" htmlFileName="com/dassault_systemes/enovia/formulation/enumeration/FormulationState" containerName="FormulationState"  containerType="enum" id="-1364221926" argList="()" abstract="" />
<method name="valueOf" initial="v" htmlFileName="com/dassault_systemes/enovia/formulation/enumeration/FormulationState" containerName="FormulationState"  containerType="enum" id="1110703062" argList="(java.lang.String)" abstract="" />
<method name="values" initial="v" htmlFileName="com/dassault_systemes/enovia/formulation/enumeration/FormulationState" containerName="FormulationState"  containerType="enum" id="2034347600" argList="()" abstract="" />
<class name="FormulationType" initial="F" htmlFileName="com/dassault_systemes/enovia/formulation/enumeration/FormulationType"  fatherClass="Enum" fatherId="-1677588096" fatherType="enum"  DSCharacteristic="enum" id="883390594" abstract="" packageName="com.dassault_systemes.enovia.formulation.enumeration" packagePath="com/dassault_systemes/enovia/formulation/enumeration/" packageAbstract="" />
<method name="getType" initial="g" htmlFileName="com/dassault_systemes/enovia/formulation/enumeration/FormulationType" containerName="FormulationType"  containerType="enum" id="954079838" argList="(matrix.db.Context)" abstract="" />
<method name="toString" initial="t" htmlFileName="com/dassault_systemes/enovia/formulation/enumeration/FormulationType" containerName="FormulationType"  containerType="enum" id="-1364221926" argList="()" abstract="" />
<method name="valueOf" initial="v" htmlFileName="com/dassault_systemes/enovia/formulation/enumeration/FormulationType" containerName="FormulationType"  containerType="enum" id="1110703062" argList="(java.lang.String)" abstract="" />
<method name="values" initial="v" htmlFileName="com/dassault_systemes/enovia/formulation/enumeration/FormulationType" containerName="FormulationType"  containerType="enum" id="2034347600" argList="()" abstract="" />
<class name="ParseReleasePhase" initial="P" htmlFileName="com/dassault_systemes/enovia/formulation/util/ParseReleasePhase"  fatherClass="Object" fatherId="475085833" fatherType="class"  DSCharacteristic="class" id="1019263803" abstract="" packageName="com.dassault_systemes.enovia.formulation.util" packagePath="com/dassault_systemes/enovia/formulation/util/" packageAbstract="" />
<method name="getPartReleaseProcess" initial="g" htmlFileName="com/dassault_systemes/enovia/formulation/util/ParseReleasePhase" containerName="ParseReleasePhase"  containerType="class" id="-1707832070" argList="()" abstract="" />
<method name="getPhaseListForType" initial="g" htmlFileName="com/dassault_systemes/enovia/formulation/util/ParseReleasePhase" containerName="ParseReleasePhase"  containerType="class" id="-328145365" argList="(java.lang.String)" abstract="" />
<method name="getReleasePhase" initial="g" htmlFileName="com/dassault_systemes/enovia/formulation/util/ParseReleasePhase" containerName="ParseReleasePhase"  containerType="class" id="646899937" argList="(java.lang.String)" abstract="" />
<method name="toString" initial="t" htmlFileName="com/dassault_systemes/enovia/formulation/util/ParseReleasePhase" containerName="ParseReleasePhase"  containerType="class" id="1442646623" argList="()" abstract="" />
<constructor name="ParseReleasePhase" initial="P" htmlFileName="com/dassault_systemes/enovia/formulation/util/ParseReleasePhase" containerName="ParseReleasePhase"  containerType="class" id="-2083834439" argList="(matrix.db.Context)" abstract="" />
<class name="ReleasePhaseUtil" initial="R" htmlFileName="com/dassault_systemes/enovia/formulation/util/ReleasePhaseUtil"  fatherClass="Object" fatherId="475085833" fatherType="class"  DSCharacteristic="class" id="2031841546" abstract="" packageName="com.dassault_systemes.enovia.formulation.util" packagePath="com/dassault_systemes/enovia/formulation/util/" packageAbstract="" />
<method name="getNextPhaseList" initial="g" htmlFileName="com/dassault_systemes/enovia/formulation/util/ReleasePhaseUtil" containerName="ReleasePhaseUtil"  containerType="class" id="-1611715333" argList="(matrix.db.Context, java.lang.String, java.lang.String)" abstract="List of the phases proceeding the given phase" />
<method name="getPhaseList" initial="g" htmlFileName="com/dassault_systemes/enovia/formulation/util/ReleasePhaseUtil" containerName="ReleasePhaseUtil"  containerType="class" id="182856168" argList="(matrix.db.Context, java.lang.String)" abstract="Method to return the phases of the given type" />
<method name="getPhaseListForType" initial="g" htmlFileName="com/dassault_systemes/enovia/formulation/util/ReleasePhaseUtil" containerName="ReleasePhaseUtil"  containerType="class" id="-328145365" argList="(matrix.db.Context, java.lang.String)" abstract="Method to return the list of phase for the given Type" />
<method name="getPolicy" initial="g" htmlFileName="com/dassault_systemes/enovia/formulation/util/ReleasePhaseUtil" containerName="ReleasePhaseUtil"  containerType="class" id="1142736163" argList="(matrix.db.Context, java.lang.String, java.lang.String)" abstract="Method to get the policy for the given type and phase mapping" />
<method name="isFormulation" initial="i" htmlFileName="com/dassault_systemes/enovia/formulation/util/ReleasePhaseUtil" containerName="ReleasePhaseUtil"  containerType="class" id="-1610258853" argList="(matrix.db.Context, java.lang.String)" abstract="Method to check if the passes in type is of Formulation" />
<method name="isProcess" initial="i" htmlFileName="com/dassault_systemes/enovia/formulation/util/ReleasePhaseUtil" containerName="ReleasePhaseUtil"  containerType="class" id="-324026938" argList="(matrix.db.Context, java.lang.String)" abstract="Method to check if the passed in type is of Formulation Process" />
<constructor name="ReleasePhaseUtil" initial="R" htmlFileName="com/dassault_systemes/enovia/formulation/util/ReleasePhaseUtil" containerName="ReleasePhaseUtil"  containerType="class" id="582227016" argList="()" abstract="" />
<class name="FormulationUtil" initial="F" htmlFileName="com/dassault_systemes/enovia/formulation/util/FormulationUtil"  fatherClass="Object" fatherId="475085833" fatherType="class"  DSCharacteristic="class" id="1787208464" abstract="" packageName="com.dassault_systemes.enovia.formulation.util" packagePath="com/dassault_systemes/enovia/formulation/util/" packageAbstract="" />
<method name="checkRevisions" initial="c" htmlFileName="com/dassault_systemes/enovia/formulation/util/FormulationUtil" containerName="FormulationUtil"  containerType="class" id="390914171" argList="(matrix.db.Context, com.matrixone.apps.domain.util.MapList, java.lang.String)" abstract="This method will filter the given maplist based on revision search criteria comparing with the final state" />
<method name="convertIntegers" initial="c" htmlFileName="com/dassault_systemes/enovia/formulation/util/FormulationUtil" containerName="FormulationUtil"  containerType="class" id="1224070019" argList="(java.util.List&lt;java.lang.Integer&gt;)" abstract="Converts Integers List to primitive int array." />
<method name="convertMapListToHashMap" initial="c" htmlFileName="com/dassault_systemes/enovia/formulation/util/FormulationUtil" containerName="FormulationUtil"  containerType="class" id="-1913224833" argList="(com.matrixone.apps.domain.util.MapList, java.lang.String)" abstract="Converts MapList to HashMap with respect to given key." />
<method name="createPathElement" initial="c" htmlFileName="com/dassault_systemes/enovia/formulation/util/FormulationUtil" containerName="FormulationUtil"  containerType="class" id="-1586006928" argList="(int, boolean, java.util.Map)" abstract="Creates the path element" />
<method name="enableManualFloatBehavior" initial="e" htmlFileName="com/dassault_systemes/enovia/formulation/util/FormulationUtil" containerName="FormulationUtil"  containerType="class" id="219344774" argList="(matrix.db.Context)" abstract="This api returns true if the FloatEBOMToEnd trigger is inactive which enables manual float commands" />
<method name="getAlternatePart" initial="g" htmlFileName="com/dassault_systemes/enovia/formulation/util/FormulationUtil" containerName="FormulationUtil"  containerType="class" id="906381716" argList="(matrix.db.Context, com.matrixone.apps.domain.DomainObject, matrix.util.StringList, matrix.util.StringList, java.lang.String, java.lang.String)" abstract="" />
<method name="getChangeDetails" initial="g" htmlFileName="com/dassault_systemes/enovia/formulation/util/FormulationUtil" containerName="FormulationUtil"  containerType="class" id="188106255" argList="(matrix.db.Context, java.lang.String)" abstract="" />
<method name="getChangeDetails" initial="g" htmlFileName="com/dassault_systemes/enovia/formulation/util/FormulationUtil" containerName="FormulationUtil"  containerType="class" id="188106255" argList="(matrix.db.Context, java.lang.String[])" abstract="" />
<method name="getCompositeOverridePathsContainingPhysicalId" initial="g" htmlFileName="com/dassault_systemes/enovia/formulation/util/FormulationUtil" containerName="FormulationUtil"  containerType="class" id="1107757786" argList="(matrix.db.Context, java.lang.String)" abstract="" />
<method name="getFinalStateOfPolicy" initial="g" htmlFileName="com/dassault_systemes/enovia/formulation/util/FormulationUtil" containerName="FormulationUtil"  containerType="class" id="749829457" argList="(matrix.db.Context, java.lang.String)" abstract="" />
<method name="getI18N" initial="g" htmlFileName="com/dassault_systemes/enovia/formulation/util/FormulationUtil" containerName="FormulationUtil"  containerType="class" id="-228808361" argList="(matrix.db.Context, java.lang.String)" abstract="" />
<method name="getPathsContainingPhysicalId" initial="g" htmlFileName="com/dassault_systemes/enovia/formulation/util/FormulationUtil" containerName="FormulationUtil"  containerType="class" id="-830406029" argList="(matrix.db.Context, java.lang.String, java.lang.String, matrix.util.StringList)" abstract="" />
<method name="getProductDataTypesPattern" initial="g" htmlFileName="com/dassault_systemes/enovia/formulation/util/FormulationUtil" containerName="FormulationUtil"  containerType="class" id="-557121903" argList="(matrix.db.Context)" abstract="" />
<method name="getQSGroupPathsContainingPhysicalId" initial="g" htmlFileName="com/dassault_systemes/enovia/formulation/util/FormulationUtil" containerName="FormulationUtil"  containerType="class" id="-542053500" argList="(matrix.db.Context, java.lang.String)" abstract="" />
<method name="getSortedStageRanges" initial="g" htmlFileName="com/dassault_systemes/enovia/formulation/util/FormulationUtil" containerName="FormulationUtil"  containerType="class" id="-233163670" argList="(matrix.db.Context)" abstract="This method returns Map of attribute:Stage Range Values except archive." />
<method name="getStageSequence" initial="g" htmlFileName="com/dassault_systemes/enovia/formulation/util/FormulationUtil" containerName="FormulationUtil"  containerType="class" id="-1092430334" argList="(matrix.db.Context, java.lang.String)" abstract="This method returns sequence of input attribute:Stage Range Value." />
<method name="getStateIndex" initial="g" htmlFileName="com/dassault_systemes/enovia/formulation/util/FormulationUtil" containerName="FormulationUtil"  containerType="class" id="-175024460" argList="(matrix.db.Context, matrix.db.Policy, java.lang.String)" abstract="Return index for passed state" />
<method name="getStates" initial="g" htmlFileName="com/dassault_systemes/enovia/formulation/util/FormulationUtil" containerName="FormulationUtil"  containerType="class" id="812278355" argList="(matrix.db.Context, java.lang.String)" abstract="returns states of given policy." />
<method name="hardenXMLParser" initial="h" htmlFileName="com/dassault_systemes/enovia/formulation/util/FormulationUtil" containerName="FormulationUtil"  containerType="class" id="1765589865" argList="(com.matrixone.jdom.input.SAXBuilder)" abstract="" />
<method name="hardenXMLParser" initial="h" htmlFileName="com/dassault_systemes/enovia/formulation/util/FormulationUtil" containerName="FormulationUtil"  containerType="class" id="1765589865" argList="(javax.xml.stream.XMLInputFactory)" abstract="" />
<method name="isGLSInstalled" initial="i" htmlFileName="com/dassault_systemes/enovia/formulation/util/FormulationUtil" containerName="FormulationUtil"  containerType="class" id="1347645013" argList="(matrix.db.Context)" abstract="This api returns true if GLS is installed" />
<method name="isKindOfParentType" initial="i" htmlFileName="com/dassault_systemes/enovia/formulation/util/FormulationUtil" containerName="FormulationUtil"  containerType="class" id="-943296014" argList="(matrix.db.Context, java.lang.String, java.lang.String)" abstract="Is Kind Of Parent Type .It checks whether objectId is kind of that type which is passed as an argument." />
<method name="isKindOfProductData" initial="i" htmlFileName="com/dassault_systemes/enovia/formulation/util/FormulationUtil" containerName="FormulationUtil"  containerType="class" id="261240359" argList="(matrix.db.Context, com.matrixone.apps.domain.DomainObject)" abstract="" />
<method name="isOfParentRelationship" initial="i" htmlFileName="com/dassault_systemes/enovia/formulation/util/FormulationUtil" containerName="FormulationUtil"  containerType="class" id="-1739508376" argList="(matrix.db.Context, java.lang.String, java.lang.String)" abstract="Verifies whether the Child Relationship is derived from the Parent Relationship." />
<method name="isTriggerInActive" initial="i" htmlFileName="com/dassault_systemes/enovia/formulation/util/FormulationUtil" containerName="FormulationUtil"  containerType="class" id="-1634508462" argList="(matrix.db.Context, java.lang.String, java.lang.String)" abstract="This method checks whether the trigger is active or inactive" />
<method name="modifyPath" initial="m" htmlFileName="com/dassault_systemes/enovia/formulation/util/FormulationUtil" containerName="FormulationUtil"  containerType="class" id="619206764" argList="(matrix.db.Context, matrix.db.PathWithSelect, int[], matrix.db.Path.Element[])" abstract="Modifying path requires modify access on owner object ." />
<method name="prepareRelSelectabelForPath" initial="p" htmlFileName="com/dassault_systemes/enovia/formulation/util/FormulationUtil" containerName="FormulationUtil"  containerType="class" id="-2031847725" argList="()" abstract="" />
<method name="promoteOrDemoteObjects" initial="p" htmlFileName="com/dassault_systemes/enovia/formulation/util/FormulationUtil" containerName="FormulationUtil"  containerType="class" id="-1998148914" argList="(matrix.db.Context, com.matrixone.apps.domain.util.MapList, java.lang.String)" abstract="" />
<method name="selAttributeValue" initial="s" htmlFileName="com/dassault_systemes/enovia/formulation/util/FormulationUtil" containerName="FormulationUtil"  containerType="class" id="-1269966020" argList="(java.lang.String)" abstract="returns concatenated  string value." />
<method name="strcat" initial="s" htmlFileName="com/dassault_systemes/enovia/formulation/util/FormulationUtil" containerName="FormulationUtil"  containerType="class" id="-730507354" argList="(java.lang.Object...)" abstract="returns concatenated  string value." />
<constructor name="FormulationUtil" initial="F" htmlFileName="com/dassault_systemes/enovia/formulation/util/FormulationUtil" containerName="FormulationUtil"  containerType="class" id="1289169358" argList="()" abstract="" />
</fw>

