<?xml version="1.0" encoding="utf-8"?>
<fw name="ENOManufacturerEquivalentPart" footer="Copyright &#169; 1999-2016, Dassault Syst&#232;mes. All rights reserved. ">
<class name="ExportToExcelUtil" initial="E" htmlFileName="com/matrixone/apps/manufacturerequivalentpart/ExportToExcelUtil"  fatherClass="DomainObject" fatherId="-1452343844" fatherType="class"  DSCharacteristic="class" id="1038489003" abstract="" packageName="com.matrixone.apps.manufacturerequivalentpart" packagePath="com/matrixone/apps/manufacturerequivalentpart/" packageAbstract="" />
<method name="createJob" initial="c" htmlFileName="com/matrixone/apps/manufacturerequivalentpart/ExportToExcelUtil" containerName="ExportToExcelUtil"  containerType="class" id="709550303" argList="(matrix.db.Context)" abstract="" />
<method name="deleteDirectory" initial="d" htmlFileName="com/matrixone/apps/manufacturerequivalentpart/ExportToExcelUtil" containerName="ExportToExcelUtil"  containerType="class" id="-513307968" argList="(java.io.File)" abstract="This method is used to delete the specified, file: file or directories ( along with all there sub folders, files)" />
<method name="fetchAllObjects" initial="f" htmlFileName="com/matrixone/apps/manufacturerequivalentpart/ExportToExcelUtil" containerName="ExportToExcelUtil"  containerType="class" id="-896162229" argList="(matrix.db.Context, java.lang.String, java.lang.String)" abstract="Returns all the objects from the database required to be exported to excel." />
<method name="getCharacterValue" initial="g" htmlFileName="com/matrixone/apps/manufacturerequivalentpart/ExportToExcelUtil" containerName="ExportToExcelUtil"  containerType="class" id="-2016403844" argList="(java.lang.String)" abstract="The method returns the appropriate character/escape-sequence corresponding to the input parameter strValue." />
<method name="getDateAfter" initial="g" htmlFileName="com/matrixone/apps/manufacturerequivalentpart/ExportToExcelUtil" containerName="ExportToExcelUtil"  containerType="class" id="-977247786" argList="(int)" abstract="" />
<method name="getMailMessage" initial="g" htmlFileName="com/matrixone/apps/manufacturerequivalentpart/ExportToExcelUtil" containerName="ExportToExcelUtil"  containerType="class" id="-188244264" argList="(matrix.db.Context, java.lang.String)" abstract="Method returns a String which will be sent to the owner  as an email upon completion of the background job of &quot;Export All MEPs to Excel&quot; command" />
<method name="performCheckin" initial="p" htmlFileName="com/matrixone/apps/manufacturerequivalentpart/ExportToExcelUtil" containerName="ExportToExcelUtil"  containerType="class" id="-1577519286" argList="(matrix.db.Context, java.lang.String, com.matrixone.apps.domain.Job, java.lang.String)" abstract="" />
<method name="replaceCharacters" initial="r" htmlFileName="com/matrixone/apps/manufacturerequivalentpart/ExportToExcelUtil" containerName="ExportToExcelUtil"  containerType="class" id="-1160297988" argList="(java.lang.String, char[], char)" abstract="The method replaces all the elements in charList with replacementChar." />
<method name="sendMessage" initial="s" htmlFileName="com/matrixone/apps/manufacturerequivalentpart/ExportToExcelUtil" containerName="ExportToExcelUtil"  containerType="class" id="-916067555" argList="(matrix.db.Context, matrix.util.StringList, matrix.util.StringList, matrix.util.StringList, java.lang.String, java.lang.String, matrix.util.StringList)" abstract="" />
<method name="startExportToExcelBackgroundJob" initial="s" htmlFileName="com/matrixone/apps/manufacturerequivalentpart/ExportToExcelUtil" containerName="ExportToExcelUtil"  containerType="class" id="1986340775" argList="(matrix.db.Context, java.util.HashMap)" abstract="" />
<constructor name="ExportToExcelUtil" initial="E" htmlFileName="com/matrixone/apps/manufacturerequivalentpart/ExportToExcelUtil" containerName="ExportToExcelUtil"  containerType="class" id="1624312109" argList="()" abstract="" />
<class name="Part" initial="P" htmlFileName="com/matrixone/apps/manufacturerequivalentpart/Part"  fatherClass="Part" fatherId="325535045" fatherType="class"  DSCharacteristic="class" id="1416213794" abstract="The ManufacturerPart class ManufacturerEquivalentPart" packageName="com.matrixone.apps.manufacturerequivalentpart" packagePath="com/matrixone/apps/manufacturerequivalentpart/" packageAbstract="" />
<method name="addLocations" initial="a" htmlFileName="com/matrixone/apps/manufacturerequivalentpart/Part" containerName="Part"  containerType="class" id="1008200571" argList="(matrix.db.Context, java.lang.String, java.lang.String)" abstract="Connects this MEP with selected Locations" />
<method name="addManufacturerEquivalentParts" initial="a" htmlFileName="com/matrixone/apps/manufacturerequivalentpart/Part" containerName="Part"  containerType="class" id="-1241924894" argList="(matrix.db.Context, java.lang.String[])" abstract="Adds  Manufacturer Equivalent Parts for this Enterprise Part." />
<method name="deleteMEPs" initial="d" htmlFileName="com/matrixone/apps/manufacturerequivalentpart/Part" containerName="Part"  containerType="class" id="-1700958300" argList="(matrix.db.Context, java.lang.String[])" abstract="Deletes the MEPs selected by disconnecting it from the Enterprise part" />
<method name="getEquivalentPartPolicies" initial="g" htmlFileName="com/matrixone/apps/manufacturerequivalentpart/Part" containerName="Part"  containerType="class" id="182180001" argList="(matrix.db.Context)" abstract="Gets list of Manufacturer Equivalent Part policies" />
<method name="getManufacturerEquivalents" initial="g" htmlFileName="com/matrixone/apps/manufacturerequivalentpart/Part" containerName="Part"  containerType="class" id="-1279185856" argList="(matrix.db.Context, matrix.util.StringList, matrix.util.StringList)" abstract="Gets the Manufacturer Equivalent Parts for this Part." />
<method name="getManufacturerEquivalents" initial="g" htmlFileName="com/matrixone/apps/manufacturerequivalentpart/Part" containerName="Part"  containerType="class" id="-1279185856" argList="(matrix.db.Context, matrix.util.StringList, java.lang.String, java.lang.String)" abstract="Gets all Manufacturer Equivalent Parts in the system." />
<method name="getManufacturerEquivalentsWithLimit" initial="g" htmlFileName="com/matrixone/apps/manufacturerequivalentpart/Part" containerName="Part"  containerType="class" id="-639725071" argList="(matrix.db.Context, matrix.util.StringList, java.lang.String, java.lang.String, int)" abstract="" />
<method name="getMEPLocations" initial="g" htmlFileName="com/matrixone/apps/manufacturerequivalentpart/Part" containerName="Part"  containerType="class" id="1672933530" argList="(matrix.db.Context)" abstract="Gets the Locations associated with this MEP" />
<method name="getRevisionValue" initial="g" htmlFileName="com/matrixone/apps/manufacturerequivalentpart/Part" containerName="Part"  containerType="class" id="2087654494" argList="(matrix.db.Context, java.lang.String, java.lang.String)" abstract="Gets the revision field value in createMEP" />
<method name="setRevision" initial="s" htmlFileName="com/matrixone/apps/manufacturerequivalentpart/Part" containerName="Part"  containerType="class" id="-1444782565" argList="(matrix.db.Context, java.lang.String, java.lang.String, java.lang.String)" abstract="" />
<constructor name="Part" initial="P" htmlFileName="com/matrixone/apps/manufacturerequivalentpart/Part" containerName="Part"  containerType="class" id="-555289756" argList="()" abstract="Creates a new Part." />
<constructor name="Part" initial="P" htmlFileName="com/matrixone/apps/manufacturerequivalentpart/Part" containerName="Part"  containerType="class" id="-555289756" argList="(java.lang.String)" abstract="Creates a new Part." />
<constructor name="Part" initial="P" htmlFileName="com/matrixone/apps/manufacturerequivalentpart/Part" containerName="Part"  containerType="class" id="-555289756" argList="(matrix.db.BusinessObject)" abstract="Creates a new Part." />
</fw>

