<?xml version="1.0" encoding="utf-8"?>
<fw name="ENORequirementsManagementBase" footer="Copyright &#169; 1999-2016, Dassault Syst&#232;mes. All rights reserved. ">
<class name="VPLMCmdChapterClone" initial="V" htmlFileName="com/dassault_systemes/vplm/modeler/requirement/implementation/VPLMCmdChapterClone"  fatherClass="Object" fatherId="-181199339" fatherType="class"  DSCharacteristic="class" id="-1560582277" abstract="" packageName="com.dassault_systemes.vplm.modeler.requirement.implementation" packagePath="com/dassault_systemes/vplm/modeler/requirement/implementation/" packageAbstract="" />
<method name="executeCommand" initial="e" htmlFileName="com/dassault_systemes/vplm/modeler/requirement/implementation/VPLMCmdChapterClone" containerName="VPLMCmdChapterClone"  containerType="class" id="1690952429" argList="(matrix.db.Context, matrix.db.BusinessObject, java.lang.String, java.lang.String, matrix.db.AttributeList, com.matrixone.itf.ItfVPLMCloneVersionOptions)" abstract="" />
<constructor name="VPLMCmdChapterClone" initial="V" htmlFileName="com/dassault_systemes/vplm/modeler/requirement/implementation/VPLMCmdChapterClone" containerName="VPLMCmdChapterClone"  containerType="class" id="-2032571271" argList="()" abstract="" />
<class name="VPLMCmdChapterDeleteReference" initial="V" htmlFileName="com/dassault_systemes/vplm/modeler/requirement/implementation/VPLMCmdChapterDeleteReference"  fatherClass="Object" fatherId="-181199339" fatherType="class"  DSCharacteristic="class" id="-1683297410" abstract="" packageName="com.dassault_systemes.vplm.modeler.requirement.implementation" packagePath="com/dassault_systemes/vplm/modeler/requirement/implementation/" packageAbstract="" />
<method name="executeCommand" initial="e" htmlFileName="com/dassault_systemes/vplm/modeler/requirement/implementation/VPLMCmdChapterDeleteReference" containerName="VPLMCmdChapterDeleteReference"  containerType="class" id="1690952429" argList="(matrix.db.Context, matrix.db.BusinessObject)" abstract="" />
<constructor name="VPLMCmdChapterDeleteReference" initial="V" htmlFileName="com/dassault_systemes/vplm/modeler/requirement/implementation/VPLMCmdChapterDeleteReference" containerName="VPLMCmdChapterDeleteReference"  containerType="class" id="1435017788" argList="()" abstract="" />
<class name="VPLMCmdChapterVersion" initial="V" htmlFileName="com/dassault_systemes/vplm/modeler/requirement/implementation/VPLMCmdChapterVersion"  fatherClass="Object" fatherId="-181199339" fatherType="class"  DSCharacteristic="class" id="65331318" abstract="" packageName="com.dassault_systemes.vplm.modeler.requirement.implementation" packagePath="com/dassault_systemes/vplm/modeler/requirement/implementation/" packageAbstract="" />
<method name="executeCommand" initial="e" htmlFileName="com/dassault_systemes/vplm/modeler/requirement/implementation/VPLMCmdChapterVersion" containerName="VPLMCmdChapterVersion"  containerType="class" id="1690952429" argList="(matrix.db.Context, matrix.db.BusinessObject, java.lang.String, java.lang.String, matrix.db.AttributeList, com.matrixone.itf.ItfVPLMCloneVersionOptions)" abstract="" />
<constructor name="VPLMCmdChapterVersion" initial="V" htmlFileName="com/dassault_systemes/vplm/modeler/requirement/implementation/VPLMCmdChapterVersion" containerName="VPLMCmdChapterVersion"  containerType="class" id="-1635451596" argList="()" abstract="" />
<class name="VPLMCmdCommentClone" initial="V" htmlFileName="com/dassault_systemes/vplm/modeler/requirement/implementation/VPLMCmdCommentClone"  fatherClass="Object" fatherId="-181199339" fatherType="class"  DSCharacteristic="class" id="1888726185" abstract="" packageName="com.dassault_systemes.vplm.modeler.requirement.implementation" packagePath="com/dassault_systemes/vplm/modeler/requirement/implementation/" packageAbstract="" />
<method name="executeCommand" initial="e" htmlFileName="com/dassault_systemes/vplm/modeler/requirement/implementation/VPLMCmdCommentClone" containerName="VPLMCmdCommentClone"  containerType="class" id="1690952429" argList="(matrix.db.Context, matrix.db.BusinessObject, java.lang.String, java.lang.String, matrix.db.AttributeList, com.matrixone.itf.ItfVPLMCloneVersionOptions)" abstract="" />
<constructor name="VPLMCmdCommentClone" initial="V" htmlFileName="com/dassault_systemes/vplm/modeler/requirement/implementation/VPLMCmdCommentClone" containerName="VPLMCmdCommentClone"  containerType="class" id="1372100391" argList="()" abstract="" />
<class name="VPLMCmdCommentDeleteReference" initial="V" htmlFileName="com/dassault_systemes/vplm/modeler/requirement/implementation/VPLMCmdCommentDeleteReference"  fatherClass="Object" fatherId="-181199339" fatherType="class"  DSCharacteristic="class" id="-1333194964" abstract="" packageName="com.dassault_systemes.vplm.modeler.requirement.implementation" packagePath="com/dassault_systemes/vplm/modeler/requirement/implementation/" packageAbstract="" />
<method name="executeCommand" initial="e" htmlFileName="com/dassault_systemes/vplm/modeler/requirement/implementation/VPLMCmdCommentDeleteReference" containerName="VPLMCmdCommentDeleteReference"  containerType="class" id="1690952429" argList="(matrix.db.Context, matrix.db.BusinessObject)" abstract="" />
<constructor name="VPLMCmdCommentDeleteReference" initial="V" htmlFileName="com/dassault_systemes/vplm/modeler/requirement/implementation/VPLMCmdCommentDeleteReference" containerName="VPLMCmdCommentDeleteReference"  containerType="class" id="981257066" argList="()" abstract="" />
<class name="VPLMCmdCommentVersion" initial="V" htmlFileName="com/dassault_systemes/vplm/modeler/requirement/implementation/VPLMCmdCommentVersion"  fatherClass="Object" fatherId="-181199339" fatherType="class"  DSCharacteristic="class" id="-863989212" abstract="" packageName="com.dassault_systemes.vplm.modeler.requirement.implementation" packagePath="com/dassault_systemes/vplm/modeler/requirement/implementation/" packageAbstract="" />
<method name="executeCommand" initial="e" htmlFileName="com/dassault_systemes/vplm/modeler/requirement/implementation/VPLMCmdCommentVersion" containerName="VPLMCmdCommentVersion"  containerType="class" id="1690952429" argList="(matrix.db.Context, matrix.db.BusinessObject, java.lang.String, java.lang.String, matrix.db.AttributeList, com.matrixone.itf.ItfVPLMCloneVersionOptions)" abstract="" />
<constructor name="VPLMCmdCommentVersion" initial="V" htmlFileName="com/dassault_systemes/vplm/modeler/requirement/implementation/VPLMCmdCommentVersion" containerName="VPLMCmdCommentVersion"  containerType="class" id="1783903330" argList="()" abstract="" />
<class name="VPLMCmdReqGroupClone" initial="V" htmlFileName="com/dassault_systemes/vplm/modeler/requirement/implementation/VPLMCmdReqGroupClone"  fatherClass="Object" fatherId="-181199339" fatherType="class"  DSCharacteristic="class" id="511847785" abstract="" packageName="com.dassault_systemes.vplm.modeler.requirement.implementation" packagePath="com/dassault_systemes/vplm/modeler/requirement/implementation/" packageAbstract="" />
<method name="executeCommand" initial="e" htmlFileName="com/dassault_systemes/vplm/modeler/requirement/implementation/VPLMCmdReqGroupClone" containerName="VPLMCmdReqGroupClone"  containerType="class" id="1690952429" argList="(matrix.db.Context, matrix.db.BusinessObject, java.lang.String, java.lang.String, matrix.db.AttributeList, com.matrixone.itf.ItfVPLMCloneVersionOptions)" abstract="" />
<constructor name="VPLMCmdReqGroupClone" initial="V" htmlFileName="com/dassault_systemes/vplm/modeler/requirement/implementation/VPLMCmdReqGroupClone" containerName="VPLMCmdReqGroupClone"  containerType="class" id="528713703" argList="()" abstract="" />
<class name="VPLMCmdReqGroupDeleteReference" initial="V" htmlFileName="com/dassault_systemes/vplm/modeler/requirement/implementation/VPLMCmdReqGroupDeleteReference"  fatherClass="Object" fatherId="-181199339" fatherType="class"  DSCharacteristic="class" id="1373478892" abstract="" packageName="com.dassault_systemes.vplm.modeler.requirement.implementation" packagePath="com/dassault_systemes/vplm/modeler/requirement/implementation/" packageAbstract="" />
<method name="executeCommand" initial="e" htmlFileName="com/dassault_systemes/vplm/modeler/requirement/implementation/VPLMCmdReqGroupDeleteReference" containerName="VPLMCmdReqGroupDeleteReference"  containerType="class" id="1690952429" argList="(matrix.db.Context, matrix.db.BusinessObject)" abstract="" />
<constructor name="VPLMCmdReqGroupDeleteReference" initial="V" htmlFileName="com/dassault_systemes/vplm/modeler/requirement/implementation/VPLMCmdReqGroupDeleteReference" containerName="VPLMCmdReqGroupDeleteReference"  containerType="class" id="-1160655830" argList="()" abstract="" />
<class name="VPLMCmdReqGroupVersion" initial="V" htmlFileName="com/dassault_systemes/vplm/modeler/requirement/implementation/VPLMCmdReqGroupVersion"  fatherClass="Object" fatherId="-181199339" fatherType="class"  DSCharacteristic="class" id="-1194204444" abstract="" packageName="com.dassault_systemes.vplm.modeler.requirement.implementation" packagePath="com/dassault_systemes/vplm/modeler/requirement/implementation/" packageAbstract="" />
<method name="executeCommand" initial="e" htmlFileName="com/dassault_systemes/vplm/modeler/requirement/implementation/VPLMCmdReqGroupVersion" containerName="VPLMCmdReqGroupVersion"  containerType="class" id="1690952429" argList="(matrix.db.Context, matrix.db.BusinessObject, java.lang.String, java.lang.String, matrix.db.AttributeList, com.matrixone.itf.ItfVPLMCloneVersionOptions)" abstract="" />
<constructor name="VPLMCmdReqGroupVersion" initial="V" htmlFileName="com/dassault_systemes/vplm/modeler/requirement/implementation/VPLMCmdReqGroupVersion" containerName="VPLMCmdReqGroupVersion"  containerType="class" id="-1256852190" argList="()" abstract="" />
<class name="VPLMCmdReqSpecClone" initial="V" htmlFileName="com/dassault_systemes/vplm/modeler/requirement/implementation/VPLMCmdReqSpecClone"  fatherClass="Object" fatherId="-181199339" fatherType="class"  DSCharacteristic="class" id="1068302799" abstract="" packageName="com.dassault_systemes.vplm.modeler.requirement.implementation" packagePath="com/dassault_systemes/vplm/modeler/requirement/implementation/" packageAbstract="" />
<method name="executeCommand" initial="e" htmlFileName="com/dassault_systemes/vplm/modeler/requirement/implementation/VPLMCmdReqSpecClone" containerName="VPLMCmdReqSpecClone"  containerType="class" id="1690952429" argList="(matrix.db.Context, matrix.db.BusinessObject, java.lang.String, java.lang.String, matrix.db.AttributeList, com.matrixone.itf.ItfVPLMCloneVersionOptions)" abstract="" />
<constructor name="VPLMCmdReqSpecClone" initial="V" htmlFileName="com/dassault_systemes/vplm/modeler/requirement/implementation/VPLMCmdReqSpecClone" containerName="VPLMCmdReqSpecClone"  containerType="class" id="-168101939" argList="()" abstract="" />
<class name="VPLMCmdReqSpecDeleteReference" initial="V" htmlFileName="com/dassault_systemes/vplm/modeler/requirement/implementation/VPLMCmdReqSpecDeleteReference"  fatherClass="Object" fatherId="-181199339" fatherType="class"  DSCharacteristic="class" id="1034857682" abstract="" packageName="com.dassault_systemes.vplm.modeler.requirement.implementation" packagePath="com/dassault_systemes/vplm/modeler/requirement/implementation/" packageAbstract="" />
<method name="executeCommand" initial="e" htmlFileName="com/dassault_systemes/vplm/modeler/requirement/implementation/VPLMCmdReqSpecDeleteReference" containerName="VPLMCmdReqSpecDeleteReference"  containerType="class" id="1690952429" argList="(matrix.db.Context, matrix.db.BusinessObject)" abstract="" />
<constructor name="VPLMCmdReqSpecDeleteReference" initial="V" htmlFileName="com/dassault_systemes/vplm/modeler/requirement/implementation/VPLMCmdReqSpecDeleteReference" containerName="VPLMCmdReqSpecDeleteReference"  containerType="class" id="394466448" argList="()" abstract="" />
<class name="VPLMCmdReqSpecVersion" initial="V" htmlFileName="com/dassault_systemes/vplm/modeler/requirement/implementation/VPLMCmdReqSpecVersion"  fatherClass="Object" fatherId="-181199339" fatherType="class"  DSCharacteristic="class" id="983119306" abstract="" packageName="com.dassault_systemes.vplm.modeler.requirement.implementation" packagePath="com/dassault_systemes/vplm/modeler/requirement/implementation/" packageAbstract="" />
<method name="executeCommand" initial="e" htmlFileName="com/dassault_systemes/vplm/modeler/requirement/implementation/VPLMCmdReqSpecVersion" containerName="VPLMCmdReqSpecVersion"  containerType="class" id="1690952429" argList="(matrix.db.Context, matrix.db.BusinessObject, java.lang.String, java.lang.String, matrix.db.AttributeList, com.matrixone.itf.ItfVPLMCloneVersionOptions)" abstract="" />
<constructor name="VPLMCmdReqSpecVersion" initial="V" htmlFileName="com/dassault_systemes/vplm/modeler/requirement/implementation/VPLMCmdReqSpecVersion" containerName="VPLMCmdReqSpecVersion"  containerType="class" id="-881785976" argList="()" abstract="" />
<class name="VPLMCmdRequirementClone" initial="V" htmlFileName="com/dassault_systemes/vplm/modeler/requirement/implementation/VPLMCmdRequirementClone"  fatherClass="Object" fatherId="-181199339" fatherType="class"  DSCharacteristic="class" id="-1013637691" abstract="" packageName="com.dassault_systemes.vplm.modeler.requirement.implementation" packagePath="com/dassault_systemes/vplm/modeler/requirement/implementation/" packageAbstract="" />
<method name="executeCommand" initial="e" htmlFileName="com/dassault_systemes/vplm/modeler/requirement/implementation/VPLMCmdRequirementClone" containerName="VPLMCmdRequirementClone"  containerType="class" id="1690952429" argList="(matrix.db.Context, matrix.db.BusinessObject, java.lang.String, java.lang.String, matrix.db.AttributeList, com.matrixone.itf.ItfVPLMCloneVersionOptions)" abstract="" />
<constructor name="VPLMCmdRequirementClone" initial="V" htmlFileName="com/dassault_systemes/vplm/modeler/requirement/implementation/VPLMCmdRequirementClone" containerName="VPLMCmdRequirementClone"  containerType="class" id="157270851" argList="()" abstract="" />
<class name="VPLMCmdRequirementDeleteReference" initial="V" htmlFileName="com/dassault_systemes/vplm/modeler/requirement/implementation/VPLMCmdRequirementDeleteReference"  fatherClass="Object" fatherId="-181199339" fatherType="class"  DSCharacteristic="class" id="842321224" abstract="" packageName="com.dassault_systemes.vplm.modeler.requirement.implementation" packagePath="com/dassault_systemes/vplm/modeler/requirement/implementation/" packageAbstract="" />
<method name="executeCommand" initial="e" htmlFileName="com/dassault_systemes/vplm/modeler/requirement/implementation/VPLMCmdRequirementDeleteReference" containerName="VPLMCmdRequirementDeleteReference"  containerType="class" id="1690952429" argList="(matrix.db.Context, matrix.db.BusinessObject)" abstract="" />
<constructor name="VPLMCmdRequirementDeleteReference" initial="V" htmlFileName="com/dassault_systemes/vplm/modeler/requirement/implementation/VPLMCmdRequirementDeleteReference" containerName="VPLMCmdRequirementDeleteReference"  containerType="class" id="957383814" argList="()" abstract="" />
<class name="VPLMCmdRequirementVersion" initial="V" htmlFileName="com/dassault_systemes/vplm/modeler/requirement/implementation/VPLMCmdRequirementVersion"  fatherClass="Object" fatherId="-181199339" fatherType="class"  DSCharacteristic="class" id="1693068352" abstract="" packageName="com.dassault_systemes.vplm.modeler.requirement.implementation" packagePath="com/dassault_systemes/vplm/modeler/requirement/implementation/" packageAbstract="" />
<method name="executeCommand" initial="e" htmlFileName="com/dassault_systemes/vplm/modeler/requirement/implementation/VPLMCmdRequirementVersion" containerName="VPLMCmdRequirementVersion"  containerType="class" id="1690952429" argList="(matrix.db.Context, matrix.db.BusinessObject, java.lang.String, java.lang.String, matrix.db.AttributeList, com.matrixone.itf.ItfVPLMCloneVersionOptions)" abstract="" />
<constructor name="VPLMCmdRequirementVersion" initial="V" htmlFileName="com/dassault_systemes/vplm/modeler/requirement/implementation/VPLMCmdRequirementVersion" containerName="VPLMCmdRequirementVersion"  containerType="class" id="-1731147394" argList="()" abstract="" />
<class name="VPLMCmdUseCaseClone" initial="V" htmlFileName="com/dassault_systemes/vplm/modeler/requirement/implementation/VPLMCmdUseCaseClone"  fatherClass="Object" fatherId="-181199339" fatherType="class"  DSCharacteristic="class" id="-735531855" abstract="" packageName="com.dassault_systemes.vplm.modeler.requirement.implementation" packagePath="com/dassault_systemes/vplm/modeler/requirement/implementation/" packageAbstract="" />
<method name="executeCommand" initial="e" htmlFileName="com/dassault_systemes/vplm/modeler/requirement/implementation/VPLMCmdUseCaseClone" containerName="VPLMCmdUseCaseClone"  containerType="class" id="1690952429" argList="(matrix.db.Context, matrix.db.BusinessObject, java.lang.String, java.lang.String, matrix.db.AttributeList, com.matrixone.itf.ItfVPLMCloneVersionOptions)" abstract="" />
<constructor name="VPLMCmdUseCaseClone" initial="V" htmlFileName="com/dassault_systemes/vplm/modeler/requirement/implementation/VPLMCmdUseCaseClone" containerName="VPLMCmdUseCaseClone"  containerType="class" id="-1731235537" argList="()" abstract="" />
<class name="VPLMCmdUseCaseDeleteReference" initial="V" htmlFileName="com/dassault_systemes/vplm/modeler/requirement/implementation/VPLMCmdUseCaseDeleteReference"  fatherClass="Object" fatherId="-181199339" fatherType="class"  DSCharacteristic="class" id="84124980" abstract="" packageName="com.dassault_systemes.vplm.modeler.requirement.implementation" packagePath="com/dassault_systemes/vplm/modeler/requirement/implementation/" packageAbstract="" />
<method name="executeCommand" initial="e" htmlFileName="com/dassault_systemes/vplm/modeler/requirement/implementation/VPLMCmdUseCaseDeleteReference" containerName="VPLMCmdUseCaseDeleteReference"  containerType="class" id="1690952429" argList="(matrix.db.Context, matrix.db.BusinessObject)" abstract="" />
<constructor name="VPLMCmdUseCaseDeleteReference" initial="V" htmlFileName="com/dassault_systemes/vplm/modeler/requirement/implementation/VPLMCmdUseCaseDeleteReference" containerName="VPLMCmdUseCaseDeleteReference"  containerType="class" id="1499511666" argList="()" abstract="" />
<class name="VPLMCmdUseCaseVersion" initial="V" htmlFileName="com/dassault_systemes/vplm/modeler/requirement/implementation/VPLMCmdUseCaseVersion"  fatherClass="Object" fatherId="-181199339" fatherType="class"  DSCharacteristic="class" id="-1630162900" abstract="" packageName="com.dassault_systemes.vplm.modeler.requirement.implementation" packagePath="com/dassault_systemes/vplm/modeler/requirement/implementation/" packageAbstract="" />
<method name="executeCommand" initial="e" htmlFileName="com/dassault_systemes/vplm/modeler/requirement/implementation/VPLMCmdUseCaseVersion" containerName="VPLMCmdUseCaseVersion"  containerType="class" id="1690952429" argList="(matrix.db.Context, matrix.db.BusinessObject, java.lang.String, java.lang.String, matrix.db.AttributeList, com.matrixone.itf.ItfVPLMCloneVersionOptions)" abstract="" />
<constructor name="VPLMCmdUseCaseVersion" initial="V" htmlFileName="com/dassault_systemes/vplm/modeler/requirement/implementation/VPLMCmdUseCaseVersion" containerName="VPLMCmdUseCaseVersion"  containerType="class" id="185379946" argList="()" abstract="" />
</fw>

