<?xml version="1.0" encoding="utf-8"?>
<fw name="ENORequirementsManagementBase" footer="Copyright &#169; 1999-2016, Dassault Syst&#232;mes. All rights reserved. ">
<class name="RMTGetResource" initial="R" htmlFileName="com/dassault_systemes/enovia/webapps/requirements/rest/Util/RMTGetResource"  fatherClass="RestService" fatherId="297277347" fatherType="class"  DSCharacteristic="class" id="-1924400070" abstract="" packageName="com.dassault_systemes.enovia.webapps.requirements.rest.Util" packagePath="com/dassault_systemes/enovia/webapps/requirements/rest/Util/" packageAbstract="" />
<method name="BrowseObject" initial="B" htmlFileName="com/dassault_systemes/enovia/webapps/requirements/rest/Util/RMTGetResource" containerName="RMTGetResource"  containerType="class" id="-706076649" argList="(javax.servlet.http.HttpServletRequest)" abstract="" />
<constructor name="RMTGetResource" initial="R" htmlFileName="com/dassault_systemes/enovia/webapps/requirements/rest/Util/RMTGetResource" containerName="RMTGetResource"  containerType="class" id="1174803324" argList="()" abstract="" />
<class name="RMTModeler" initial="R" htmlFileName="com/dassault_systemes/enovia/webapps/requirements/rest/Util/RMTModeler"  fatherClass="ModelerBase" fatherId="-1779581795" fatherType="class"  DSCharacteristic="class" id="1201167208" abstract="" packageName="com.dassault_systemes.enovia.webapps.requirements.rest.Util" packagePath="com/dassault_systemes/enovia/webapps/requirements/rest/Util/" packageAbstract="" />
<method name="getServices" initial="g" htmlFileName="com/dassault_systemes/enovia/webapps/requirements/rest/Util/RMTModeler" containerName="RMTModeler"  containerType="class" id="-1790567454" argList="()" abstract="" />
<constructor name="RMTModeler" initial="R" htmlFileName="com/dassault_systemes/enovia/webapps/requirements/rest/Util/RMTModeler" containerName="RMTModeler"  containerType="class" id="145610794" argList="()" abstract="" />
<class name="RMTUtilResource" initial="R" htmlFileName="com/dassault_systemes/enovia/webapps/requirements/rest/Util/RMTUtilResource"  fatherClass="RestService" fatherId="297277347" fatherType="class"  DSCharacteristic="class" id="257266556" abstract="" packageName="com.dassault_systemes.enovia.webapps.requirements.rest.Util" packagePath="com/dassault_systemes/enovia/webapps/requirements/rest/Util/" packageAbstract="" />
<method name="AuthorObject" initial="A" htmlFileName="com/dassault_systemes/enovia/webapps/requirements/rest/Util/RMTUtilResource" containerName="RMTUtilResource"  containerType="class" id="-1722212392" argList="(javax.servlet.http.HttpServletRequest, java.lang.String)" abstract="This service performed the authoring of Traceable Requirement Objects," />
<method name="CheckinEndDocument" initial="C" htmlFileName="com/dassault_systemes/enovia/webapps/requirements/rest/Util/RMTUtilResource" containerName="RMTUtilResource"  containerType="class" id="1451613783" argList="(javax.servlet.http.HttpServletRequest)" abstract="This service performed the second step of the checkin process &lt;br&gt;" />
<method name="CheckinStartDocument" initial="C" htmlFileName="com/dassault_systemes/enovia/webapps/requirements/rest/Util/RMTUtilResource" containerName="RMTUtilResource"  containerType="class" id="280413342" argList="(javax.servlet.http.HttpServletRequest)" abstract="This service performed the first step of the checkin process &lt;br&gt;" />
<method name="setContext" initial="s" htmlFileName="com/dassault_systemes/enovia/webapps/requirements/rest/Util/RMTUtilResource" containerName="RMTUtilResource"  containerType="class" id="-679470469" argList="(javax.servlet.http.HttpServletRequest, java.lang.String)" abstract="" deprecated="To set the context of the request, please use the parameter              SecurityContext. This parameter will be handled by the              authenticate method of the RestService class" />
<constructor name="RMTUtilResource" initial="R" htmlFileName="com/dassault_systemes/enovia/webapps/requirements/rest/Util/RMTUtilResource" containerName="RMTUtilResource"  containerType="class" id="-845303490" argList="()" abstract="" />
<class name="RMTObjectMapper" initial="R" htmlFileName="com/dassault_systemes/enovia/webapps/requirements/rest/rmtservice/RMTObjectMapper"  fatherClass="Object" fatherId="136004896" fatherType="class"  DSCharacteristic="class" id="-1929513358" abstract="" packageName="com.dassault_systemes.enovia.webapps.requirements.rest.rmtservice" packagePath="com/dassault_systemes/enovia/webapps/requirements/rest/rmtservice/" packageAbstract="" />
<method name="getObjectAttribute" initial="g" htmlFileName="com/dassault_systemes/enovia/webapps/requirements/rest/rmtservice/RMTObjectMapper" containerName="RMTObjectMapper"  containerType="class" id="919858395" argList="(javax.json.JsonObject)" abstract="" />
<method name="getObjectBasics" initial="g" htmlFileName="com/dassault_systemes/enovia/webapps/requirements/rest/rmtservice/RMTObjectMapper" containerName="RMTObjectMapper"  containerType="class" id="466089934" argList="(javax.json.JsonObject)" abstract="" />
<method name="getObjectParent" initial="g" htmlFileName="com/dassault_systemes/enovia/webapps/requirements/rest/rmtservice/RMTObjectMapper" containerName="RMTObjectMapper"  containerType="class" id="-654631373" argList="(javax.json.JsonObject)" abstract="" />
<method name="getObjectRelationship" initial="g" htmlFileName="com/dassault_systemes/enovia/webapps/requirements/rest/rmtservice/RMTObjectMapper" containerName="RMTObjectMapper"  containerType="class" id="1400937089" argList="(javax.json.JsonObject)" abstract="" />
<method name="getTempId" initial="g" htmlFileName="com/dassault_systemes/enovia/webapps/requirements/rest/rmtservice/RMTObjectMapper" containerName="RMTObjectMapper"  containerType="class" id="378852985" argList="(javax.json.JsonObject)" abstract="" />
<constructor name="RMTObjectMapper" initial="R" htmlFileName="com/dassault_systemes/enovia/webapps/requirements/rest/rmtservice/RMTObjectMapper" containerName="RMTObjectMapper"  containerType="class" id="1709350580" argList="()" abstract="" />
</fw>

