<?xml version="1.0" encoding="utf-8"?>
<fw name="ENOSourcingCentral" footer="Copyright &#169; 1999-2016, Dassault Syst&#232;mes. All rights reserved. ">
<class name="AttributeInfo" initial="A" htmlFileName="com/matrixone/apps/sourcing/jaxb/AttributeInfo"  fatherClass="Object" fatherId="228509172" fatherType="class"  DSCharacteristic="class" id="1733085782" abstract="" packageName="com.matrixone.apps.sourcing.jaxb" packagePath="com/matrixone/apps/sourcing/jaxb/" packageAbstract="" />
<method name="getName" initial="g" htmlFileName="com/matrixone/apps/sourcing/jaxb/AttributeInfo" containerName="AttributeInfo"  containerType="class" id="-1210847710" argList="()" abstract="" />
<method name="getValue" initial="g" htmlFileName="com/matrixone/apps/sourcing/jaxb/AttributeInfo" containerName="AttributeInfo"  containerType="class" id="-2090397400" argList="()" abstract="" />
<method name="setName" initial="s" htmlFileName="com/matrixone/apps/sourcing/jaxb/AttributeInfo" containerName="AttributeInfo"  containerType="class" id="-400234602" argList="(java.lang.String)" abstract="" />
<method name="setValue" initial="s" htmlFileName="com/matrixone/apps/sourcing/jaxb/AttributeInfo" containerName="AttributeInfo"  containerType="class" id="1563772468" argList="(java.lang.String)" abstract="" />
<constructor name="AttributeInfo" initial="A" htmlFileName="com/matrixone/apps/sourcing/jaxb/AttributeInfo" containerName="AttributeInfo"  containerType="class" id="1298148756" argList="()" abstract="" />
<data name="name" initial="n" htmlFileName="com/matrixone/apps/sourcing/jaxb/AttributeInfo" containerName="AttributeInfo"  containerType="class" id="-516551569" abstract="" />
<data name="value" initial="v" htmlFileName="com/matrixone/apps/sourcing/jaxb/AttributeInfo" containerName="AttributeInfo"  containerType="class" id="-775583671" abstract="" />
<class name="ObjectInfo" initial="O" htmlFileName="com/matrixone/apps/sourcing/jaxb/ObjectInfo"  fatherClass="Object" fatherId="228509172" fatherType="class"  DSCharacteristic="class" id="582102521" abstract="" packageName="com.matrixone.apps.sourcing.jaxb" packagePath="com/matrixone/apps/sourcing/jaxb/" packageAbstract="" />
<method name="getAttributeInfo" initial="g" htmlFileName="com/matrixone/apps/sourcing/jaxb/ObjectInfo" containerName="ObjectInfo"  containerType="class" id="-1469630065" argList="()" abstract="" />
<method name="getId" initial="g" htmlFileName="com/matrixone/apps/sourcing/jaxb/ObjectInfo" containerName="ObjectInfo"  containerType="class" id="970689554" argList="()" abstract="" />
<method name="getName" initial="g" htmlFileName="com/matrixone/apps/sourcing/jaxb/ObjectInfo" containerName="ObjectInfo"  containerType="class" id="-1210847710" argList="()" abstract="" />
<method name="getType" initial="g" htmlFileName="com/matrixone/apps/sourcing/jaxb/ObjectInfo" containerName="ObjectInfo"  containerType="class" id="1028939283" argList="()" abstract="" />
<method name="setId" initial="s" htmlFileName="com/matrixone/apps/sourcing/jaxb/ObjectInfo" containerName="ObjectInfo"  containerType="class" id="-1589357946" argList="(java.lang.String)" abstract="" />
<method name="setName" initial="s" htmlFileName="com/matrixone/apps/sourcing/jaxb/ObjectInfo" containerName="ObjectInfo"  containerType="class" id="-400234602" argList="(java.lang.String)" abstract="" />
<method name="setType" initial="s" htmlFileName="com/matrixone/apps/sourcing/jaxb/ObjectInfo" containerName="ObjectInfo"  containerType="class" id="1839552391" argList="(java.lang.String)" abstract="" />
<constructor name="ObjectInfo" initial="O" htmlFileName="com/matrixone/apps/sourcing/jaxb/ObjectInfo" containerName="ObjectInfo"  containerType="class" id="-528020745" argList="()" abstract="" />
<data name="id" initial="i" htmlFileName="com/matrixone/apps/sourcing/jaxb/ObjectInfo" containerName="ObjectInfo"  containerType="class" id="-1802904609" abstract="" />
<data name="name" initial="n" htmlFileName="com/matrixone/apps/sourcing/jaxb/ObjectInfo" containerName="ObjectInfo"  containerType="class" id="-516551569" abstract="" />
<data name="type" initial="t" htmlFileName="com/matrixone/apps/sourcing/jaxb/ObjectInfo" containerName="ObjectInfo"  containerType="class" id="-1287404384" abstract="" />
<class name="Root" initial="R" htmlFileName="com/matrixone/apps/sourcing/jaxb/Root"  fatherClass="Object" fatherId="228509172" fatherType="class"  DSCharacteristic="class" id="194032654" abstract="" packageName="com.matrixone.apps.sourcing.jaxb" packagePath="com/matrixone/apps/sourcing/jaxb/" packageAbstract="" />
<method name="getObjectInfo" initial="g" htmlFileName="com/matrixone/apps/sourcing/jaxb/Root" containerName="Root"  containerType="class" id="-1341669536" argList="()" abstract="" />
<constructor name="Root" initial="R" htmlFileName="com/matrixone/apps/sourcing/jaxb/Root" containerName="Root"  containerType="class" id="80473420" argList="()" abstract="" />
<data name="objectInfo" initial="o" htmlFileName="com/matrixone/apps/sourcing/jaxb/Root" containerName="Root"  containerType="class" id="-662899539" abstract="" />
<class name="BuyerResource" initial="B" htmlFileName="com/matrixone/apps/sourcing/resource/BuyerResource"  fatherClass="RestService" fatherId="-527242825" fatherType="class"  DSCharacteristic="class" id="-1569012480" abstract="" packageName="com.matrixone.apps.sourcing.resource" packagePath="com/matrixone/apps/sourcing/resource/" packageAbstract="" />
<method name="getAwardedQuotationsPerSupplier" initial="g" htmlFileName="com/matrixone/apps/sourcing/resource/BuyerResource" containerName="BuyerResource"  containerType="class" id="694266874" argList="(javax.servlet.http.HttpServletRequest, java.lang.String)" abstract="Returns the Details of Awarded Quotations for a specific supplier whose" />
<method name="getMyRFQs" initial="g" htmlFileName="com/matrixone/apps/sourcing/resource/BuyerResource" containerName="BuyerResource"  containerType="class" id="-136634978" argList="(javax.servlet.http.HttpServletRequest)" abstract="Returns the details of RFQs owned by the context/logged in user." />
<method name="getRFQsPerSupplier" initial="g" htmlFileName="com/matrixone/apps/sourcing/resource/BuyerResource" containerName="BuyerResource"  containerType="class" id="-378833287" argList="(javax.servlet.http.HttpServletRequest, java.lang.String)" abstract="Returns the Details of RFQs sent for a specific supplier whose name" />
<method name="getSupplierDetails" initial="g" htmlFileName="com/matrixone/apps/sourcing/resource/BuyerResource" containerName="BuyerResource"  containerType="class" id="1357433366" argList="(javax.servlet.http.HttpServletRequest, java.lang.String)" abstract="Returns the profile details of a specific supplier whose name passed as" />
<method name="getSuppliers" initial="g" htmlFileName="com/matrixone/apps/sourcing/resource/BuyerResource" containerName="BuyerResource"  containerType="class" id="-1611806427" argList="(javax.servlet.http.HttpServletRequest)" abstract="Returns the details of all the potential suppliers in the system." />
<method name="getSuppliersWinRate" initial="g" htmlFileName="com/matrixone/apps/sourcing/resource/BuyerResource" containerName="BuyerResource"  containerType="class" id="623078187" argList="(javax.servlet.http.HttpServletRequest)" abstract="Returns the winning rate of all potential suppliers." />
<constructor name="BuyerResource" initial="B" htmlFileName="com/matrixone/apps/sourcing/resource/BuyerResource" containerName="BuyerResource"  containerType="class" id="-871672834" argList="()" abstract="" />
<class name="SourcingCentralModeler" initial="S" htmlFileName="com/matrixone/apps/sourcing/resource/SourcingCentralModeler"  fatherClass="ModelerBase" fatherId="-633115599" fatherType="class"  DSCharacteristic="class" id="-178453768" abstract="" packageName="com.matrixone.apps.sourcing.resource" packagePath="com/matrixone/apps/sourcing/resource/" packageAbstract="" />
<method name="getServices" initial="g" htmlFileName="com/matrixone/apps/sourcing/resource/SourcingCentralModeler" containerName="SourcingCentralModeler"  containerType="class" id="727978594" argList="()" abstract="" />
<constructor name="SourcingCentralModeler" initial="S" htmlFileName="com/matrixone/apps/sourcing/resource/SourcingCentralModeler" containerName="SourcingCentralModeler"  containerType="class" id="143996918" argList="()" abstract="" />
<class name="SourcingResourceUtil" initial="S" htmlFileName="com/matrixone/apps/sourcing/resource/SourcingResourceUtil"  fatherClass="Object" fatherId="228509172" fatherType="class"  DSCharacteristic="class" id="-1612501625" abstract="" packageName="com.matrixone.apps.sourcing.resource" packagePath="com/matrixone/apps/sourcing/resource/" packageAbstract="" />
<method name="convertToJAXBObjects" initial="c" htmlFileName="com/matrixone/apps/sourcing/resource/SourcingResourceUtil" containerName="SourcingResourceUtil"  containerType="class" id="-3986191" argList="(com.matrixone.apps.domain.util.MapList, java.lang.Class&lt;T&gt;)" abstract="" />
<constructor name="SourcingResourceUtil" initial="S" htmlFileName="com/matrixone/apps/sourcing/resource/SourcingResourceUtil" containerName="SourcingResourceUtil"  containerType="class" id="-1997604027" argList="()" abstract="" />
<class name="SupplierResource" initial="S" htmlFileName="com/matrixone/apps/sourcing/resource/SupplierResource"  fatherClass="RestService" fatherId="-527242825" fatherType="class"  DSCharacteristic="class" id="-1448341351" abstract="" packageName="com.matrixone.apps.sourcing.resource" packagePath="com/matrixone/apps/sourcing/resource/" packageAbstract="" />
<method name="getAwardedQuotations" initial="g" htmlFileName="com/matrixone/apps/sourcing/resource/SupplierResource" containerName="SupplierResource"  containerType="class" id="1302091401" argList="(javax.servlet.http.HttpServletRequest)" abstract="Returns the details of awarded quotations owned by the context/logged in" />
<method name="getMyQuotations" initial="g" htmlFileName="com/matrixone/apps/sourcing/resource/SupplierResource" containerName="SupplierResource"  containerType="class" id="744706541" argList="(javax.servlet.http.HttpServletRequest)" abstract="Returns the details quotations owned by the context/logged in user." />
<constructor name="SupplierResource" initial="S" htmlFileName="com/matrixone/apps/sourcing/resource/SupplierResource" containerName="SupplierResource"  containerType="class" id="-76429097" argList="()" abstract="" />
</fw>

