<?xml version="1.0" encoding="utf-8"?>
<fw name="ENOSemiIPManagementBase" footer="Copyright &#169; 1999-2016, Dassault Syst&#232;mes. All rights reserved. ">
<class name="emxInstallIPGearTaxonomyBase_mxJPO" initial="e" htmlFileName="emxInstallIPGearTaxonomyBase_mxJPO"  fatherClass="Object" fatherId="1430148807" fatherType="class"  DSCharacteristic="class" id="-585251972" abstract="" packageName="NoPackage" packagePath="" packageAbstract="" />
<method name="help" initial="h" htmlFileName="emxInstallIPGearTaxonomyBase_mxJPO" containerName="emxInstallIPGearTaxonomyBase_mxJPO"  containerType="class" id="-596425751" argList="(matrix.db.Context, java.lang.String[])" abstract="Shows the help information for the IP Gear Taxonomy Install." />
<method name="mqlLogRequiredInformationWriter" initial="m" htmlFileName="emxInstallIPGearTaxonomyBase_mxJPO" containerName="emxInstallIPGearTaxonomyBase_mxJPO"  containerType="class" id="1884268902" argList="(java.lang.String)" abstract="This method writes the specified text to the log file." />
<method name="mqlLogWriter" initial="m" htmlFileName="emxInstallIPGearTaxonomyBase_mxJPO" containerName="emxInstallIPGearTaxonomyBase_mxJPO"  containerType="class" id="510455547" argList="(java.lang.String)" abstract="This method writes the specified text to the log file only if debugging is turned on." />
<method name="mxMain" initial="m" htmlFileName="emxInstallIPGearTaxonomyBase_mxJPO" containerName="emxInstallIPGearTaxonomyBase_mxJPO"  containerType="class" id="594831046" argList="(matrix.db.Context, java.lang.String[])" abstract="This method is executed if a specific method is not specified." />
<constructor name="emxInstallIPGearTaxonomyBase_mxJPO" initial="e" htmlFileName="emxInstallIPGearTaxonomyBase_mxJPO" containerName="emxInstallIPGearTaxonomyBase_mxJPO"  containerType="class" id="1866637939" argList="(matrix.db.Context, java.lang.String[])" abstract="" />
<data name="error" initial="e" htmlFileName="emxInstallIPGearTaxonomyBase_mxJPO" containerName="emxInstallIPGearTaxonomyBase_mxJPO"  containerType="class" id="-1738994791" abstract="" />
<class name="emxInstallIPGearTaxonomy_mxJPO" initial="e" htmlFileName="emxInstallIPGearTaxonomy_mxJPO"  fatherClass="emxInstallIPGearTaxonomyBase_mxJPO" fatherId="-585251972" fatherType="class"  DSCharacteristic="class" id="1937195533" abstract="" packageName="NoPackage" packagePath="" packageAbstract="" />
<constructor name="emxInstallIPGearTaxonomy_mxJPO" initial="e" htmlFileName="emxInstallIPGearTaxonomy_mxJPO" containerName="emxInstallIPGearTaxonomy_mxJPO"  containerType="class" id="-895742014" argList="(matrix.db.Context, java.lang.String[])" abstract="" />
<class name="emxIPBlockBase_mxJPO" initial="e" htmlFileName="emxIPBlockBase_mxJPO"  fatherClass="Object" fatherId="1430148807" fatherType="class"  DSCharacteristic="class" id="-1679290792" abstract="The emxIPBlockBase class represents the Task JPO" packageName="NoPackage" packagePath="" packageAbstract="" />
<method name="getNewsBulletins" initial="g" htmlFileName="emxIPBlockBase_mxJPO" containerName="emxIPBlockBase_mxJPO"  containerType="class" id="632580231" argList="(matrix.db.Context, java.lang.String[])" abstract="getNewsBulletins - gets the list of News Bulletins connected to the IP Block." />
<method name="getVerifiedTechnologies" initial="g" htmlFileName="emxIPBlockBase_mxJPO" containerName="emxIPBlockBase_mxJPO"  containerType="class" id="-1639210430" argList="(matrix.db.Context, java.lang.String[])" abstract="getVerifiedTechnologies - gets the list of Verified Technologies connected to the IP Block." />
<method name="Init" initial="I" htmlFileName="emxIPBlockBase_mxJPO" containerName="emxIPBlockBase_mxJPO"  containerType="class" id="371145242" argList="(matrix.db.Context)" abstract="Initializes the class variables" />
<constructor name="emxIPBlockBase_mxJPO" initial="e" htmlFileName="emxIPBlockBase_mxJPO" containerName="emxIPBlockBase_mxJPO"  containerType="class" id="112575511" argList="(matrix.db.Context, java.lang.String[])" abstract="Constructs a new emxIPBlock JPO object." />
<class name="emxIPBlock_mxJPO" initial="e" htmlFileName="emxIPBlock_mxJPO"  fatherClass="emxIPBlockBase_mxJPO" fatherId="-1679290792" fatherType="class"  DSCharacteristic="class" id="552688361" abstract="The emxIPBlock class represents the IP Block JPO" packageName="NoPackage" packagePath="" packageAbstract="" />
<constructor name="emxIPBlock_mxJPO" initial="e" htmlFileName="emxIPBlock_mxJPO" containerName="emxIPBlock_mxJPO"  containerType="class" id="-1073110170" argList="(matrix.db.Context, java.lang.String[])" abstract="" />
<class name="emxIPGearImportBase_mxJPO" initial="e" htmlFileName="emxIPGearImportBase_mxJPO"  fatherClass="Object" fatherId="1430148807" fatherType="class"  DSCharacteristic="class" id="155228963" abstract="" packageName="NoPackage" packagePath="" packageAbstract="" />
<method name="Init" initial="I" htmlFileName="emxIPGearImportBase_mxJPO" containerName="emxIPGearImportBase_mxJPO"  containerType="class" id="371145242" argList="(matrix.db.Context)" abstract="Initializes the class variables" />
<method name="mxMain" initial="m" htmlFileName="emxIPGearImportBase_mxJPO" containerName="emxIPGearImportBase_mxJPO"  containerType="class" id="594831046" argList="(matrix.db.Context, java.lang.String[])" abstract="" />
<constructor name="emxIPGearImportBase_mxJPO" initial="e" htmlFileName="emxIPGearImportBase_mxJPO" containerName="emxIPGearImportBase_mxJPO"  containerType="class" id="-497113108" argList="(matrix.db.Context, java.lang.String[])" abstract="Constructor." />
<data name="SYMBOLIC_policy_Document" initial="S" htmlFileName="emxIPGearImportBase_mxJPO" containerName="emxIPGearImportBase_mxJPO"  containerType="class" id="-1007122330" abstract="" />
<data name="SYMBOLIC_type_Document" initial="S" htmlFileName="emxIPGearImportBase_mxJPO" containerName="emxIPGearImportBase_mxJPO"  containerType="class" id="-1425026130" abstract="" />
<class name="emxIPGearImport_mxJPO" initial="e" htmlFileName="emxIPGearImport_mxJPO"  fatherClass="emxIPGearImportBase_mxJPO" fatherId="155228963" fatherType="class"  DSCharacteristic="class" id="1552811316" abstract="" packageName="NoPackage" packagePath="" packageAbstract="" />
<constructor name="emxIPGearImport_mxJPO" initial="e" htmlFileName="emxIPGearImport_mxJPO" containerName="emxIPGearImport_mxJPO"  containerType="class" id="1275050427" argList="(matrix.db.Context, java.lang.String[])" abstract="" />
<class name="emxIPParameterBase_mxJPO" initial="e" htmlFileName="emxIPParameterBase_mxJPO"  fatherClass="Object" fatherId="1430148807" fatherType="class"  DSCharacteristic="class" id="-2018455492" abstract="The emxIPParameterBase class contains code for IP Parameter objects." packageName="NoPackage" packagePath="" packageAbstract="" />
<method name="create" initial="c" htmlFileName="emxIPParameterBase_mxJPO" containerName="emxIPParameterBase_mxJPO"  containerType="class" id="-739602226" argList="(matrix.db.Context, java.lang.String[])" abstract="This is the method executed in Create New Action." />
<method name="getIPBlock" initial="g" htmlFileName="emxIPParameterBase_mxJPO" containerName="emxIPParameterBase_mxJPO"  containerType="class" id="-139462726" argList="(matrix.db.Context, java.lang.String[])" abstract="getIPBlock - gets the list of IP Block connected to the IP Parameter." />
<method name="getIPParameterFromParent" initial="g" htmlFileName="emxIPParameterBase_mxJPO" containerName="emxIPParameterBase_mxJPO"  containerType="class" id="811545098" argList="(matrix.db.Context, java.lang.String[])" abstract="getIPParameterFromParent - gets the IP Parameter objects" />
<method name="Init" initial="I" htmlFileName="emxIPParameterBase_mxJPO" containerName="emxIPParameterBase_mxJPO"  containerType="class" id="371145242" argList="(matrix.db.Context)" abstract="Initializes the class variables" />
<method name="mxMain" initial="m" htmlFileName="emxIPParameterBase_mxJPO" containerName="emxIPParameterBase_mxJPO"  containerType="class" id="594831046" argList="(matrix.db.Context, java.lang.String[])" abstract="This method is executed if a specific method is not specified." />
<constructor name="emxIPParameterBase_mxJPO" initial="e" htmlFileName="emxIPParameterBase_mxJPO" containerName="emxIPParameterBase_mxJPO"  containerType="class" id="-266568269" argList="(matrix.db.Context, java.lang.String[])" abstract="Constructor." />
<class name="emxIPParameter_mxJPO" initial="e" htmlFileName="emxIPParameter_mxJPO"  fatherClass="emxIPParameterBase_mxJPO" fatherId="-2018455492" fatherType="class"  DSCharacteristic="class" id="-988893491" abstract="The emxIPParameterBase class contains code for IP Parameter objects." packageName="NoPackage" packagePath="" packageAbstract="" />
<method name="mxMain" initial="m" htmlFileName="emxIPParameter_mxJPO" containerName="emxIPParameter_mxJPO"  containerType="class" id="594831046" argList="(matrix.db.Context, java.lang.String[])" abstract="This method is executed if a specific method is not specified." />
<constructor name="emxIPParameter_mxJPO" initial="e" htmlFileName="emxIPParameter_mxJPO" containerName="emxIPParameter_mxJPO"  containerType="class" id="-282752254" argList="(matrix.db.Context, java.lang.String[])" abstract="Constructor." />
<class name="emxIPPublishRequestBase_mxJPO" initial="e" htmlFileName="emxIPPublishRequestBase_mxJPO"  fatherClass="Object" fatherId="1430148807" fatherType="class"  DSCharacteristic="class" id="1645116599" abstract="The emxIPPublishRequestBase class contains code for IP Publish Request objects." packageName="NoPackage" packagePath="" packageAbstract="" />
<method name="create" initial="c" htmlFileName="emxIPPublishRequestBase_mxJPO" containerName="emxIPPublishRequestBase_mxJPO"  containerType="class" id="-739602226" argList="(matrix.db.Context, java.lang.String[])" abstract="This is the method executed in Create New Action." />
<method name="getIPPublishRequestFromParent" initial="g" htmlFileName="emxIPPublishRequestBase_mxJPO" containerName="emxIPPublishRequestBase_mxJPO"  containerType="class" id="-278741639" argList="(matrix.db.Context, java.lang.String[])" abstract="getIPPublishRequestFromParent - gets the IPPublishRequest objects" />
<method name="Init" initial="I" htmlFileName="emxIPPublishRequestBase_mxJPO" containerName="emxIPPublishRequestBase_mxJPO"  containerType="class" id="371145242" argList="(matrix.db.Context)" abstract="Initializes the class variables" />
<method name="mxMain" initial="m" htmlFileName="emxIPPublishRequestBase_mxJPO" containerName="emxIPPublishRequestBase_mxJPO"  containerType="class" id="594831046" argList="(matrix.db.Context, java.lang.String[])" abstract="This method is executed if a specific method is not specified." />
<constructor name="emxIPPublishRequestBase_mxJPO" initial="e" htmlFileName="emxIPPublishRequestBase_mxJPO" containerName="emxIPPublishRequestBase_mxJPO"  containerType="class" id="-767104040" argList="(matrix.db.Context, java.lang.String[])" abstract="Constructor." />
<class name="emxIPPublishRequest_mxJPO" initial="e" htmlFileName="emxIPPublishRequest_mxJPO"  fatherClass="emxIPPublishRequestBase_mxJPO" fatherId="1645116599" fatherType="class"  DSCharacteristic="class" id="1259589832" abstract="The emxIPPublishRequestBase class contains code for IP Publish Request objects." packageName="NoPackage" packagePath="" packageAbstract="" />
<method name="mxMain" initial="m" htmlFileName="emxIPPublishRequest_mxJPO" containerName="emxIPPublishRequest_mxJPO"  containerType="class" id="594831046" argList="(matrix.db.Context, java.lang.String[])" abstract="This method is executed if a specific method is not specified." />
<constructor name="emxIPPublishRequest_mxJPO" initial="e" htmlFileName="emxIPPublishRequest_mxJPO" containerName="emxIPPublishRequest_mxJPO"  containerType="class" id="-165751897" argList="(matrix.db.Context, java.lang.String[])" abstract="Constructor." />
<class name="emxIPSearchBase_mxJPO" initial="e" htmlFileName="emxIPSearchBase_mxJPO"  fatherClass="Object" fatherId="1430148807" fatherType="class"  DSCharacteristic="class" id="-1130575473" abstract="" packageName="NoPackage" packagePath="" packageAbstract="" />
<method name="getFilteredExpression" initial="g" htmlFileName="emxIPSearchBase_mxJPO" containerName="emxIPSearchBase_mxJPO"  containerType="class" id="1973258405" argList="(matrix.db.Context, java.util.Map)" abstract="" />
<method name="getPersons" initial="g" htmlFileName="emxIPSearchBase_mxJPO" containerName="emxIPSearchBase_mxJPO"  containerType="class" id="2129292482" argList="(matrix.db.Context, java.lang.String[])" abstract="" />
<method name="mxMain" initial="m" htmlFileName="emxIPSearchBase_mxJPO" containerName="emxIPSearchBase_mxJPO"  containerType="class" id="594831046" argList="(matrix.db.Context, java.lang.String[])" abstract="" />
<method name="PackAttribute" initial="P" htmlFileName="emxIPSearchBase_mxJPO" containerName="emxIPSearchBase_mxJPO"  containerType="class" id="-596242809" argList="(java.lang.StringBuffer, java.lang.String, java.lang.String, java.lang.String)" abstract="" />
<method name="PackRelation" initial="P" htmlFileName="emxIPSearchBase_mxJPO" containerName="emxIPSearchBase_mxJPO"  containerType="class" id="2129808725" argList="(java.lang.StringBuffer, java.lang.String, java.lang.String, boolean, java.lang.String)" abstract="" />
<method name="StringHasValue" initial="S" htmlFileName="emxIPSearchBase_mxJPO" containerName="emxIPSearchBase_mxJPO"  containerType="class" id="-1976233470" argList="(java.lang.String, boolean)" abstract="" />
<method name="StringHasValue" initial="S" htmlFileName="emxIPSearchBase_mxJPO" containerName="emxIPSearchBase_mxJPO"  containerType="class" id="-1976233470" argList="(java.lang.String, boolean, java.lang.String)" abstract="" />
<constructor name="emxIPSearchBase_mxJPO" initial="e" htmlFileName="emxIPSearchBase_mxJPO" containerName="emxIPSearchBase_mxJPO"  containerType="class" id="-353741824" argList="(matrix.db.Context, java.lang.String[])" abstract="" />
<data name="SYMB_AND" initial="S" htmlFileName="emxIPSearchBase_mxJPO" containerName="emxIPSearchBase_mxJPO"  containerType="class" id="437958030" abstract="" />
<data name="SYMB_ATTRIBUTE" initial="S" htmlFileName="emxIPSearchBase_mxJPO" containerName="emxIPSearchBase_mxJPO"  containerType="class" id="-1187679767" abstract="" />
<data name="SYMB_CLOSE_BRACKET" initial="S" htmlFileName="emxIPSearchBase_mxJPO" containerName="emxIPSearchBase_mxJPO"  containerType="class" id="-267287196" abstract="" />
<data name="SYMB_CLOSE_PAREN" initial="S" htmlFileName="emxIPSearchBase_mxJPO" containerName="emxIPSearchBase_mxJPO"  containerType="class" id="-69047550" abstract="" />
<data name="SYMB_DOT" initial="S" htmlFileName="emxIPSearchBase_mxJPO" containerName="emxIPSearchBase_mxJPO"  containerType="class" id="-731014308" abstract="" />
<data name="SYMB_EQUAL" initial="S" htmlFileName="emxIPSearchBase_mxJPO" containerName="emxIPSearchBase_mxJPO"  containerType="class" id="432477777" abstract="" />
<data name="SYMB_FROM" initial="S" htmlFileName="emxIPSearchBase_mxJPO" containerName="emxIPSearchBase_mxJPO"  containerType="class" id="271454323" abstract="" />
<data name="SYMB_MATCH" initial="S" htmlFileName="emxIPSearchBase_mxJPO" containerName="emxIPSearchBase_mxJPO"  containerType="class" id="2043026272" abstract="" />
<data name="SYMB_NOMATCH" initial="S" htmlFileName="emxIPSearchBase_mxJPO" containerName="emxIPSearchBase_mxJPO"  containerType="class" id="-1614065183" abstract="" />
<data name="SYMB_NOT" initial="S" htmlFileName="emxIPSearchBase_mxJPO" containerName="emxIPSearchBase_mxJPO"  containerType="class" id="374861330" abstract="" />
<data name="SYMB_NOT_EQUAL" initial="S" htmlFileName="emxIPSearchBase_mxJPO" containerName="emxIPSearchBase_mxJPO"  containerType="class" id="1159946589" abstract="" />
<data name="SYMB_OPEN_BRACKET" initial="S" htmlFileName="emxIPSearchBase_mxJPO" containerName="emxIPSearchBase_mxJPO"  containerType="class" id="509859626" abstract="" />
<data name="SYMB_OPEN_PAREN" initial="S" htmlFileName="emxIPSearchBase_mxJPO" containerName="emxIPSearchBase_mxJPO"  containerType="class" id="-1811253688" abstract="" />
<data name="SYMB_OR" initial="S" htmlFileName="emxIPSearchBase_mxJPO" containerName="emxIPSearchBase_mxJPO"  containerType="class" id="922451418" abstract="" />
<data name="SYMB_QUOTE" initial="S" htmlFileName="emxIPSearchBase_mxJPO" containerName="emxIPSearchBase_mxJPO"  containerType="class" id="-1225952247" abstract="" />
<data name="SYMB_TO" initial="S" htmlFileName="emxIPSearchBase_mxJPO" containerName="emxIPSearchBase_mxJPO"  containerType="class" id="1442288706" abstract="" />
<data name="SYMB_WILD" initial="S" htmlFileName="emxIPSearchBase_mxJPO" containerName="emxIPSearchBase_mxJPO"  containerType="class" id="445590611" abstract="" />
<data name="VAULT_OPTION" initial="V" htmlFileName="emxIPSearchBase_mxJPO" containerName="emxIPSearchBase_mxJPO"  containerType="class" id="1745317023" abstract="" />
<class name="emxIPSearch_mxJPO" initial="e" htmlFileName="emxIPSearch_mxJPO"  fatherClass="emxIPSearchBase_mxJPO" fatherId="-1130575473" fatherType="class"  DSCharacteristic="class" id="-1044756064" abstract="" packageName="NoPackage" packagePath="" packageAbstract="" />
<method name="mxMain" initial="m" htmlFileName="emxIPSearch_mxJPO" containerName="emxIPSearch_mxJPO"  containerType="class" id="594831046" argList="(matrix.db.Context, java.lang.String[])" abstract="" />
<constructor name="emxIPSearch_mxJPO" initial="e" htmlFileName="emxIPSearch_mxJPO" containerName="emxIPSearch_mxJPO"  containerType="class" id="1372360655" argList="(matrix.db.Context, java.lang.String[])" abstract="" />
<class name="emxIPUtilsBase_mxJPO" initial="e" htmlFileName="emxIPUtilsBase_mxJPO"  fatherClass="Object" fatherId="1430148807" fatherType="class"  DSCharacteristic="class" id="1065747892" abstract="" packageName="NoPackage" packagePath="" packageAbstract="" />
<method name="addToHistory" initial="a" htmlFileName="emxIPUtilsBase_mxJPO" containerName="emxIPUtilsBase_mxJPO"  containerType="class" id="-1161461678" argList="(matrix.db.Context, java.lang.String[])" abstract="" />
<method name="addToHistory" initial="a" htmlFileName="emxIPUtilsBase_mxJPO" containerName="emxIPUtilsBase_mxJPO"  containerType="class" id="-1161461678" argList="(matrix.db.Context, java.lang.String, java.lang.String, java.lang.String)" abstract="This method is used to modify the History of the object." />
<method name="getAttributeRangeValues" initial="g" htmlFileName="emxIPUtilsBase_mxJPO" containerName="emxIPUtilsBase_mxJPO"  containerType="class" id="-290723023" argList="(matrix.db.Context, java.lang.String)" abstract="" />
<method name="getIPBlockFromChild" initial="g" htmlFileName="emxIPUtilsBase_mxJPO" containerName="emxIPUtilsBase_mxJPO"  containerType="class" id="-1644370136" argList="(matrix.db.Context, java.lang.String[])" abstract="getIPBlockFromChild - gets the IP Block to which the given child belongs." />
<method name="getRangeValuesForComponentHardness" initial="g" htmlFileName="emxIPUtilsBase_mxJPO" containerName="emxIPUtilsBase_mxJPO"  containerType="class" id="1077396011" argList="(matrix.db.Context, java.lang.String[])" abstract="" />
<method name="getRangeValuesForPublic" initial="g" htmlFileName="emxIPUtilsBase_mxJPO" containerName="emxIPUtilsBase_mxJPO"  containerType="class" id="-110667999" argList="(matrix.db.Context, java.lang.String[])" abstract="" />
<method name="getRangeValuesForQualificationLevel" initial="g" htmlFileName="emxIPUtilsBase_mxJPO" containerName="emxIPUtilsBase_mxJPO"  containerType="class" id="1253300533" argList="(matrix.db.Context, java.lang.String[])" abstract="" />
<method name="getRangeValuesForTestType" initial="g" htmlFileName="emxIPUtilsBase_mxJPO" containerName="emxIPUtilsBase_mxJPO"  containerType="class" id="55793726" argList="(matrix.db.Context, java.lang.String[])" abstract="" />
<method name="getRangeValuesForVerTechFeatureSize" initial="g" htmlFileName="emxIPUtilsBase_mxJPO" containerName="emxIPUtilsBase_mxJPO"  containerType="class" id="445848428" argList="(matrix.db.Context, java.lang.String[])" abstract="This method is executed to get the range values for VerTech Feature Size" />
<method name="mxMain" initial="m" htmlFileName="emxIPUtilsBase_mxJPO" containerName="emxIPUtilsBase_mxJPO"  containerType="class" id="594831046" argList="(matrix.db.Context, java.lang.String[])" abstract="" />
<method name="newDomainObject" initial="n" htmlFileName="emxIPUtilsBase_mxJPO" containerName="emxIPUtilsBase_mxJPO"  containerType="class" id="-1409199097" argList="(java.lang.String)" abstract="" />
<method name="packArgs" initial="p" htmlFileName="emxIPUtilsBase_mxJPO" containerName="emxIPUtilsBase_mxJPO"  containerType="class" id="1209696244" argList="(java.util.HashMap)" abstract="" />
<method name="setState" initial="s" htmlFileName="emxIPUtilsBase_mxJPO" containerName="emxIPUtilsBase_mxJPO"  containerType="class" id="2054662171" argList="(matrix.db.Context, java.lang.String[])" abstract="This method is used to arbitrarily set the state of the object." />
<method name="unpackArgs" initial="u" htmlFileName="emxIPUtilsBase_mxJPO" containerName="emxIPUtilsBase_mxJPO"  containerType="class" id="-98944709" argList="(java.lang.String[])" abstract="Overloaded verions to avoid throwing Exception." />
<constructor name="emxIPUtilsBase_mxJPO" initial="e" htmlFileName="emxIPUtilsBase_mxJPO" containerName="emxIPUtilsBase_mxJPO"  containerType="class" id="-487151301" argList="(matrix.db.Context, java.lang.String[])" abstract="" />
<class name="emxIPUtils_mxJPO" initial="e" htmlFileName="emxIPUtils_mxJPO"  fatherClass="emxIPUtilsBase_mxJPO" fatherId="1065747892" fatherType="class"  DSCharacteristic="class" id="1158242373" abstract="The emxIPUtils class contains common methods used by Semiconductor Accelerator." packageName="NoPackage" packagePath="" packageAbstract="" />
<method name="mxMain" initial="m" htmlFileName="emxIPUtils_mxJPO" containerName="emxIPUtils_mxJPO"  containerType="class" id="594831046" argList="(matrix.db.Context, java.lang.String[])" abstract="This method is executed if a specific method is not specified." />
<constructor name="emxIPUtils_mxJPO" initial="e" htmlFileName="emxIPUtils_mxJPO" containerName="emxIPUtils_mxJPO"  containerType="class" id="-760038774" argList="(matrix.db.Context, java.lang.String[])" abstract="Constructor." />
<class name="emxNewsBulletinBase_mxJPO" initial="e" htmlFileName="emxNewsBulletinBase_mxJPO"  fatherClass="Object" fatherId="1430148807" fatherType="class"  DSCharacteristic="class" id="-234598876" abstract="The emxVerifiedTechnologyBase class contains code for News Bulletin objects." packageName="NoPackage" packagePath="" packageAbstract="" />
<method name="create" initial="c" htmlFileName="emxNewsBulletinBase_mxJPO" containerName="emxNewsBulletinBase_mxJPO"  containerType="class" id="-739602226" argList="(matrix.db.Context, java.lang.String[])" abstract="This is the method executed in Create New Action." />
<method name="createNewsBulletinRel" initial="c" htmlFileName="emxNewsBulletinBase_mxJPO" containerName="emxNewsBulletinBase_mxJPO"  containerType="class" id="1160856295" argList="(matrix.db.Context, java.lang.String[])" abstract="" />
<method name="getExcludedNewsBulletins" initial="g" htmlFileName="emxNewsBulletinBase_mxJPO" containerName="emxNewsBulletinBase_mxJPO"  containerType="class" id="-1617811087" argList="(matrix.db.Context, java.lang.String[])" abstract="getExcludedNewsBulletins - gets the News Bulletin objects" />
<method name="getNewsBulletinFromParent" initial="g" htmlFileName="emxNewsBulletinBase_mxJPO" containerName="emxNewsBulletinBase_mxJPO"  containerType="class" id="1998886822" argList="(matrix.db.Context, java.lang.String[])" abstract="getNewBulletinFromParent - gets the News Bulletin objects" />
<method name="getNewsBulletinSearchResults" initial="g" htmlFileName="emxNewsBulletinBase_mxJPO" containerName="emxNewsBulletinBase_mxJPO"  containerType="class" id="1142973068" argList="(matrix.db.Context, java.lang.String[])" abstract="Get the list of all Objects that can be returned based on search criteria passed in as argument" />
<method name="getParentsForNewsBulletin" initial="g" htmlFileName="emxNewsBulletinBase_mxJPO" containerName="emxNewsBulletinBase_mxJPO"  containerType="class" id="1722569626" argList="(matrix.db.Context, java.lang.String[])" abstract="getParentsForNewsBulletin - gets the list of Parents connected to the News Bulletin." />
<method name="Init" initial="I" htmlFileName="emxNewsBulletinBase_mxJPO" containerName="emxNewsBulletinBase_mxJPO"  containerType="class" id="371145242" argList="(matrix.db.Context)" abstract="Initializes the class variables" />
<method name="mxMain" initial="m" htmlFileName="emxNewsBulletinBase_mxJPO" containerName="emxNewsBulletinBase_mxJPO"  containerType="class" id="594831046" argList="(matrix.db.Context, java.lang.String[])" abstract="This method is executed if a specific method is not specified." />
<constructor name="emxNewsBulletinBase_mxJPO" initial="e" htmlFileName="emxNewsBulletinBase_mxJPO" containerName="emxNewsBulletinBase_mxJPO"  containerType="class" id="-621776181" argList="(matrix.db.Context, java.lang.String[])" abstract="Constructor." />
<data name="ATTRIBUTE_NOTES" initial="A" htmlFileName="emxNewsBulletinBase_mxJPO" containerName="emxNewsBulletinBase_mxJPO"  containerType="class" id="696025667" abstract="" />
<data name="ATTRIBUTE_TITLE" initial="A" htmlFileName="emxNewsBulletinBase_mxJPO" containerName="emxNewsBulletinBase_mxJPO"  containerType="class" id="-401991668" abstract="" />
<data name="POLICY_NEWS_BULLETIN" initial="P" htmlFileName="emxNewsBulletinBase_mxJPO" containerName="emxNewsBulletinBase_mxJPO"  containerType="class" id="19319067" abstract="" />
<data name="RELATIONSHIP_NEWS_BULLETIN" initial="R" htmlFileName="emxNewsBulletinBase_mxJPO" containerName="emxNewsBulletinBase_mxJPO"  containerType="class" id="1241229397" abstract="" />
<data name="TYPE_CLASSIFICATION" initial="T" htmlFileName="emxNewsBulletinBase_mxJPO" containerName="emxNewsBulletinBase_mxJPO"  containerType="class" id="-171863306" abstract="" />
<data name="TYPE_DOCUMENTS" initial="T" htmlFileName="emxNewsBulletinBase_mxJPO" containerName="emxNewsBulletinBase_mxJPO"  containerType="class" id="-554096722" abstract="" />
<data name="TYPE_IP_BLOCK" initial="T" htmlFileName="emxNewsBulletinBase_mxJPO" containerName="emxNewsBulletinBase_mxJPO"  containerType="class" id="1946790951" abstract="" />
<data name="TYPE_NEWS_BULLETIN" initial="T" htmlFileName="emxNewsBulletinBase_mxJPO" containerName="emxNewsBulletinBase_mxJPO"  containerType="class" id="-1787726317" abstract="" />
<class name="emxNewsBulletin_mxJPO" initial="e" htmlFileName="emxNewsBulletin_mxJPO"  fatherClass="emxNewsBulletinBase_mxJPO" fatherId="-234598876" fatherType="class"  DSCharacteristic="class" id="995975349" abstract="" packageName="NoPackage" packagePath="" packageAbstract="" />
<method name="mxMain" initial="m" htmlFileName="emxNewsBulletin_mxJPO" containerName="emxNewsBulletin_mxJPO"  containerType="class" id="594831046" argList="(matrix.db.Context, java.lang.String[])" abstract="This method is executed if a specific method is not specified." />
<constructor name="emxNewsBulletin_mxJPO" initial="e" htmlFileName="emxNewsBulletin_mxJPO" containerName="emxNewsBulletin_mxJPO"  containerType="class" id="-1716532198" argList="(matrix.db.Context, java.lang.String[])" abstract="Constructor." />
<class name="emxSolutionBase_mxJPO" initial="e" htmlFileName="emxSolutionBase_mxJPO"  fatherClass="Object" fatherId="1430148807" fatherType="class"  DSCharacteristic="class" id="84988005" abstract="" packageName="NoPackage" packagePath="" packageAbstract="" />
<method name="create" initial="c" htmlFileName="emxSolutionBase_mxJPO" containerName="emxSolutionBase_mxJPO"  containerType="class" id="-739602226" argList="(matrix.db.Context, java.lang.String[])" abstract="This is the method executed in Create New Action." />
<method name="createForIssue" initial="c" htmlFileName="emxSolutionBase_mxJPO" containerName="emxSolutionBase_mxJPO"  containerType="class" id="1492668702" argList="(matrix.db.Context, java.lang.String[])" abstract="This is the method executed in Create New Action." />
<method name="createInt" initial="c" htmlFileName="emxSolutionBase_mxJPO" containerName="emxSolutionBase_mxJPO"  containerType="class" id="-11688041" argList="(matrix.db.Context, java.lang.String[], java.lang.String, java.lang.Boolean)" abstract="This is the method executed by the other Create functions." />
<method name="getExcludedSolutions" initial="g" htmlFileName="emxSolutionBase_mxJPO" containerName="emxSolutionBase_mxJPO"  containerType="class" id="880584528" argList="(matrix.db.Context, java.lang.String[])" abstract="getExcludedSolutions - gets the Solution objects" />
<method name="getIPBlock" initial="g" htmlFileName="emxSolutionBase_mxJPO" containerName="emxSolutionBase_mxJPO"  containerType="class" id="-139462726" argList="(matrix.db.Context, java.lang.String[])" abstract="getIPBlock - gets the IP Block object connected to the Solution." />
<method name="getPrivateSolutionFromParent" initial="g" htmlFileName="emxSolutionBase_mxJPO" containerName="emxSolutionBase_mxJPO"  containerType="class" id="-1630187888" argList="(matrix.db.Context, java.lang.String[])" abstract="getPrivateSolutionFromParent - gets the Public Solution objects" />
<method name="getPublicSolutionFromParent" initial="g" htmlFileName="emxSolutionBase_mxJPO" containerName="emxSolutionBase_mxJPO"  containerType="class" id="-925569858" argList="(matrix.db.Context, java.lang.String[])" abstract="getPublicSolutionFromParent - gets the Public Solution objects" />
<method name="getSolutionFromParent" initial="g" htmlFileName="emxSolutionBase_mxJPO" containerName="emxSolutionBase_mxJPO"  containerType="class" id="-966547033" argList="(matrix.db.Context, java.lang.String[])" abstract="getSolutionFromParent - gets the Solution objects" />
<method name="Init" initial="I" htmlFileName="emxSolutionBase_mxJPO" containerName="emxSolutionBase_mxJPO"  containerType="class" id="371145242" argList="(matrix.db.Context)" abstract="Initializes the class variables" />
<method name="mxMain" initial="m" htmlFileName="emxSolutionBase_mxJPO" containerName="emxSolutionBase_mxJPO"  containerType="class" id="594831046" argList="(matrix.db.Context, java.lang.String[])" abstract="This method is executed if a specific method is not specified." />
<method name="updateHitCounts" initial="u" htmlFileName="emxSolutionBase_mxJPO" containerName="emxSolutionBase_mxJPO"  containerType="class" id="452306844" argList="(matrix.db.Context, java.lang.String[])" abstract="updateHitCount - gets Hit Count attributes associated with the Solution" />
<method name="updateHitCountsInt" initial="u" htmlFileName="emxSolutionBase_mxJPO" containerName="emxSolutionBase_mxJPO"  containerType="class" id="1656780297" argList="(matrix.db.Context, java.lang.String[])" abstract="" />
<method name="updateViewHitCounts" initial="u" htmlFileName="emxSolutionBase_mxJPO" containerName="emxSolutionBase_mxJPO"  containerType="class" id="1248540385" argList="(matrix.db.Context, java.lang.String[])" abstract="updateViewHitCount - gets View Hit Count attribute associated with the Solution" />
<method name="updateViewHitCountsInt" initial="u" htmlFileName="emxSolutionBase_mxJPO" containerName="emxSolutionBase_mxJPO"  containerType="class" id="1145824420" argList="(matrix.db.Context, java.lang.String[])" abstract="" />
<constructor name="emxSolutionBase_mxJPO" initial="e" htmlFileName="emxSolutionBase_mxJPO" containerName="emxSolutionBase_mxJPO"  containerType="class" id="655951466" argList="(matrix.db.Context, java.lang.String[])" abstract="Constructor." />
<class name="emxSolution_mxJPO" initial="e" htmlFileName="emxSolution_mxJPO"  fatherClass="emxSolutionBase_mxJPO" fatherId="84988005" fatherType="class"  DSCharacteristic="class" id="1035938678" abstract="The emxSolutionBase class contains code for Solution objects." packageName="NoPackage" packagePath="" packageAbstract="" />
<method name="mxMain" initial="m" htmlFileName="emxSolution_mxJPO" containerName="emxSolution_mxJPO"  containerType="class" id="594831046" argList="(matrix.db.Context, java.lang.String[])" abstract="This method is executed if a specific method is not specified." />
<constructor name="emxSolution_mxJPO" initial="e" htmlFileName="emxSolution_mxJPO" containerName="emxSolution_mxJPO"  containerType="class" id="-1858533575" argList="(matrix.db.Context, java.lang.String[])" abstract="Constructor." />
<class name="emxTestMethodBase_mxJPO" initial="e" htmlFileName="emxTestMethodBase_mxJPO"  fatherClass="Object" fatherId="1430148807" fatherType="class"  DSCharacteristic="class" id="-1225855349" abstract="The emxTestMethodBase class contains code for Test Method objects." packageName="NoPackage" packagePath="" packageAbstract="" />
<method name="create" initial="c" htmlFileName="emxTestMethodBase_mxJPO" containerName="emxTestMethodBase_mxJPO"  containerType="class" id="-739602226" argList="(matrix.db.Context, java.lang.String[])" abstract="This is the method executed in Create New Action." />
<method name="getIPBlock" initial="g" htmlFileName="emxTestMethodBase_mxJPO" containerName="emxTestMethodBase_mxJPO"  containerType="class" id="-139462726" argList="(matrix.db.Context, java.lang.String[])" abstract="getIPBlock - gets the IP Block connected to the Test Method." />
<method name="getTestMethodFromParent" initial="g" htmlFileName="emxTestMethodBase_mxJPO" containerName="emxTestMethodBase_mxJPO"  containerType="class" id="-451860019" argList="(matrix.db.Context, java.lang.String[])" abstract="getTestMethodFromParent - gets the Test Method objects" />
<method name="Init" initial="I" htmlFileName="emxTestMethodBase_mxJPO" containerName="emxTestMethodBase_mxJPO"  containerType="class" id="371145242" argList="(matrix.db.Context)" abstract="Initializes the class variables" />
<method name="mxMain" initial="m" htmlFileName="emxTestMethodBase_mxJPO" containerName="emxTestMethodBase_mxJPO"  containerType="class" id="594831046" argList="(matrix.db.Context, java.lang.String[])" abstract="This method is executed if a specific method is not specified." />
<constructor name="emxTestMethodBase_mxJPO" initial="e" htmlFileName="emxTestMethodBase_mxJPO" containerName="emxTestMethodBase_mxJPO"  containerType="class" id="1361188740" argList="(matrix.db.Context, java.lang.String[])" abstract="Constructor." />
<class name="emxTestMethod_mxJPO" initial="e" htmlFileName="emxTestMethod_mxJPO"  fatherClass="emxTestMethodBase_mxJPO" fatherId="-1225855349" fatherType="class"  DSCharacteristic="class" id="1409174684" abstract="The emxTestMethodBase class contains code for Test Method objects." packageName="NoPackage" packagePath="" packageAbstract="" />
<method name="mxMain" initial="m" htmlFileName="emxTestMethod_mxJPO" containerName="emxTestMethod_mxJPO"  containerType="class" id="594831046" argList="(matrix.db.Context, java.lang.String[])" abstract="This method is executed if a specific method is not specified." />
<constructor name="emxTestMethod_mxJPO" initial="e" htmlFileName="emxTestMethod_mxJPO" containerName="emxTestMethod_mxJPO"  containerType="class" id="-1638222509" argList="(matrix.db.Context, java.lang.String[])" abstract="Constructor." />
<class name="emxVerifiedTechnologyBase_mxJPO" initial="e" htmlFileName="emxVerifiedTechnologyBase_mxJPO"  fatherClass="Object" fatherId="1430148807" fatherType="class"  DSCharacteristic="class" id="1340615306" abstract="The emxVerifiedTechnologyBase class contains code for Verified Technology objects." packageName="NoPackage" packagePath="" packageAbstract="" />
<method name="create" initial="c" htmlFileName="emxVerifiedTechnologyBase_mxJPO" containerName="emxVerifiedTechnologyBase_mxJPO"  containerType="class" id="-739602226" argList="(matrix.db.Context, java.lang.String[])" abstract="This is the method executed in Create New Action." />
<method name="getIPBlock" initial="g" htmlFileName="emxVerifiedTechnologyBase_mxJPO" containerName="emxVerifiedTechnologyBase_mxJPO"  containerType="class" id="-139462726" argList="(matrix.db.Context, java.lang.String[])" abstract="getIPBlock - gets the list of IP Block connected to the Verified Technology." />
<method name="getVerifiedTechnologyFromParent" initial="g" htmlFileName="emxVerifiedTechnologyBase_mxJPO" containerName="emxVerifiedTechnologyBase_mxJPO"  containerType="class" id="226515212" argList="(matrix.db.Context, java.lang.String[])" abstract="getVerifiedTechnologyFromParent - gets the Verified Technology objects" />
<method name="Init" initial="I" htmlFileName="emxVerifiedTechnologyBase_mxJPO" containerName="emxVerifiedTechnologyBase_mxJPO"  containerType="class" id="371145242" argList="(matrix.db.Context)" abstract="Initializes the class variables" />
<method name="mxMain" initial="m" htmlFileName="emxVerifiedTechnologyBase_mxJPO" containerName="emxVerifiedTechnologyBase_mxJPO"  containerType="class" id="594831046" argList="(matrix.db.Context, java.lang.String[])" abstract="This method is executed if a specific method is not specified." />
<constructor name="emxVerifiedTechnologyBase_mxJPO" initial="e" htmlFileName="emxVerifiedTechnologyBase_mxJPO" containerName="emxVerifiedTechnologyBase_mxJPO"  containerType="class" id="-713589339" argList="(matrix.db.Context, java.lang.String[])" abstract="Constructor." />
<class name="emxVerifiedTechnology_mxJPO" initial="e" htmlFileName="emxVerifiedTechnology_mxJPO"  fatherClass="emxVerifiedTechnologyBase_mxJPO" fatherId="1340615306" fatherType="class"  DSCharacteristic="class" id="-2135203813" abstract="" packageName="NoPackage" packagePath="" packageAbstract="" />
<method name="mxMain" initial="m" htmlFileName="emxVerifiedTechnology_mxJPO" containerName="emxVerifiedTechnology_mxJPO"  containerType="class" id="594831046" argList="(matrix.db.Context, java.lang.String[])" abstract="This method is executed if a specific method is not specified." />
<constructor name="emxVerifiedTechnology_mxJPO" initial="e" htmlFileName="emxVerifiedTechnology_mxJPO" containerName="emxVerifiedTechnology_mxJPO"  containerType="class" id="2060604404" argList="(matrix.db.Context, java.lang.String[])" abstract="Constructor." />
</fw>

