<?xml version="1.0" encoding="utf-8"?>
<fw name="ENOSemiTeamCollabBase" footer="Copyright &#169; 1999-2016, Dassault Syst&#232;mes. All rights reserved. ">
<class name="emxSCCDSPSBase_mxJPO" initial="e" htmlFileName="emxSCCDSPSBase_mxJPO"  fatherClass="Object" fatherId="-52810372" fatherType="class"  DSCharacteristic="class" id="-1932573426" abstract="" packageName="NoPackage" packagePath="" packageAbstract="" />
<method name="addMessage" initial="a" htmlFileName="emxSCCDSPSBase_mxJPO" containerName="emxSCCDSPSBase_mxJPO"  containerType="class" id="-1510773799" argList="(emxSCCDSPSBase_mxJPO.ReportModeE, java.lang.String)" abstract="Add a message to our message list ONLY if we are at" />
<method name="addNewTag" initial="a" htmlFileName="emxSCCDSPSBase_mxJPO" containerName="emxSCCDSPSBase_mxJPO"  containerType="class" id="-787351868" argList="(matrix.db.Context, java.lang.String, java.lang.String)" abstract="A simple wrapper around Products.addProductTags" />
<method name="buildSummaryPage" initial="b" htmlFileName="emxSCCDSPSBase_mxJPO" containerName="emxSCCDSPSBase_mxJPO"  containerType="class" id="2027665944" argList="(matrix.db.Context)" abstract="Generate the Import Summary html page, displayed upon" />
<method name="connectProductToProductLine" initial="c" htmlFileName="emxSCCDSPSBase_mxJPO" containerName="emxSCCDSPSBase_mxJPO"  containerType="class" id="1738430012" argList="(matrix.db.Context, com.matrixone.apps.domain.DomainObject, java.lang.String)" abstract="Connect the Product to the specified ProductLine via its Model" />
<method name="connectRelatedObject" initial="c" htmlFileName="emxSCCDSPSBase_mxJPO" containerName="emxSCCDSPSBase_mxJPO"  containerType="class" id="-81704769" argList="(matrix.db.Context, com.matrixone.apps.domain.DomainObject, java.lang.String, boolean, java.lang.String)" abstract="Connect objects - a wrapper around the core DomainObject method" />
<method name="createDSFAConnection" initial="c" htmlFileName="emxSCCDSPSBase_mxJPO" containerName="emxSCCDSPSBase_mxJPO"  containerType="class" id="-1684415557" argList="(matrix.db.Context, com.matrixone.apps.domain.DomainObject, java.lang.String, java.lang.String)" abstract="Create DSFA Connection for a Product" />
<method name="createNewRevision" initial="c" htmlFileName="emxSCCDSPSBase_mxJPO" containerName="emxSCCDSPSBase_mxJPO"  containerType="class" id="30760480" argList="(matrix.db.Context, com.matrixone.apps.domain.DomainObject, java.lang.String)" abstract="Method to create a new revision of the existing product." />
<method name="deduceDsfaPropsFromDsURL" initial="d" htmlFileName="emxSCCDSPSBase_mxJPO" containerName="emxSCCDSPSBase_mxJPO"  containerType="class" id="880795259" argList="(java.lang.String)" abstract="Given the att." />
<method name="entObjSynchronizeService" initial="e" htmlFileName="emxSCCDSPSBase_mxJPO" containerName="emxSCCDSPSBase_mxJPO"  containerType="class" id="-1487077650" argList="(matrix.db.Context, java.lang.String[])" abstract="Process a &quot;entobj synchronize&quot; request from our web services layer." />
<method name="findProductByDesignSyncURL" initial="f" htmlFileName="emxSCCDSPSBase_mxJPO" containerName="emxSCCDSPSBase_mxJPO"  containerType="class" id="-373164010" argList="(matrix.db.Context, java.lang.String, java.lang.String)" abstract="Given the att." />
<method name="findProductByDSFAConnection" initial="f" htmlFileName="emxSCCDSPSBase_mxJPO" containerName="emxSCCDSPSBase_mxJPO"  containerType="class" id="1801290410" argList="(matrix.db.Context, java.lang.String)" abstract="Given the att." />
<method name="findProductByParent" initial="f" htmlFileName="emxSCCDSPSBase_mxJPO" containerName="emxSCCDSPSBase_mxJPO"  containerType="class" id="105559336" argList="(matrix.db.Context, java.lang.String, java.lang.String, java.lang.String)" abstract="Given the parent id and child&apos;s attribute find all" />
<method name="findProductByParentModel" initial="f" htmlFileName="emxSCCDSPSBase_mxJPO" containerName="emxSCCDSPSBase_mxJPO"  containerType="class" id="120813325" argList="(matrix.db.Context, java.lang.String, java.lang.String, java.lang.String)" abstract="Given the parent Model id, find child Product revision" />
<method name="getProductParents" initial="g" htmlFileName="emxSCCDSPSBase_mxJPO" containerName="emxSCCDSPSBase_mxJPO"  containerType="class" id="1100329775" argList="(matrix.db.Context, com.matrixone.apps.domain.DomainObject)" abstract="Given the product find all its parents" />
<method name="isExternalModule" initial="i" htmlFileName="emxSCCDSPSBase_mxJPO" containerName="emxSCCDSPSBase_mxJPO"  containerType="class" id="-119929986" argList="(com.matrixone.apps.semiteamcollab.hdm.jaxb.ModuleHierarchyType)" abstract="See if module entry is for an External module." />
<method name="isReportLevel" initial="i" htmlFileName="emxSCCDSPSBase_mxJPO" containerName="emxSCCDSPSBase_mxJPO"  containerType="class" id="1537544409" argList="(emxSCCDSPSBase_mxJPO.ReportModeE)" abstract="Check current report level it at least that given." />
<method name="makeProductName" initial="m" htmlFileName="emxSCCDSPSBase_mxJPO" containerName="emxSCCDSPSBase_mxJPO"  containerType="class" id="1951211379" argList="(java.lang.String)" abstract="Determine the product name from the URL" />
<method name="moduleMapsToProduct" initial="m" htmlFileName="emxSCCDSPSBase_mxJPO" containerName="emxSCCDSPSBase_mxJPO"  containerType="class" id="-312520370" argList="(matrix.db.Context, java.lang.String, java.lang.String)" abstract="Given a version and a Product determine if they make an exact match." />
<method name="preProcessTest" initial="p" htmlFileName="emxSCCDSPSBase_mxJPO" containerName="emxSCCDSPSBase_mxJPO"  containerType="class" id="-12392959" argList="(matrix.db.Context, java.lang.String[])" abstract="A sample preProcessTest for Synchronize." />
<method name="processNewProduct" initial="p" htmlFileName="emxSCCDSPSBase_mxJPO" containerName="emxSCCDSPSBase_mxJPO"  containerType="class" id="-521565183" argList="(matrix.db.Context, java.lang.String, java.lang.String, com.matrixone.apps.domain.DomainObject, com.matrixone.apps.domain.DomainObject, java.lang.String, java.lang.String)" abstract="Process a brand new Product, or a new revision of existing Product" />
<method name="productHasParent" initial="p" htmlFileName="emxSCCDSPSBase_mxJPO" containerName="emxSCCDSPSBase_mxJPO"  containerType="class" id="-2102143958" argList="(matrix.db.Context, com.matrixone.apps.domain.DomainObject, java.lang.String)" abstract="Given the product determine whether this product has" />
<method name="productHasParent" initial="p" htmlFileName="emxSCCDSPSBase_mxJPO" containerName="emxSCCDSPSBase_mxJPO"  containerType="class" id="-2102143958" argList="(matrix.db.Context, java.lang.String, java.lang.String)" abstract="Given the product and parentId determine whether this" />
<method name="setModelMarketingNameDefault" initial="s" htmlFileName="emxSCCDSPSBase_mxJPO" containerName="emxSCCDSPSBase_mxJPO"  containerType="class" id="-1594373528" argList="(matrix.db.Context, java.lang.String, java.lang.String)" abstract="Set the Marketing Name of the newly created Model of" />
<method name="splitExternalModuleURL" initial="s" htmlFileName="emxSCCDSPSBase_mxJPO" containerName="emxSCCDSPSBase_mxJPO"  containerType="class" id="-1731476703" argList="(java.lang.String)" abstract="Split syncURL of an External Module into components" />
<method name="splitModuleURL" initial="s" htmlFileName="emxSCCDSPSBase_mxJPO" containerName="emxSCCDSPSBase_mxJPO"  containerType="class" id="881262838" argList="(java.lang.String)" abstract="Split syncURL of a Module into components" />
<method name="switchUser" initial="s" htmlFileName="emxSCCDSPSBase_mxJPO" containerName="emxSCCDSPSBase_mxJPO"  containerType="class" id="747207680" argList="(matrix.db.Context, com.matrixone.apps.semiteamcollab.hdm.jaxb.UserIdentity)" abstract="Switch the user context to that specified for the" />
<method name="syncHierarchy" initial="s" htmlFileName="emxSCCDSPSBase_mxJPO" containerName="emxSCCDSPSBase_mxJPO"  containerType="class" id="-1135682395" argList="(matrix.db.Context, java.lang.String[])" abstract="Process a &quot;entobj synchronize&quot; request from XML from a file, write" />
<method name="syncHierarchy" initial="s" htmlFileName="emxSCCDSPSBase_mxJPO" containerName="emxSCCDSPSBase_mxJPO"  containerType="class" id="-1135682395" argList="(matrix.db.Context, java.lang.String, boolean)" abstract="Process a &quot;entobj synchronize&quot; request from XML from a string." />
<method name="syncHierarchy" initial="s" htmlFileName="emxSCCDSPSBase_mxJPO" containerName="emxSCCDSPSBase_mxJPO"  containerType="class" id="-1135682395" argList="(matrix.db.Context, java.lang.String, java.lang.String)" abstract="Process a &quot;entobj synchronize&quot; request from XML from a file, write" />
<method name="synchronizeObjectFileToStr" initial="s" htmlFileName="emxSCCDSPSBase_mxJPO" containerName="emxSCCDSPSBase_mxJPO"  containerType="class" id="416230644" argList="(matrix.db.Context, java.lang.String[])" abstract="This version reads a file,passed in as part of a packArgs, and" />
<constructor name="emxSCCDSPSBase_mxJPO" initial="e" htmlFileName="emxSCCDSPSBase_mxJPO" containerName="emxSCCDSPSBase_mxJPO"  containerType="class" id="1979309163" argList="(matrix.db.Context, java.lang.String[])" abstract="Constructor for emxSCCDSPSBase JPO object." />
<data name="_behaviorNoMatchFound" initial="_" htmlFileName="emxSCCDSPSBase_mxJPO" containerName="emxSCCDSPSBase_mxJPO"  containerType="class" id="-2093122233" abstract="" />
<data name="_conformExternalModules" initial="_" htmlFileName="emxSCCDSPSBase_mxJPO" containerName="emxSCCDSPSBase_mxJPO"  containerType="class" id="1421182465" abstract="" />
<data name="_createv1" initial="_" htmlFileName="emxSCCDSPSBase_mxJPO" containerName="emxSCCDSPSBase_mxJPO"  containerType="class" id="-2052220864" abstract="" />
<data name="_depth" initial="_" htmlFileName="emxSCCDSPSBase_mxJPO" containerName="emxSCCDSPSBase_mxJPO"  containerType="class" id="-1989404014" abstract="" />
<data name="_description" initial="_" htmlFileName="emxSCCDSPSBase_mxJPO" containerName="emxSCCDSPSBase_mxJPO"  containerType="class" id="623864057" abstract="" />
<data name="_dryrun" initial="_" htmlFileName="emxSCCDSPSBase_mxJPO" containerName="emxSCCDSPSBase_mxJPO"  containerType="class" id="35194071" abstract="" />
<data name="_hierCount" initial="_" htmlFileName="emxSCCDSPSBase_mxJPO" containerName="emxSCCDSPSBase_mxJPO"  containerType="class" id="-531516972" abstract="" />
<data name="_historyMap" initial="_" htmlFileName="emxSCCDSPSBase_mxJPO" containerName="emxSCCDSPSBase_mxJPO"  containerType="class" id="1736034351" abstract="" />
<data name="_logtxt" initial="_" htmlFileName="emxSCCDSPSBase_mxJPO" containerName="emxSCCDSPSBase_mxJPO"  containerType="class" id="1598853035" abstract="" />
<data name="_newobjectpolicy" initial="_" htmlFileName="emxSCCDSPSBase_mxJPO" containerName="emxSCCDSPSBase_mxJPO"  containerType="class" id="2059509252" abstract="" />
<data name="_newobjectpolicydefault" initial="_" htmlFileName="emxSCCDSPSBase_mxJPO" containerName="emxSCCDSPSBase_mxJPO"  containerType="class" id="1064519559" abstract="" />
<data name="_newobjecttype" initial="_" htmlFileName="emxSCCDSPSBase_mxJPO" containerName="emxSCCDSPSBase_mxJPO"  containerType="class" id="1903110908" abstract="" />
<data name="_newobjecttypedefault" initial="_" htmlFileName="emxSCCDSPSBase_mxJPO" containerName="emxSCCDSPSBase_mxJPO"  containerType="class" id="-1563184241" abstract="" />
<data name="_preferredstore" initial="_" htmlFileName="emxSCCDSPSBase_mxJPO" containerName="emxSCCDSPSBase_mxJPO"  containerType="class" id="1724854231" abstract="" />
<data name="_productline" initial="_" htmlFileName="emxSCCDSPSBase_mxJPO" containerName="emxSCCDSPSBase_mxJPO"  containerType="class" id="1604223154" abstract="" />
<data name="_productlineoption" initial="_" htmlFileName="emxSCCDSPSBase_mxJPO" containerName="emxSCCDSPSBase_mxJPO"  containerType="class" id="1804115613" abstract="" />
<data name="_productMatchExcludeTypes" initial="_" htmlFileName="emxSCCDSPSBase_mxJPO" containerName="emxSCCDSPSBase_mxJPO"  containerType="class" id="82133762" abstract="" />
<data name="_renamev0" initial="_" htmlFileName="emxSCCDSPSBase_mxJPO" containerName="emxSCCDSPSBase_mxJPO"  containerType="class" id="-2102332321" abstract="" />
<data name="_reportmode" initial="_" htmlFileName="emxSCCDSPSBase_mxJPO" containerName="emxSCCDSPSBase_mxJPO"  containerType="class" id="1345203104" abstract="" />
<data name="_searchbydsfa" initial="_" htmlFileName="emxSCCDSPSBase_mxJPO" containerName="emxSCCDSPSBase_mxJPO"  containerType="class" id="-1410326546" abstract="" />
<data name="_storeMapList" initial="_" htmlFileName="emxSCCDSPSBase_mxJPO" containerName="emxSCCDSPSBase_mxJPO"  containerType="class" id="-499992578" abstract="" />
<data name="_topproductline" initial="_" htmlFileName="emxSCCDSPSBase_mxJPO" containerName="emxSCCDSPSBase_mxJPO"  containerType="class" id="-1748079063" abstract="" />
<data name="_topproductlineoption" initial="_" htmlFileName="emxSCCDSPSBase_mxJPO" containerName="emxSCCDSPSBase_mxJPO"  containerType="class" id="1079531220" abstract="" />
<data name="_topproductpolicy" initial="_" htmlFileName="emxSCCDSPSBase_mxJPO" containerName="emxSCCDSPSBase_mxJPO"  containerType="class" id="1423062891" abstract="" />
<data name="_topproducttype" initial="_" htmlFileName="emxSCCDSPSBase_mxJPO" containerName="emxSCCDSPSBase_mxJPO"  containerType="class" id="-841682397" abstract="" />
<data name="_utils" initial="_" htmlFileName="emxSCCDSPSBase_mxJPO" containerName="emxSCCDSPSBase_mxJPO"  containerType="class" id="1840886500" abstract="" />
<data name="ATTRIBUTE_DESIGNSYNC_URL" initial="A" htmlFileName="emxSCCDSPSBase_mxJPO" containerName="emxSCCDSPSBase_mxJPO"  containerType="class" id="-1917020726" abstract="" />
<data name="ATTRIBUTE_DESIGNSYNC_VERSION" initial="A" htmlFileName="emxSCCDSPSBase_mxJPO" containerName="emxSCCDSPSBase_mxJPO"  containerType="class" id="-1008733759" abstract="" />
<data name="ATTRIBUTE_MARKETING_NAME" initial="A" htmlFileName="emxSCCDSPSBase_mxJPO" containerName="emxSCCDSPSBase_mxJPO"  containerType="class" id="1140206767" abstract="" />
<data name="ATTRIBUTE_TAG_NAME" initial="A" htmlFileName="emxSCCDSPSBase_mxJPO" containerName="emxSCCDSPSBase_mxJPO"  containerType="class" id="105817571" abstract="" />
<data name="BAD_NAME_CHARS" initial="B" htmlFileName="emxSCCDSPSBase_mxJPO" containerName="emxSCCDSPSBase_mxJPO"  containerType="class" id="2096047315" abstract="" />
<data name="DEF_SELECTOR" initial="D" htmlFileName="emxSCCDSPSBase_mxJPO" containerName="emxSCCDSPSBase_mxJPO"  containerType="class" id="-921269059" abstract="" />
<data name="MAX_PRODUCT_NAME" initial="M" htmlFileName="emxSCCDSPSBase_mxJPO" containerName="emxSCCDSPSBase_mxJPO"  containerType="class" id="1581848320" abstract="" />
<data name="OPTION_BAD_NAME_CHARS" initial="O" htmlFileName="emxSCCDSPSBase_mxJPO" containerName="emxSCCDSPSBase_mxJPO"  containerType="class" id="-1419870583" abstract="" />
<data name="OPTION_BEHAVIOR_NOT_FOUND" initial="O" htmlFileName="emxSCCDSPSBase_mxJPO" containerName="emxSCCDSPSBase_mxJPO"  containerType="class" id="-1471391933" abstract="" />
<data name="OPTION_CONFORM_EXTERNAL_MODULES" initial="O" htmlFileName="emxSCCDSPSBase_mxJPO" containerName="emxSCCDSPSBase_mxJPO"  containerType="class" id="-531782496" abstract="" />
<data name="OPTION_CREATE_VERSION_1" initial="O" htmlFileName="emxSCCDSPSBase_mxJPO" containerName="emxSCCDSPSBase_mxJPO"  containerType="class" id="1929749317" abstract="" />
<data name="OPTION_DEFAULT_SELECTOR" initial="O" htmlFileName="emxSCCDSPSBase_mxJPO" containerName="emxSCCDSPSBase_mxJPO"  containerType="class" id="1204864815" abstract="" />
<data name="OPTION_DEPTH" initial="O" htmlFileName="emxSCCDSPSBase_mxJPO" containerName="emxSCCDSPSBase_mxJPO"  containerType="class" id="-1847477923" abstract="" />
<data name="OPTION_DESCRIPTION" initial="O" htmlFileName="emxSCCDSPSBase_mxJPO" containerName="emxSCCDSPSBase_mxJPO"  containerType="class" id="427691908" abstract="" />
<data name="OPTION_DRYRUN" initial="O" htmlFileName="emxSCCDSPSBase_mxJPO" containerName="emxSCCDSPSBase_mxJPO"  containerType="class" id="-821886068" abstract="" />
<data name="OPTION_LOG_TYPE" initial="O" htmlFileName="emxSCCDSPSBase_mxJPO" containerName="emxSCCDSPSBase_mxJPO"  containerType="class" id="-701006089" abstract="" />
<data name="OPTION_MATCH_EXCLUDE_TYPES" initial="O" htmlFileName="emxSCCDSPSBase_mxJPO" containerName="emxSCCDSPSBase_mxJPO"  containerType="class" id="-755401434" abstract="" />
<data name="OPTION_MAX_NAME_LENGTH" initial="O" htmlFileName="emxSCCDSPSBase_mxJPO" containerName="emxSCCDSPSBase_mxJPO"  containerType="class" id="262326113" abstract="" />
<data name="OPTION_PRODUCT_LINE" initial="O" htmlFileName="emxSCCDSPSBase_mxJPO" containerName="emxSCCDSPSBase_mxJPO"  containerType="class" id="-252497368" abstract="" />
<data name="OPTION_RENAME_VERSION_0" initial="O" htmlFileName="emxSCCDSPSBase_mxJPO" containerName="emxSCCDSPSBase_mxJPO"  containerType="class" id="279060836" abstract="" />
<data name="OPTION_REPORT_MODE" initial="O" htmlFileName="emxSCCDSPSBase_mxJPO" containerName="emxSCCDSPSBase_mxJPO"  containerType="class" id="1243597650" abstract="" />
<data name="OPTION_SEARCH_BY_DSFA" initial="O" htmlFileName="emxSCCDSPSBase_mxJPO" containerName="emxSCCDSPSBase_mxJPO"  containerType="class" id="1764523089" abstract="" />
<data name="OPTION_TOP_POLICY" initial="O" htmlFileName="emxSCCDSPSBase_mxJPO" containerName="emxSCCDSPSBase_mxJPO"  containerType="class" id="1154787984" abstract="" />
<data name="OPTION_TOP_PRODUCT_LINE" initial="O" htmlFileName="emxSCCDSPSBase_mxJPO" containerName="emxSCCDSPSBase_mxJPO"  containerType="class" id="-1531764962" abstract="" />
<data name="OPTION_TOP_TYPE" initial="O" htmlFileName="emxSCCDSPSBase_mxJPO" containerName="emxSCCDSPSBase_mxJPO"  containerType="class" id="401237640" abstract="" />
<data name="PROPERTY_BAD_NAME_CHARS" initial="P" htmlFileName="emxSCCDSPSBase_mxJPO" containerName="emxSCCDSPSBase_mxJPO"  containerType="class" id="798926825" abstract="" />
<data name="PROPERTY_CONFORM_EXTERNAL_MODULES" initial="P" htmlFileName="emxSCCDSPSBase_mxJPO" containerName="emxSCCDSPSBase_mxJPO"  containerType="class" id="-1963878912" abstract="" />
<data name="PROPERTY_CREATE_VERSION_1" initial="P" htmlFileName="emxSCCDSPSBase_mxJPO" containerName="emxSCCDSPSBase_mxJPO"  containerType="class" id="-404687707" abstract="" />
<data name="PROPERTY_DEFAULT_SELECTOR" initial="P" htmlFileName="emxSCCDSPSBase_mxJPO" containerName="emxSCCDSPSBase_mxJPO"  containerType="class" id="-1129572209" abstract="" />
<data name="PROPERTY_MATCH_EXCLUDE_TYPES" initial="P" htmlFileName="emxSCCDSPSBase_mxJPO" containerName="emxSCCDSPSBase_mxJPO"  containerType="class" id="-1858326586" abstract="" />
<data name="PROPERTY_MAX_NAME_LENGTH" initial="P" htmlFileName="emxSCCDSPSBase_mxJPO" containerName="emxSCCDSPSBase_mxJPO"  containerType="class" id="325569025" abstract="" />
<data name="PROPERTY_PRODUCT_LINE" initial="P" htmlFileName="emxSCCDSPSBase_mxJPO" containerName="emxSCCDSPSBase_mxJPO"  containerType="class" id="1206793096" abstract="" />
<data name="PROPERTY_RENAME_VERSION_0" initial="P" htmlFileName="emxSCCDSPSBase_mxJPO" containerName="emxSCCDSPSBase_mxJPO"  containerType="class" id="-2055376188" abstract="" />
<data name="PROPERTY_SEARCH_BY_DSFA" initial="P" htmlFileName="emxSCCDSPSBase_mxJPO" containerName="emxSCCDSPSBase_mxJPO"  containerType="class" id="-311646799" abstract="" />
<data name="PROPERTY_TOP_POLICY" initial="P" htmlFileName="emxSCCDSPSBase_mxJPO" containerName="emxSCCDSPSBase_mxJPO"  containerType="class" id="257983472" abstract="" />
<data name="PROPERTY_TOP_PRODUCT_LINE" initial="P" htmlFileName="emxSCCDSPSBase_mxJPO" containerName="emxSCCDSPSBase_mxJPO"  containerType="class" id="428765310" abstract="" />
<data name="PROPERTY_TOP_TYPE" initial="P" htmlFileName="emxSCCDSPSBase_mxJPO" containerName="emxSCCDSPSBase_mxJPO"  containerType="class" id="878516200" abstract="" />
<data name="RELATIONSHIP_LOGICAL_PRODUCTS" initial="R" htmlFileName="emxSCCDSPSBase_mxJPO" containerName="emxSCCDSPSBase_mxJPO"  containerType="class" id="913144469" abstract="" />
<data name="RELATIONSHIP_PRODUCT_TO_TAG" initial="R" htmlFileName="emxSCCDSPSBase_mxJPO" containerName="emxSCCDSPSBase_mxJPO"  containerType="class" id="-831003863" abstract="" />
<data name="RELATIONSHIP_PRODUCTS" initial="R" htmlFileName="emxSCCDSPSBase_mxJPO" containerName="emxSCCDSPSBase_mxJPO"  containerType="class" id="-69441045" abstract="" />
<data name="SELECT_HIER_TAG_NAME" initial="S" htmlFileName="emxSCCDSPSBase_mxJPO" containerName="emxSCCDSPSBase_mxJPO"  containerType="class" id="-660174024" abstract="" />
<data name="SELECT_HIER_TAG_REL" initial="S" htmlFileName="emxSCCDSPSBase_mxJPO" containerName="emxSCCDSPSBase_mxJPO"  containerType="class" id="-1197170352" abstract="" />
<data name="TYPE_PRODUCTS" initial="T" htmlFileName="emxSCCDSPSBase_mxJPO" containerName="emxSCCDSPSBase_mxJPO"  containerType="class" id="1176085741" abstract="" />
<class name="emxSCCDSPS_mxJPO" initial="e" htmlFileName="emxSCCDSPS_mxJPO"  fatherClass="emxSCCDSPSBase_mxJPO" fatherId="-1932573426" fatherType="class"  DSCharacteristic="class" id="-1694762529" abstract="" packageName="NoPackage" packagePath="" packageAbstract="" />
<constructor name="emxSCCDSPS_mxJPO" initial="e" htmlFileName="emxSCCDSPS_mxJPO" containerName="emxSCCDSPS_mxJPO"  containerType="class" id="-2107323526" argList="(matrix.db.Context, java.lang.String[])" abstract="" />
<class name="emxSCCDSPSUpdateBase_mxJPO" initial="e" htmlFileName="emxSCCDSPSUpdateBase_mxJPO"  fatherClass="Object" fatherId="-52810372" fatherType="class"  DSCharacteristic="class" id="1925072645" abstract="" packageName="NoPackage" packagePath="" packageAbstract="" />
<method name="buildSummaryPage" initial="b" htmlFileName="emxSCCDSPSUpdateBase_mxJPO" containerName="emxSCCDSPSUpdateBase_mxJPO"  containerType="class" id="2027665944" argList="(matrix.db.Context)" abstract="Generate the summary page, displayed upon" />
<method name="entObjUpdate" initial="e" htmlFileName="emxSCCDSPSUpdateBase_mxJPO" containerName="emxSCCDSPSUpdateBase_mxJPO"  containerType="class" id="-1777333270" argList="(matrix.db.Context, java.lang.String[])" abstract="Process a &quot;entobj update&quot; request from our web services layer." />
<method name="updateDefectActionDetails" initial="u" htmlFileName="emxSCCDSPSUpdateBase_mxJPO" containerName="emxSCCDSPSUpdateBase_mxJPO"  containerType="class" id="-629074995" argList="(matrix.db.Context, java.lang.String, com.matrixone.apps.semiteamcollab.hdm.jaxb.TNR, com.matrixone.apps.semiteamcollab.hdm.jaxb.ObjectUpdate)" abstract="" />
<method name="updateNotes" initial="u" htmlFileName="emxSCCDSPSUpdateBase_mxJPO" containerName="emxSCCDSPSUpdateBase_mxJPO"  containerType="class" id="994123463" argList="(matrix.db.Context, java.lang.String, java.lang.String)" abstract="Updates a &quot;Notes&quot; message thread for the object." />
<method name="updateObject" initial="u" htmlFileName="emxSCCDSPSUpdateBase_mxJPO" containerName="emxSCCDSPSUpdateBase_mxJPO"  containerType="class" id="320137943" argList="(matrix.db.Context, java.lang.String[])" abstract="Process a &quot;entobj update&quot; request from XML from a file, write" />
<method name="updateObject" initial="u" htmlFileName="emxSCCDSPSUpdateBase_mxJPO" containerName="emxSCCDSPSUpdateBase_mxJPO"  containerType="class" id="320137943" argList="(matrix.db.Context, java.lang.String, boolean)" abstract="Process a &quot;entobj update&quot; request from XML from a string." />
<method name="updateObject" initial="u" htmlFileName="emxSCCDSPSUpdateBase_mxJPO" containerName="emxSCCDSPSUpdateBase_mxJPO"  containerType="class" id="320137943" argList="(matrix.db.Context, java.lang.String, java.lang.String)" abstract="Process a &quot;entobj update&quot; request from XML from a file, write" />
<method name="updateProductDetails" initial="u" htmlFileName="emxSCCDSPSUpdateBase_mxJPO" containerName="emxSCCDSPSUpdateBase_mxJPO"  containerType="class" id="293101379" argList="(matrix.db.Context, java.lang.String, com.matrixone.apps.semiteamcollab.hdm.jaxb.TNR, com.matrixone.apps.semiteamcollab.hdm.jaxb.ObjectUpdate)" abstract="" />
<constructor name="emxSCCDSPSUpdateBase_mxJPO" initial="e" htmlFileName="emxSCCDSPSUpdateBase_mxJPO" containerName="emxSCCDSPSUpdateBase_mxJPO"  containerType="class" id="1237699988" argList="(matrix.db.Context, java.lang.String[])" abstract="Constructor." />
<data name="_utils" initial="_" htmlFileName="emxSCCDSPSUpdateBase_mxJPO" containerName="emxSCCDSPSUpdateBase_mxJPO"  containerType="class" id="1840886500" abstract="" />
<data name="TYPE_DEFECT_ACTION" initial="T" htmlFileName="emxSCCDSPSUpdateBase_mxJPO" containerName="emxSCCDSPSUpdateBase_mxJPO"  containerType="class" id="63486583" abstract="" />
<data name="TYPE_PRODUCTS" initial="T" htmlFileName="emxSCCDSPSUpdateBase_mxJPO" containerName="emxSCCDSPSUpdateBase_mxJPO"  containerType="class" id="1176085741" abstract="" />
<class name="emxSCCDSPSUpdate_mxJPO" initial="e" htmlFileName="emxSCCDSPSUpdate_mxJPO"  fatherClass="emxSCCDSPSUpdateBase_mxJPO" fatherId="1925072645" fatherType="class"  DSCharacteristic="class" id="1085312854" abstract="" packageName="NoPackage" packagePath="" packageAbstract="" />
<constructor name="emxSCCDSPSUpdate_mxJPO" initial="e" htmlFileName="emxSCCDSPSUpdate_mxJPO" containerName="emxSCCDSPSUpdate_mxJPO"  containerType="class" id="-14567133" argList="(matrix.db.Context, java.lang.String[])" abstract="" />
</fw>

