<?xml version="1.0" encoding="utf-8"?>
<fw name="ENOSemiTeamCollabBase" footer="Copyright &#169; 1999-2016, Dassault Syst&#232;mes. All rights reserved. ">
<class name="emxSCCEDABase_mxJPO" initial="e" htmlFileName="emxSCCEDABase_mxJPO"  fatherClass="Object" fatherId="2090827426" fatherType="class"  DSCharacteristic="class" id="219388378" abstract="" packageName="NoPackage" packagePath="" packageAbstract="" />
<method name="accessAssociatedOrganizationField" initial="a" htmlFileName="emxSCCEDABase_mxJPO" containerName="emxSCCEDABase_mxJPO"  containerType="class" id="-497150564" argList="(matrix.db.Context, java.lang.String[])" abstract="Controls access to the Associated Organization field" />
<method name="accessToolSuiteAssociatedOrganizationField" initial="a" htmlFileName="emxSCCEDABase_mxJPO" containerName="emxSCCEDABase_mxJPO"  containerType="class" id="1235680452" argList="(matrix.db.Context, java.lang.String[])" abstract="Controls access to the Associated Organization field" />
<method name="getOrganizationServers" initial="g" htmlFileName="emxSCCEDABase_mxJPO" containerName="emxSCCEDABase_mxJPO"  containerType="class" id="-1532144602" argList="(matrix.db.Context, java.lang.String[])" abstract="Returns all DesignSync Server objects attached to the" />
<method name="mapUserNameSecurityContextFromDesignSync" initial="m" htmlFileName="emxSCCEDABase_mxJPO" containerName="emxSCCEDABase_mxJPO"  containerType="class" id="-1979929569" argList="(matrix.db.Context, java.lang.String)" abstract="Default mapping from DS user to Enovia Security Context value." />
<constructor name="emxSCCEDABase_mxJPO" initial="e" htmlFileName="emxSCCEDABase_mxJPO" containerName="emxSCCEDABase_mxJPO"  containerType="class" id="-1159834743" argList="(matrix.db.Context, java.lang.String[])" abstract="" />
<class name="emxSCCEDADevelopmentsBase_mxJPO" initial="e" htmlFileName="emxSCCEDADevelopmentsBase_mxJPO"  fatherClass="Object" fatherId="2090827426" fatherType="class"  DSCharacteristic="class" id="170156562" abstract="" packageName="NoPackage" packagePath="" packageAbstract="" />
<method name="connectToolSuiteToAssignment" initial="c" htmlFileName="emxSCCEDADevelopmentsBase_mxJPO" containerName="emxSCCEDADevelopmentsBase_mxJPO"  containerType="class" id="-950531651" argList="(matrix.db.Context, java.lang.String[])" abstract="Connect the specified &quot;Development Tool Suite&quot; to the &quot;Development Assignment&quot;." />
<method name="copyDevelopmentPostProcess" initial="c" htmlFileName="emxSCCEDADevelopmentsBase_mxJPO" containerName="emxSCCEDADevelopmentsBase_mxJPO"  containerType="class" id="-161968696" argList="(matrix.db.Context, java.lang.String[])" abstract="" />
<method name="createAssignmentPostProcess" initial="c" htmlFileName="emxSCCEDADevelopmentsBase_mxJPO" containerName="emxSCCEDADevelopmentsBase_mxJPO"  containerType="class" id="-1844296315" argList="(matrix.db.Context, java.lang.String[])" abstract="Connect newly created &quot;Development Assignment&quot; to its &quot;Business Role&quot; and its &quot;Development Setting&quot;" />
<method name="createDevelopmentArea" initial="c" htmlFileName="emxSCCEDADevelopmentsBase_mxJPO" containerName="emxSCCEDADevelopmentsBase_mxJPO"  containerType="class" id="-589868981" argList="(matrix.db.Context, java.lang.String[])" abstract="Create a &quot;Development Area&quot;, set its attributes, and connect it to the &quot;Development Instance&quot;" />
<method name="createDevelopmentPostProcess" initial="c" htmlFileName="emxSCCEDADevelopmentsBase_mxJPO" containerName="emxSCCEDADevelopmentsBase_mxJPO"  containerType="class" id="618284559" argList="(matrix.db.Context, java.lang.String[])" abstract="" />
<method name="createDevInstPostProcess" initial="c" htmlFileName="emxSCCEDADevelopmentsBase_mxJPO" containerName="emxSCCEDADevelopmentsBase_mxJPO"  containerType="class" id="-520499889" argList="(matrix.db.Context, java.lang.String[])" abstract="" />
<method name="createXsdDevelopmentInstance" initial="c" htmlFileName="emxSCCEDADevelopmentsBase_mxJPO" containerName="emxSCCEDADevelopmentsBase_mxJPO"  containerType="class" id="-918112766" argList="(matrix.db.Context, java.lang.String)" abstract="Create xsd object representing a &quot;Development Instance&quot; eMatrix object." />
<method name="deleteDevelopmentArea" initial="d" htmlFileName="emxSCCEDADevelopmentsBase_mxJPO" containerName="emxSCCEDADevelopmentsBase_mxJPO"  containerType="class" id="-2019847748" argList="(matrix.db.Context, java.lang.String[])" abstract="Delete a &quot;Development Area&quot;" />
<method name="deleteDevelopmentAssignments" initial="d" htmlFileName="emxSCCEDADevelopmentsBase_mxJPO" containerName="emxSCCEDADevelopmentsBase_mxJPO"  containerType="class" id="-1459178731" argList="(matrix.db.Context, java.lang.String[])" abstract="Delete development assignments with ids specified by the array &quot;tableRows&quot; in the program map." />
<method name="deleteDevelopmentInstances" initial="d" htmlFileName="emxSCCEDADevelopmentsBase_mxJPO" containerName="emxSCCEDADevelopmentsBase_mxJPO"  containerType="class" id="-768957875" argList="(matrix.db.Context, java.lang.String[])" abstract="Delete development instances with ids specified by the array &quot;tableRows&quot; in the program map." />
<method name="deleteDevelopments" initial="d" htmlFileName="emxSCCEDADevelopmentsBase_mxJPO" containerName="emxSCCEDADevelopmentsBase_mxJPO"  containerType="class" id="-2137745822" argList="(matrix.db.Context, java.lang.String[])" abstract="Delete developments with ids specified by the array &quot;tableRows&quot; in the program map." />
<method name="devInstancesSendUpdate" initial="d" htmlFileName="emxSCCEDADevelopmentsBase_mxJPO" containerName="emxSCCEDADevelopmentsBase_mxJPO"  containerType="class" id="1210977721" argList="(matrix.db.Context, java.lang.String[])" abstract="" />
<method name="devInstSendUpdate" initial="d" htmlFileName="emxSCCEDADevelopmentsBase_mxJPO" containerName="emxSCCEDADevelopmentsBase_mxJPO"  containerType="class" id="1977670987" argList="(matrix.db.Context, java.lang.String[])" abstract="" />
<method name="disableDevInstance" initial="d" htmlFileName="emxSCCEDADevelopmentsBase_mxJPO" containerName="emxSCCEDADevelopmentsBase_mxJPO"  containerType="class" id="-420365247" argList="(matrix.db.Context, java.lang.String[])" abstract="" />
<method name="disableDevInstances" initial="d" htmlFileName="emxSCCEDADevelopmentsBase_mxJPO" containerName="emxSCCEDADevelopmentsBase_mxJPO"  containerType="class" id="-1565588624" argList="(matrix.db.Context, java.lang.String[])" abstract="" />
<method name="disableDsDevelopmentInstance" initial="d" htmlFileName="emxSCCEDADevelopmentsBase_mxJPO" containerName="emxSCCEDADevelopmentsBase_mxJPO"  containerType="class" id="2033879640" argList="(matrix.db.Context, java.lang.String, java.lang.String)" abstract="Sends a web services request to disable a &quot;Development Instance&quot; on the DesignSync server" />
<method name="disconnectAssignmentSetting" initial="d" htmlFileName="emxSCCEDADevelopmentsBase_mxJPO" containerName="emxSCCEDADevelopmentsBase_mxJPO"  containerType="class" id="-1345485818" argList="(matrix.db.Context, java.lang.String)" abstract="Disconnect &quot;Development Assignment&quot; from its &quot;Development Setting&quot;." />
<method name="displayDevInstState" initial="d" htmlFileName="emxSCCEDADevelopmentsBase_mxJPO" containerName="emxSCCEDADevelopmentsBase_mxJPO"  containerType="class" id="-1028840521" argList="(matrix.db.Context, java.lang.String[])" abstract="" />
<method name="dummyAccess" initial="d" htmlFileName="emxSCCEDADevelopmentsBase_mxJPO" containerName="emxSCCEDADevelopmentsBase_mxJPO"  containerType="class" id="-870298453" argList="(matrix.db.Context, java.lang.String[])" abstract="" />
<method name="editDevelopmentPostProcess" initial="e" htmlFileName="emxSCCEDADevelopmentsBase_mxJPO" containerName="emxSCCEDADevelopmentsBase_mxJPO"  containerType="class" id="-1647173475" argList="(matrix.db.Context, java.lang.String[])" abstract="" />
<method name="enableDevInstance" initial="e" htmlFileName="emxSCCEDADevelopmentsBase_mxJPO" containerName="emxSCCEDADevelopmentsBase_mxJPO"  containerType="class" id="-1115841338" argList="(matrix.db.Context, java.lang.String[])" abstract="" />
<method name="enableDevInstances" initial="e" htmlFileName="emxSCCEDADevelopmentsBase_mxJPO" containerName="emxSCCEDADevelopmentsBase_mxJPO"  containerType="class" id="-1650510965" argList="(matrix.db.Context, java.lang.String[])" abstract="" />
<method name="enableDsDevelopmentInstance" initial="e" htmlFileName="emxSCCEDADevelopmentsBase_mxJPO" containerName="emxSCCEDADevelopmentsBase_mxJPO"  containerType="class" id="1430210717" argList="(matrix.db.Context, com.matrixone.apps.semiteamcollab.eda.jaxb.DevelopmentInstance)" abstract="Sends a web services request to enable a &quot;Development Instance&quot; on the DesignSync server" />
<method name="filterAssignmentsForDelete" initial="f" htmlFileName="emxSCCEDADevelopmentsBase_mxJPO" containerName="emxSCCEDADevelopmentsBase_mxJPO"  containerType="class" id="-1445487803" argList="(matrix.db.Context, java.lang.String[])" abstract="Filter &quot;Development Assignment&quot; objects that we connected to the &quot;Development Areas&quot;" />
<method name="getAllDevelopmentInstances" initial="g" htmlFileName="emxSCCEDADevelopmentsBase_mxJPO" containerName="emxSCCEDADevelopmentsBase_mxJPO"  containerType="class" id="333833997" argList="(matrix.db.Context, java.lang.String[])" abstract="" />
<method name="getAllDevelopments" initial="g" htmlFileName="emxSCCEDADevelopmentsBase_mxJPO" containerName="emxSCCEDADevelopmentsBase_mxJPO"  containerType="class" id="-381641950" argList="(matrix.db.Context, java.lang.String[])" abstract="" />
<method name="getAllowDAPathOverrideRangeMap" initial="g" htmlFileName="emxSCCEDADevelopmentsBase_mxJPO" containerName="emxSCCEDADevelopmentsBase_mxJPO"  containerType="class" id="-910183681" argList="(matrix.db.Context, java.lang.String[])" abstract="Get ranges of values for &quot;SCC Allow DA Path Override&quot; attribute." />
<method name="getAllowExternalDARangeMap" initial="g" htmlFileName="emxSCCEDADevelopmentsBase_mxJPO" containerName="emxSCCEDADevelopmentsBase_mxJPO"  containerType="class" id="955099129" argList="(matrix.db.Context, java.lang.String[])" abstract="Get ranges of values for &quot;SCC Allow External DA&quot; attribute." />
<method name="getAssignmentAreas" initial="g" htmlFileName="emxSCCEDADevelopmentsBase_mxJPO" containerName="emxSCCEDADevelopmentsBase_mxJPO"  containerType="class" id="-899158270" argList="(matrix.db.Context, java.lang.String[])" abstract="" />
<method name="getAssignmentToolSuites" initial="g" htmlFileName="emxSCCEDADevelopmentsBase_mxJPO" containerName="emxSCCEDADevelopmentsBase_mxJPO"  containerType="class" id="1918441429" argList="(matrix.db.Context, java.lang.String[])" abstract="" />
<method name="getAssignmentToolSuitesIds" initial="g" htmlFileName="emxSCCEDADevelopmentsBase_mxJPO" containerName="emxSCCEDADevelopmentsBase_mxJPO"  containerType="class" id="1933133825" argList="(matrix.db.Context, java.lang.String[])" abstract="" />
<method name="getAttributeSelectables" initial="g" htmlFileName="emxSCCEDADevelopmentsBase_mxJPO" containerName="emxSCCEDADevelopmentsBase_mxJPO"  containerType="class" id="-1712324202" argList="(matrix.db.Context, java.util.Map&lt;java.lang.String, java.lang.String&gt;)" abstract="Get &quot;selectable&quot; strings for eMatrix attributes in the {xsd properties -&gt; eMatrix attribute} map." />
<method name="getCopiedStoreField" initial="g" htmlFileName="emxSCCEDADevelopmentsBase_mxJPO" containerName="emxSCCEDADevelopmentsBase_mxJPO"  containerType="class" id="359574642" argList="(matrix.db.Context, java.lang.String[])" abstract="" />
<method name="getCopiedStorePathField" initial="g" htmlFileName="emxSCCEDADevelopmentsBase_mxJPO" containerName="emxSCCEDADevelopmentsBase_mxJPO"  containerType="class" id="751550669" argList="(matrix.db.Context, java.lang.String[])" abstract="" />
<method name="getCopiedStoreSelectorField" initial="g" htmlFileName="emxSCCEDADevelopmentsBase_mxJPO" containerName="emxSCCEDADevelopmentsBase_mxJPO"  containerType="class" id="-1628590893" argList="(matrix.db.Context, java.lang.String[])" abstract="" />
<method name="getCopiedVCDocumentField" initial="g" htmlFileName="emxSCCEDADevelopmentsBase_mxJPO" containerName="emxSCCEDADevelopmentsBase_mxJPO"  containerType="class" id="-380373385" argList="(matrix.db.Context, java.lang.String[])" abstract="" />
<method name="getCreatedStoreField" initial="g" htmlFileName="emxSCCEDADevelopmentsBase_mxJPO" containerName="emxSCCEDADevelopmentsBase_mxJPO"  containerType="class" id="-1461115030" argList="(matrix.db.Context, java.lang.String[])" abstract="" />
<method name="getCreatedStorePathField" initial="g" htmlFileName="emxSCCEDADevelopmentsBase_mxJPO" containerName="emxSCCEDADevelopmentsBase_mxJPO"  containerType="class" id="941621189" argList="(matrix.db.Context, java.lang.String[])" abstract="" />
<method name="getCreatedVCDocumentField" initial="g" htmlFileName="emxSCCEDADevelopmentsBase_mxJPO" containerName="emxSCCEDADevelopmentsBase_mxJPO"  containerType="class" id="1216845439" argList="(matrix.db.Context, java.lang.String[])" abstract="" />
<method name="getDevelopmentAndInstancesCheckboxes" initial="g" htmlFileName="emxSCCEDADevelopmentsBase_mxJPO" containerName="emxSCCEDADevelopmentsBase_mxJPO"  containerType="class" id="-1416946084" argList="(matrix.db.Context, java.lang.String[])" abstract="" />
<method name="getDevelopmentAreas" initial="g" htmlFileName="emxSCCEDADevelopmentsBase_mxJPO" containerName="emxSCCEDADevelopmentsBase_mxJPO"  containerType="class" id="-1191702784" argList="(matrix.db.Context, java.lang.String[])" abstract="Get a list of maps of development areas connected to development instances of a development." />
<method name="getDevelopmentAssignments" initial="g" htmlFileName="emxSCCEDADevelopmentsBase_mxJPO" containerName="emxSCCEDADevelopmentsBase_mxJPO"  containerType="class" id="-2015381376" argList="(matrix.db.Context, java.lang.String[])" abstract="" />
<method name="getDevelopmentAssignmentsIds" initial="g" htmlFileName="emxSCCEDADevelopmentsBase_mxJPO" containerName="emxSCCEDADevelopmentsBase_mxJPO"  containerType="class" id="1895588726" argList="(matrix.db.Context, java.lang.String[])" abstract="" />
<method name="getDevelopmentHierarchyExpand" initial="g" htmlFileName="emxSCCEDADevelopmentsBase_mxJPO" containerName="emxSCCEDADevelopmentsBase_mxJPO"  containerType="class" id="-718546199" argList="(matrix.db.Context, java.lang.String[])" abstract="Get a list of maps controlling the &quot;select&quot; box of the hierarchical developments table." />
<method name="getDevelopmentInstanceAreas" initial="g" htmlFileName="emxSCCEDADevelopmentsBase_mxJPO" containerName="emxSCCEDADevelopmentsBase_mxJPO"  containerType="class" id="-495627669" argList="(matrix.db.Context, java.lang.String[])" abstract="Get a list of maps of development areas connected to a development instance." />
<method name="getDevelopmentInstances" initial="g" htmlFileName="emxSCCEDADevelopmentsBase_mxJPO" containerName="emxSCCEDADevelopmentsBase_mxJPO"  containerType="class" id="-1815345544" argList="(matrix.db.Context, java.lang.String[])" abstract="" />
<method name="getDevelopmentSelector" initial="g" htmlFileName="emxSCCEDADevelopmentsBase_mxJPO" containerName="emxSCCEDADevelopmentsBase_mxJPO"  containerType="class" id="1979718531" argList="(matrix.db.Context, java.lang.String[])" abstract="" />
<method name="getDevelopmentSelectorColumnValues" initial="g" htmlFileName="emxSCCEDADevelopmentsBase_mxJPO" containerName="emxSCCEDADevelopmentsBase_mxJPO"  containerType="class" id="-10895941" argList="(matrix.db.Context, java.lang.String[])" abstract="Return selectors of DSFA stores associated with the objects" />
<method name="getDevelopmentSettings" initial="g" htmlFileName="emxSCCEDADevelopmentsBase_mxJPO" containerName="emxSCCEDADevelopmentsBase_mxJPO"  containerType="class" id="2103036871" argList="(matrix.db.Context, java.lang.String[])" abstract="Get a list of maps of development settings connected to a development." />
<method name="getDevelopmentSettingsIds" initial="g" htmlFileName="emxSCCEDADevelopmentsBase_mxJPO" containerName="emxSCCEDADevelopmentsBase_mxJPO"  containerType="class" id="-637159729" argList="(matrix.db.Context, java.lang.String[])" abstract="Get a list of eMatrix object ids for development settings connected to a development." />
<method name="getDevelopmentToolSuites" initial="g" htmlFileName="emxSCCEDADevelopmentsBase_mxJPO" containerName="emxSCCEDADevelopmentsBase_mxJPO"  containerType="class" id="-1250736489" argList="(matrix.db.Context, java.lang.String[])" abstract="" />
<method name="getDevelopmentToolSuitesIds" initial="g" htmlFileName="emxSCCEDADevelopmentsBase_mxJPO" containerName="emxSCCEDADevelopmentsBase_mxJPO"  containerType="class" id="924879359" argList="(matrix.db.Context, java.lang.String[])" abstract="" />
<method name="getDevelopmentUrl" initial="g" htmlFileName="emxSCCEDADevelopmentsBase_mxJPO" containerName="emxSCCEDADevelopmentsBase_mxJPO"  containerType="class" id="554942377" argList="(matrix.db.Context, java.lang.String[])" abstract="" />
<method name="getDevelopmentUrlColumnValues" initial="g" htmlFileName="emxSCCEDADevelopmentsBase_mxJPO" containerName="emxSCCEDADevelopmentsBase_mxJPO"  containerType="class" id="-41264927" argList="(matrix.db.Context, java.lang.String[])" abstract="Return urls of DSFA stores associated with the objects" />
<method name="getDevelopmentValidityColumnValues" initial="g" htmlFileName="emxSCCEDADevelopmentsBase_mxJPO" containerName="emxSCCEDADevelopmentsBase_mxJPO"  containerType="class" id="-1572762994" argList="(matrix.db.Context, java.lang.String[])" abstract="Get &quot;validity&quot; icons for the the table &quot;Developments&quot; column." />
<method name="getDevelopmentValidityField" initial="g" htmlFileName="emxSCCEDADevelopmentsBase_mxJPO" containerName="emxSCCEDADevelopmentsBase_mxJPO"  containerType="class" id="1262665570" argList="(matrix.db.Context, java.lang.String[])" abstract="Get &quot;validity&quot; icon for the the table &quot;Development&quot; property page." />
<method name="getDevInstToolSuites" initial="g" htmlFileName="emxSCCEDADevelopmentsBase_mxJPO" containerName="emxSCCEDADevelopmentsBase_mxJPO"  containerType="class" id="380811863" argList="(matrix.db.Context, java.lang.String[])" abstract="" />
<method name="getDSNavigator" initial="g" htmlFileName="emxSCCEDADevelopmentsBase_mxJPO" containerName="emxSCCEDADevelopmentsBase_mxJPO"  containerType="class" id="-231804431" argList="(java.lang.String, java.lang.String)" abstract="" />
<method name="getGenericStoreField" initial="g" htmlFileName="emxSCCEDADevelopmentsBase_mxJPO" containerName="emxSCCEDADevelopmentsBase_mxJPO"  containerType="class" id="-395486823" argList="(matrix.db.Context, java.lang.String[])" abstract="" />
<method name="getGenericStorePathField" initial="g" htmlFileName="emxSCCEDADevelopmentsBase_mxJPO" containerName="emxSCCEDADevelopmentsBase_mxJPO"  containerType="class" id="-657358220" argList="(matrix.db.Context, java.lang.String[])" abstract="" />
<method name="getGenericStoreSelectorField" initial="g" htmlFileName="emxSCCEDADevelopmentsBase_mxJPO" containerName="emxSCCEDADevelopmentsBase_mxJPO"  containerType="class" id="1767654138" argList="(matrix.db.Context, java.lang.String[])" abstract="" />
<method name="getGenericVCDocumentField" initial="g" htmlFileName="emxSCCEDADevelopmentsBase_mxJPO" containerName="emxSCCEDADevelopmentsBase_mxJPO"  containerType="class" id="-1106875984" argList="(matrix.db.Context, java.lang.String[])" abstract="" />
<method name="getIncludedAssignmentSettingIds" initial="g" htmlFileName="emxSCCEDADevelopmentsBase_mxJPO" containerName="emxSCCEDADevelopmentsBase_mxJPO"  containerType="class" id="-1533453114" argList="(matrix.db.Context, java.lang.String[])" abstract="Get the list of eMatrix &quot;Development Settings&quot; object ids that can be connected to an assignment" />
<method name="getIncludedAssignmentToolSuitesIds" initial="g" htmlFileName="emxSCCEDADevelopmentsBase_mxJPO" containerName="emxSCCEDADevelopmentsBase_mxJPO"  containerType="class" id="-2076505691" argList="(matrix.db.Context, java.lang.String[])" abstract="Get the list of eMatrix &quot;Development Tool Suite&quot; object ids that can be connected to an assignment" />
<method name="getIncludedBusinessRoles" initial="g" htmlFileName="emxSCCEDADevelopmentsBase_mxJPO" containerName="emxSCCEDADevelopmentsBase_mxJPO"  containerType="class" id="697234506" argList="(matrix.db.Context, java.lang.String[])" abstract="Get the list of eMatrix &quot;Business Role&quot; object ids that can be be used by assignments of a &quot;Development&quot;." />
<method name="getIncludedBusinessRolesRange" initial="g" htmlFileName="emxSCCEDADevelopmentsBase_mxJPO" containerName="emxSCCEDADevelopmentsBase_mxJPO"  containerType="class" id="2034075313" argList="(matrix.db.Context, java.lang.String[])" abstract="" />
<method name="getIncludedSettingsIds" initial="g" htmlFileName="emxSCCEDADevelopmentsBase_mxJPO" containerName="emxSCCEDADevelopmentsBase_mxJPO"  containerType="class" id="1096588418" argList="(matrix.db.Context, java.lang.String[])" abstract="" />
<method name="getPlatformRangeMap" initial="g" htmlFileName="emxSCCEDADevelopmentsBase_mxJPO" containerName="emxSCCEDADevelopmentsBase_mxJPO"  containerType="class" id="-1978467225" argList="(matrix.db.Context, java.lang.String[])" abstract="Get ranges of values for &quot;DS Platform&quot; attribute." />
<method name="getRevisedStoreField" initial="g" htmlFileName="emxSCCEDADevelopmentsBase_mxJPO" containerName="emxSCCEDADevelopmentsBase_mxJPO"  containerType="class" id="-533093906" argList="(matrix.db.Context, java.lang.String[])" abstract="" />
<method name="getRevisedStorePathField" initial="g" htmlFileName="emxSCCEDADevelopmentsBase_mxJPO" containerName="emxSCCEDADevelopmentsBase_mxJPO"  containerType="class" id="99063881" argList="(matrix.db.Context, java.lang.String[])" abstract="" />
<method name="getRevisedVCDocumentField" initial="g" htmlFileName="emxSCCEDADevelopmentsBase_mxJPO" containerName="emxSCCEDADevelopmentsBase_mxJPO"  containerType="class" id="867372667" argList="(matrix.db.Context, java.lang.String[])" abstract="" />
<method name="getToolsuiteDevelopments" initial="g" htmlFileName="emxSCCEDADevelopmentsBase_mxJPO" containerName="emxSCCEDADevelopmentsBase_mxJPO"  containerType="class" id="1870728673" argList="(matrix.db.Context, java.lang.String[])" abstract="Get a list of maps of developments connected to a tool suite." />
<method name="hasDevelopmentInstances" initial="h" htmlFileName="emxSCCEDADevelopmentsBase_mxJPO" containerName="emxSCCEDADevelopmentsBase_mxJPO"  containerType="class" id="-1574656068" argList="(matrix.db.Context, java.lang.String[])" abstract="" />
<method name="hasNoDevelopmentInstances" initial="h" htmlFileName="emxSCCEDADevelopmentsBase_mxJPO" containerName="emxSCCEDADevelopmentsBase_mxJPO"  containerType="class" id="-1573104995" argList="(matrix.db.Context, java.lang.String[])" abstract="" />
<method name="isDummyDsfa" initial="i" htmlFileName="emxSCCEDADevelopmentsBase_mxJPO" containerName="emxSCCEDADevelopmentsBase_mxJPO"  containerType="class" id="-1581779769" argList="()" abstract="" />
<method name="joinDevelopmentArea" initial="j" htmlFileName="emxSCCEDADevelopmentsBase_mxJPO" containerName="emxSCCEDADevelopmentsBase_mxJPO"  containerType="class" id="350373469" argList="(matrix.db.Context, java.lang.String[])" abstract="Join a member to a &quot;Development Area&quot;" />
<method name="leaveDevelopmentArea" initial="l" htmlFileName="emxSCCEDADevelopmentsBase_mxJPO" containerName="emxSCCEDADevelopmentsBase_mxJPO"  containerType="class" id="2067257136" argList="(matrix.db.Context, java.lang.String[])" abstract="Join a member to a &quot;Development Area&quot;" />
<method name="removeAssignmentToolSuite" initial="r" htmlFileName="emxSCCEDADevelopmentsBase_mxJPO" containerName="emxSCCEDADevelopmentsBase_mxJPO"  containerType="class" id="-2037491890" argList="(matrix.db.Context, java.lang.String[])" abstract="Disconnect the specified &quot;Development Tool Suite&quot; from the &quot;Development Assignment&quot;." />
<method name="reviseDevelopmentPostProcess" initial="r" htmlFileName="emxSCCEDADevelopmentsBase_mxJPO" containerName="emxSCCEDADevelopmentsBase_mxJPO"  containerType="class" id="-604843765" argList="(matrix.db.Context, java.lang.String[])" abstract="" />
<method name="sendDisableToDS" initial="s" htmlFileName="emxSCCEDADevelopmentsBase_mxJPO" containerName="emxSCCEDADevelopmentsBase_mxJPO"  containerType="class" id="-1237570775" argList="(matrix.db.Context, java.lang.String, java.lang.String)" abstract="" />
<method name="sendUpdateToDS" initial="s" htmlFileName="emxSCCEDADevelopmentsBase_mxJPO" containerName="emxSCCEDADevelopmentsBase_mxJPO"  containerType="class" id="1691578586" argList="(matrix.db.Context, java.lang.String)" abstract="" />
<method name="toggleDevInstState" initial="t" htmlFileName="emxSCCEDADevelopmentsBase_mxJPO" containerName="emxSCCEDADevelopmentsBase_mxJPO"  containerType="class" id="-563261623" argList="(matrix.db.Context, java.lang.String[])" abstract="" />
<method name="updateDevelopmentAssigmentBusinessRole" initial="u" htmlFileName="emxSCCEDADevelopmentsBase_mxJPO" containerName="emxSCCEDADevelopmentsBase_mxJPO"  containerType="class" id="1221935904" argList="(matrix.db.Context, java.lang.String[])" abstract="Update the &quot;Business Role&quot; connected to the &quot;Development Assignment&quot;" />
<method name="updateDevelopmentAssigmentSetting" initial="u" htmlFileName="emxSCCEDADevelopmentsBase_mxJPO" containerName="emxSCCEDADevelopmentsBase_mxJPO"  containerType="class" id="90575268" argList="(matrix.db.Context, java.lang.String[])" abstract="Update the &quot;Development Setting&quot; connected to the &quot;Development Assignment&quot;." />
<method name="updateDevelopmentAssigmentSetting2" initial="u" htmlFileName="emxSCCEDADevelopmentsBase_mxJPO" containerName="emxSCCEDADevelopmentsBase_mxJPO"  containerType="class" id="1893023788" argList="(matrix.db.Context, java.lang.String[])" abstract="Update the &quot;Development Setting&quot; connected to the &quot;Development Assignment&quot;." />
<method name="updateDevInstServer" initial="u" htmlFileName="emxSCCEDADevelopmentsBase_mxJPO" containerName="emxSCCEDADevelopmentsBase_mxJPO"  containerType="class" id="-368250028" argList="(matrix.db.Context, java.lang.String[])" abstract="Connect the specified &quot;DesignSync Server&quot; to the &quot;Development Instance&quot;." />
<constructor name="emxSCCEDADevelopmentsBase_mxJPO" initial="e" htmlFileName="emxSCCEDADevelopmentsBase_mxJPO" containerName="emxSCCEDADevelopmentsBase_mxJPO"  containerType="class" id="1225593937" argList="(matrix.db.Context, java.lang.String[])" abstract="" />
<class name="emxSCCEDADevelopments_mxJPO" initial="e" htmlFileName="emxSCCEDADevelopments_mxJPO"  fatherClass="emxSCCEDADevelopmentsBase_mxJPO" fatherId="170156562" fatherType="class"  DSCharacteristic="class" id="-914997215" abstract="" packageName="NoPackage" packagePath="" packageAbstract="" />
<constructor name="emxSCCEDADevelopments_mxJPO" initial="e" htmlFileName="emxSCCEDADevelopments_mxJPO" containerName="emxSCCEDADevelopments_mxJPO"  containerType="class" id="-1819314590" argList="(matrix.db.Context, java.lang.String[])" abstract="" />
<class name="emxSCCEDA_mxJPO" initial="e" htmlFileName="emxSCCEDA_mxJPO"  fatherClass="emxSCCEDABase_mxJPO" fatherId="219388378" fatherType="class"  DSCharacteristic="class" id="1476959209" abstract="" packageName="NoPackage" packagePath="" packageAbstract="" />
<method name="mapUserNameEmailToDesignSync" initial="m" htmlFileName="emxSCCEDA_mxJPO" containerName="emxSCCEDA_mxJPO"  containerType="class" id="391611453" argList="(matrix.db.Context, java.util.Map&lt;java.lang.String, java.lang.String&gt;)" abstract="Default mapping Enovia username/email pairs to DesignSync username/email pairs" />
<method name="mapUserNameFromDesignSync" initial="m" htmlFileName="emxSCCEDA_mxJPO" containerName="emxSCCEDA_mxJPO"  containerType="class" id="-1681449388" argList="(matrix.db.Context, java.lang.String)" abstract="Default mapping from DS users to Enovia users." />
<constructor name="emxSCCEDA_mxJPO" initial="e" htmlFileName="emxSCCEDA_mxJPO" containerName="emxSCCEDA_mxJPO"  containerType="class" id="-493809254" argList="(matrix.db.Context, java.lang.String[])" abstract="" />
<class name="emxSCCEDASettingsBase_mxJPO" initial="e" htmlFileName="emxSCCEDASettingsBase_mxJPO"  fatherClass="Object" fatherId="2090827426" fatherType="class"  DSCharacteristic="class" id="-1830676195" abstract="" packageName="NoPackage" packagePath="" packageAbstract="" />
<method name="connectSettingsToDevelopment" initial="c" htmlFileName="emxSCCEDASettingsBase_mxJPO" containerName="emxSCCEDASettingsBase_mxJPO"  containerType="class" id="518297618" argList="(matrix.db.Context, java.lang.String[])" abstract="Add multiple Development Settings to a Development." />
<method name="createAttached" initial="c" htmlFileName="emxSCCEDASettingsBase_mxJPO" containerName="emxSCCEDASettingsBase_mxJPO"  containerType="class" id="1271567167" argList="(matrix.db.Context, java.lang.String[])" abstract="" />
<method name="createStandAlone" initial="c" htmlFileName="emxSCCEDASettingsBase_mxJPO" containerName="emxSCCEDASettingsBase_mxJPO"  containerType="class" id="-406861632" argList="(matrix.db.Context, java.lang.String[])" abstract="" />
<method name="deleteSettingfromCheckTrigger" initial="d" htmlFileName="emxSCCEDASettingsBase_mxJPO" containerName="emxSCCEDASettingsBase_mxJPO"  containerType="class" id="-943108354" argList="(matrix.db.Context, java.lang.String, java.lang.String, java.lang.String)" abstract="" />
<method name="deleteSettingfromDevelopment" initial="d" htmlFileName="emxSCCEDASettingsBase_mxJPO" containerName="emxSCCEDASettingsBase_mxJPO"  containerType="class" id="-193447189" argList="(matrix.db.Context, java.lang.String[])" abstract="Delete the selected Setting(s) from the development" />
<method name="displayState" initial="d" htmlFileName="emxSCCEDASettingsBase_mxJPO" containerName="emxSCCEDASettingsBase_mxJPO"  containerType="class" id="-962726034" argList="(matrix.db.Context, java.lang.String[])" abstract="" />
<method name="dummyUpdate" initial="d" htmlFileName="emxSCCEDASettingsBase_mxJPO" containerName="emxSCCEDASettingsBase_mxJPO"  containerType="class" id="437293584" argList="(matrix.db.Context, java.lang.String[])" abstract="" />
<method name="editSetting" initial="e" htmlFileName="emxSCCEDASettingsBase_mxJPO" containerName="emxSCCEDASettingsBase_mxJPO"  containerType="class" id="1145954661" argList="(matrix.db.Context, java.lang.String[])" abstract="" />
<method name="getIsDefaultColumnValues" initial="g" htmlFileName="emxSCCEDASettingsBase_mxJPO" containerName="emxSCCEDASettingsBase_mxJPO"  containerType="class" id="-1854077896" argList="(matrix.db.Context, java.lang.String[])" abstract="" />
<method name="getIsDefaultRadioDefault" initial="g" htmlFileName="emxSCCEDASettingsBase_mxJPO" containerName="emxSCCEDASettingsBase_mxJPO"  containerType="class" id="-22895130" argList="(matrix.db.Context, java.lang.String[])" abstract="" />
<method name="getMirrorRadioDefault" initial="g" htmlFileName="emxSCCEDASettingsBase_mxJPO" containerName="emxSCCEDASettingsBase_mxJPO"  containerType="class" id="-522649702" argList="(matrix.db.Context, java.lang.String[])" abstract="" />
<method name="getSettingDevelopments" initial="g" htmlFileName="emxSCCEDASettingsBase_mxJPO" containerName="emxSCCEDASettingsBase_mxJPO"  containerType="class" id="1857876561" argList="(matrix.db.Context, java.lang.String[])" abstract="" />
<method name="getSettingOIDsFromDevelopment" initial="g" htmlFileName="emxSCCEDASettingsBase_mxJPO" containerName="emxSCCEDASettingsBase_mxJPO"  containerType="class" id="1765446669" argList="(matrix.db.Context, java.lang.String[])" abstract="" />
<method name="getYesNoRange" initial="g" htmlFileName="emxSCCEDASettingsBase_mxJPO" containerName="emxSCCEDASettingsBase_mxJPO"  containerType="class" id="-1029680758" argList="(matrix.db.Context, java.lang.String[])" abstract="" />
<method name="isDependentField" initial="i" htmlFileName="emxSCCEDASettingsBase_mxJPO" containerName="emxSCCEDASettingsBase_mxJPO"  containerType="class" id="1676804996" argList="(matrix.db.Context, java.lang.String[])" abstract="Controls access to fields on the Create Development Setting form." />
<method name="makeBranchState" initial="m" htmlFileName="emxSCCEDASettingsBase_mxJPO" containerName="emxSCCEDASettingsBase_mxJPO"  containerType="class" id="-393901120" argList="(matrix.db.Context, java.lang.String[])" abstract="Change the Setting state to Make Branch" />
<method name="makeCopyState" initial="m" htmlFileName="emxSCCEDASettingsBase_mxJPO" containerName="emxSCCEDASettingsBase_mxJPO"  containerType="class" id="1504355405" argList="(matrix.db.Context, java.lang.String[])" abstract="Change the Setting state to Make Copy" />
<method name="makeDefaultSetting" initial="m" htmlFileName="emxSCCEDASettingsBase_mxJPO" containerName="emxSCCEDASettingsBase_mxJPO"  containerType="class" id="-1167618852" argList="(matrix.db.Context, java.lang.String[])" abstract="Make the selected Setting the default and reset all others" />
<method name="promoteDemoteSettingCheckTrigger" initial="p" htmlFileName="emxSCCEDASettingsBase_mxJPO" containerName="emxSCCEDASettingsBase_mxJPO"  containerType="class" id="-1394704789" argList="(matrix.db.Context, java.lang.String)" abstract="" />
<method name="referenceState" initial="r" htmlFileName="emxSCCEDASettingsBase_mxJPO" containerName="emxSCCEDASettingsBase_mxJPO"  containerType="class" id="1152013445" argList="(matrix.db.Context, java.lang.String[])" abstract="Change the Setting state to Reference" />
<method name="removeSettingfromDevelopment" initial="r" htmlFileName="emxSCCEDASettingsBase_mxJPO" containerName="emxSCCEDASettingsBase_mxJPO"  containerType="class" id="2000297732" argList="(matrix.db.Context, java.lang.String[])" abstract="Remove the selected Setting from the development" />
<method name="removeSettingfromDevelopments" initial="r" htmlFileName="emxSCCEDASettingsBase_mxJPO" containerName="emxSCCEDASettingsBase_mxJPO"  containerType="class" id="460519693" argList="(matrix.db.Context, java.lang.String[])" abstract="Remove the Setting from the selected Development(s)" />
<method name="revise" initial="r" htmlFileName="emxSCCEDASettingsBase_mxJPO" containerName="emxSCCEDASettingsBase_mxJPO"  containerType="class" id="1697478007" argList="(matrix.db.Context, java.lang.String[])" abstract="" />
<method name="shouldDisplayIsDefaultField" initial="s" htmlFileName="emxSCCEDASettingsBase_mxJPO" containerName="emxSCCEDASettingsBase_mxJPO"  containerType="class" id="933736305" argList="(matrix.db.Context, java.lang.String[])" abstract="" />
<constructor name="emxSCCEDASettingsBase_mxJPO" initial="e" htmlFileName="emxSCCEDASettingsBase_mxJPO" containerName="emxSCCEDASettingsBase_mxJPO"  containerType="class" id="-2054224410" argList="(matrix.db.Context, java.lang.String[])" abstract="" />
<class name="emxSCCEDASettings_mxJPO" initial="e" htmlFileName="emxSCCEDASettings_mxJPO"  fatherClass="emxSCCEDASettingsBase_mxJPO" fatherId="-1830676195" fatherType="class"  DSCharacteristic="class" id="-1272499028" abstract="" packageName="NoPackage" packagePath="" packageAbstract="" />
<constructor name="emxSCCEDASettings_mxJPO" initial="e" htmlFileName="emxSCCEDASettings_mxJPO" containerName="emxSCCEDASettings_mxJPO"  containerType="class" id="1955297911" argList="(matrix.db.Context, java.lang.String[])" abstract="" />
<class name="emxSCCEDASyncServersBase_mxJPO" initial="e" htmlFileName="emxSCCEDASyncServersBase_mxJPO"  fatherClass="Object" fatherId="2090827426" fatherType="class"  DSCharacteristic="class" id="649364945" abstract="" packageName="NoPackage" packagePath="" packageAbstract="" />
<method name="addToolSuitesToServer" initial="a" htmlFileName="emxSCCEDASyncServersBase_mxJPO" containerName="emxSCCEDASyncServersBase_mxJPO"  containerType="class" id="1346862577" argList="(matrix.db.Context, java.lang.String[])" abstract="Callback to add existing Tool Suites to a Server." />
<method name="getAllAreasForDevelopmentInstance" initial="g" htmlFileName="emxSCCEDASyncServersBase_mxJPO" containerName="emxSCCEDASyncServersBase_mxJPO"  containerType="class" id="105836449" argList="(matrix.db.Context, java.lang.String)" abstract="Returns development areas for given development instance" />
<method name="getAllDevelopmentAreas" initial="g" htmlFileName="emxSCCEDASyncServersBase_mxJPO" containerName="emxSCCEDASyncServersBase_mxJPO"  containerType="class" id="-1931771371" argList="(matrix.db.Context, java.lang.String[])" abstract="Returns development areas for given server" />
<method name="getAllDevelopmentInstances" initial="g" htmlFileName="emxSCCEDASyncServersBase_mxJPO" containerName="emxSCCEDASyncServersBase_mxJPO"  containerType="class" id="333833997" argList="(matrix.db.Context, java.lang.String[])" abstract="Returns development instances for given server" />
<method name="getOrganizationToolSuiteIDs" initial="g" htmlFileName="emxSCCEDASyncServersBase_mxJPO" containerName="emxSCCEDASyncServersBase_mxJPO"  containerType="class" id="1773828928" argList="(matrix.db.Context, java.lang.String[])" abstract="Returns toolsuites for given server as a list of IDs" />
<method name="getParamMap" initial="g" htmlFileName="emxSCCEDASyncServersBase_mxJPO" containerName="emxSCCEDASyncServersBase_mxJPO"  containerType="class" id="-1860454012" argList="(java.util.Map&lt;java.lang.String, ?&gt;)" abstract="" />
<method name="getRequestMap" initial="g" htmlFileName="emxSCCEDASyncServersBase_mxJPO" containerName="emxSCCEDASyncServersBase_mxJPO"  containerType="class" id="1680035522" argList="(java.util.Map&lt;java.lang.String, ?&gt;)" abstract="" />
<method name="getToolSuiteIDs" initial="g" htmlFileName="emxSCCEDASyncServersBase_mxJPO" containerName="emxSCCEDASyncServersBase_mxJPO"  containerType="class" id="1298760045" argList="(matrix.db.Context, java.lang.String[])" abstract="Returns toolsuites for given server as a list of IDs" />
<method name="getToolSuites" initial="g" htmlFileName="emxSCCEDASyncServersBase_mxJPO" containerName="emxSCCEDASyncServersBase_mxJPO"  containerType="class" id="-619775320" argList="(matrix.db.Context, java.lang.String[])" abstract="Returns toolsuites for given server" />
<method name="removeToolSuitesFromServer" initial="r" htmlFileName="emxSCCEDASyncServersBase_mxJPO" containerName="emxSCCEDASyncServersBase_mxJPO"  containerType="class" id="-1202911421" argList="(matrix.db.Context, java.lang.String[])" abstract="Callback to remove Tool Suites from a Server." />
<constructor name="emxSCCEDASyncServersBase_mxJPO" initial="e" htmlFileName="emxSCCEDASyncServersBase_mxJPO" containerName="emxSCCEDASyncServersBase_mxJPO"  containerType="class" id="-1213785422" argList="(matrix.db.Context, java.lang.String[])" abstract="" />
<class name="emxSCCEDASyncServers_mxJPO" initial="e" htmlFileName="emxSCCEDASyncServers_mxJPO"  fatherClass="emxSCCEDASyncServersBase_mxJPO" fatherId="649364945" fatherType="class"  DSCharacteristic="class" id="-621536416" abstract="" packageName="NoPackage" packagePath="" packageAbstract="" />
<constructor name="emxSCCEDASyncServers_mxJPO" initial="e" htmlFileName="emxSCCEDASyncServers_mxJPO" containerName="emxSCCEDASyncServers_mxJPO"  containerType="class" id="69588291" argList="(matrix.db.Context, java.lang.String[])" abstract="" />
<class name="emxSCCEDAToolsBase_mxJPO" initial="e" htmlFileName="emxSCCEDAToolsBase_mxJPO"  fatherClass="Object" fatherId="2090827426" fatherType="class"  DSCharacteristic="class" id="-1515217417" abstract="" packageName="NoPackage" packagePath="" packageAbstract="" />
<method name="addExistingTools" initial="a" htmlFileName="emxSCCEDAToolsBase_mxJPO" containerName="emxSCCEDAToolsBase_mxJPO"  containerType="class" id="196016750" argList="(matrix.db.Context, java.lang.String[])" abstract="Add tools selected from a table to a tool suite." />
<method name="getIsGraphicalRange" initial="g" htmlFileName="emxSCCEDAToolsBase_mxJPO" containerName="emxSCCEDAToolsBase_mxJPO"  containerType="class" id="223762345" argList="(matrix.db.Context, java.lang.String[])" abstract="Get the set of choices for the Is Graphical attribute." />
<method name="getParamMap" initial="g" htmlFileName="emxSCCEDAToolsBase_mxJPO" containerName="emxSCCEDAToolsBase_mxJPO"  containerType="class" id="-1860454012" argList="(java.util.Map&lt;java.lang.String, ?&gt;)" abstract="" />
<method name="getRequestMap" initial="g" htmlFileName="emxSCCEDAToolsBase_mxJPO" containerName="emxSCCEDAToolsBase_mxJPO"  containerType="class" id="1680035522" argList="(java.util.Map&lt;java.lang.String, ?&gt;)" abstract="" />
<method name="getToolSuitesFromTool" initial="g" htmlFileName="emxSCCEDAToolsBase_mxJPO" containerName="emxSCCEDAToolsBase_mxJPO"  containerType="class" id="1003055658" argList="(matrix.db.Context, java.lang.String[])" abstract="Get the DesignSync tools suites associated with a DesignSync tool." />
<constructor name="emxSCCEDAToolsBase_mxJPO" initial="e" htmlFileName="emxSCCEDAToolsBase_mxJPO" containerName="emxSCCEDAToolsBase_mxJPO"  containerType="class" id="733999564" argList="(matrix.db.Context, java.lang.String[])" abstract="" />
<class name="emxSCCEDATools_mxJPO" initial="e" htmlFileName="emxSCCEDATools_mxJPO"  fatherClass="emxSCCEDAToolsBase_mxJPO" fatherId="-1515217417" fatherType="class"  DSCharacteristic="class" id="2010986118" abstract="" packageName="NoPackage" packagePath="" packageAbstract="" />
<constructor name="emxSCCEDATools_mxJPO" initial="e" htmlFileName="emxSCCEDATools_mxJPO" containerName="emxSCCEDATools_mxJPO"  containerType="class" id="-1238742691" argList="(matrix.db.Context, java.lang.String[])" abstract="" />
<class name="emxSCCEDAToolSuitesBase_mxJPO" initial="e" htmlFileName="emxSCCEDAToolSuitesBase_mxJPO"  fatherClass="Object" fatherId="2090827426" fatherType="class"  DSCharacteristic="class" id="-1483465363" abstract="" packageName="NoPackage" packagePath="" packageAbstract="" />
<method name="addToolSuitesToOrganization" initial="a" htmlFileName="emxSCCEDAToolSuitesBase_mxJPO" containerName="emxSCCEDAToolSuitesBase_mxJPO"  containerType="class" id="-1532330847" argList="(matrix.db.Context, java.lang.String[])" abstract="Add Tool Suites to an Organization." />
<method name="createToolSuite" initial="c" htmlFileName="emxSCCEDAToolSuitesBase_mxJPO" containerName="emxSCCEDAToolSuitesBase_mxJPO"  containerType="class" id="-1661203677" argList="(matrix.db.Context, java.lang.String[])" abstract="Post-process for Create Tool Suite from a Server&apos;s Tool Suites page." />
<method name="createToolSuitePostProcess" initial="c" htmlFileName="emxSCCEDAToolSuitesBase_mxJPO" containerName="emxSCCEDAToolSuitesBase_mxJPO"  containerType="class" id="-712730902" argList="(matrix.db.Context, java.lang.String[])" abstract="" />
<method name="deleteToolSuites" initial="d" htmlFileName="emxSCCEDAToolSuitesBase_mxJPO" containerName="emxSCCEDAToolSuitesBase_mxJPO"  containerType="class" id="-980325187" argList="(matrix.db.Context, java.lang.String[])" abstract="Delete Tool Suites." />
<method name="editToolSuite" initial="e" htmlFileName="emxSCCEDAToolSuitesBase_mxJPO" containerName="emxSCCEDAToolSuitesBase_mxJPO"  containerType="class" id="80617941" argList="(matrix.db.Context, java.lang.String[])" abstract="Modify an existing DesignSync tool suite." />
<method name="getAllToolSuites" initial="g" htmlFileName="emxSCCEDAToolSuitesBase_mxJPO" containerName="emxSCCEDAToolSuitesBase_mxJPO"  containerType="class" id="-285761155" argList="(matrix.db.Context, java.lang.String[])" abstract="" />
<method name="getDesignToolSuiteType" initial="g" htmlFileName="emxSCCEDAToolSuitesBase_mxJPO" containerName="emxSCCEDAToolSuitesBase_mxJPO"  containerType="class" id="-978970683" argList="(matrix.db.Context, java.lang.String[])" abstract="Construct the field for obtaining a tool suite type." />
<method name="getOtherToolSuiteRevisions" initial="g" htmlFileName="emxSCCEDAToolSuitesBase_mxJPO" containerName="emxSCCEDAToolSuitesBase_mxJPO"  containerType="class" id="-30798063" argList="(matrix.db.Context, java.lang.String[])" abstract="Get the other DesignSync tool suite revisions of a DesignSync tool suite." />
<method name="getToolIDsFromToolSuite" initial="g" htmlFileName="emxSCCEDAToolSuitesBase_mxJPO" containerName="emxSCCEDAToolSuitesBase_mxJPO"  containerType="class" id="1188019819" argList="(matrix.db.Context, java.lang.String[])" abstract="Return the IDs of the DesignSync tools associated with a DesignSync tool" />
<method name="getToolsFromToolSuite" initial="g" htmlFileName="emxSCCEDAToolSuitesBase_mxJPO" containerName="emxSCCEDAToolSuitesBase_mxJPO"  containerType="class" id="1672719888" argList="(matrix.db.Context, java.lang.String[])" abstract="Get the DesignSync tools associated with a DesignSync tool suite." />
<method name="getToolSuiteIDsFromOrganization" initial="g" htmlFileName="emxSCCEDAToolSuitesBase_mxJPO" containerName="emxSCCEDAToolSuitesBase_mxJPO"  containerType="class" id="634176906" argList="(matrix.db.Context, java.lang.String[])" abstract="Return the IDs of the DesignSync tool suites associated with an" />
<method name="getToolSuiteOrganizations" initial="g" htmlFileName="emxSCCEDAToolSuitesBase_mxJPO" containerName="emxSCCEDAToolSuitesBase_mxJPO"  containerType="class" id="135124149" argList="(matrix.db.Context, java.lang.String[])" abstract="" />
<method name="getToolSuiteOrganizationsColumnValues" initial="g" htmlFileName="emxSCCEDAToolSuitesBase_mxJPO" containerName="emxSCCEDAToolSuitesBase_mxJPO"  containerType="class" id="724646893" argList="(matrix.db.Context, java.lang.String[])" abstract="" />
<method name="getToolSuiteOrganizationsIds" initial="g" htmlFileName="emxSCCEDAToolSuitesBase_mxJPO" containerName="emxSCCEDAToolSuitesBase_mxJPO"  containerType="class" id="-421470431" argList="(matrix.db.Context, java.lang.String[])" abstract="Get the list of eMatrix &quot;Development Tool Suite&quot; object ids that can be connected to an assignment" />
<method name="getToolSuiteRevisions" initial="g" htmlFileName="emxSCCEDAToolSuitesBase_mxJPO" containerName="emxSCCEDAToolSuitesBase_mxJPO"  containerType="class" id="-1355609587" argList="(matrix.db.Context, java.lang.String[])" abstract="Get the DesignSync tool suite revisions of a DesignSync tool suite." />
<method name="getToolSuitesFromOrganization" initial="g" htmlFileName="emxSCCEDAToolSuitesBase_mxJPO" containerName="emxSCCEDAToolSuitesBase_mxJPO"  containerType="class" id="-1434031931" argList="(matrix.db.Context, java.lang.String[])" abstract="Get the DesignSync tool suites associated with an organization." />
<method name="makeToolSuiteActive" initial="m" htmlFileName="emxSCCEDAToolSuitesBase_mxJPO" containerName="emxSCCEDAToolSuitesBase_mxJPO"  containerType="class" id="-1709274089" argList="(matrix.db.Context, java.lang.String[])" abstract="Make a tool suite active." />
<method name="makeToolSuiteInactive" initial="m" htmlFileName="emxSCCEDAToolSuitesBase_mxJPO" containerName="emxSCCEDAToolSuitesBase_mxJPO"  containerType="class" id="413945596" argList="(matrix.db.Context, java.lang.String[])" abstract="Make a tool suite inactive." />
<method name="makeToolSuiteInactiveCheck" initial="m" htmlFileName="emxSCCEDAToolSuitesBase_mxJPO" containerName="emxSCCEDAToolSuitesBase_mxJPO"  containerType="class" id="156357898" argList="(matrix.db.Context, java.lang.String)" abstract="Check to see if a Tool Suite can be made inactive." />
<method name="modifyToolSuiteCheck" initial="m" htmlFileName="emxSCCEDAToolSuitesBase_mxJPO" containerName="emxSCCEDAToolSuitesBase_mxJPO"  containerType="class" id="-1698670463" argList="(matrix.db.Context, matrix.util.StringList, boolean)" abstract="Used by Tool and Tool Suite triggers to find those Development Instances" />
<method name="reviseToolSuite" initial="r" htmlFileName="emxSCCEDAToolSuitesBase_mxJPO" containerName="emxSCCEDAToolSuitesBase_mxJPO"  containerType="class" id="-596552025" argList="(matrix.db.Context, java.lang.String[])" abstract="Create a new revision of a DesignSync tool suite." />
<constructor name="emxSCCEDAToolSuitesBase_mxJPO" initial="e" htmlFileName="emxSCCEDAToolSuitesBase_mxJPO" containerName="emxSCCEDAToolSuitesBase_mxJPO"  containerType="class" id="-72755306" argList="(matrix.db.Context, java.lang.String[])" abstract="" />
<class name="emxSCCEDAToolSuites_mxJPO" initial="e" htmlFileName="emxSCCEDAToolSuites_mxJPO"  fatherClass="emxSCCEDAToolSuitesBase_mxJPO" fatherId="-1483465363" fatherType="class"  DSCharacteristic="class" id="-1935154948" abstract="" packageName="NoPackage" packagePath="" packageAbstract="" />
<constructor name="emxSCCEDAToolSuites_mxJPO" initial="e" htmlFileName="emxSCCEDAToolSuites_mxJPO" containerName="emxSCCEDAToolSuites_mxJPO"  containerType="class" id="179479591" argList="(matrix.db.Context, java.lang.String[])" abstract="" />
<class name="emxSCCEDATriggersBase_mxJPO" initial="e" htmlFileName="emxSCCEDATriggersBase_mxJPO"  fatherClass="Object" fatherId="2090827426" fatherType="class"  DSCharacteristic="class" id="149696181" abstract="" packageName="NoPackage" packagePath="" packageAbstract="" />
<method name="markDevelopmentInstanceDirty" initial="m" htmlFileName="emxSCCEDATriggersBase_mxJPO" containerName="emxSCCEDATriggersBase_mxJPO"  containerType="class" id="-1903934162" argList="(matrix.db.Context, java.lang.String)" abstract="" />
<method name="markDevelopmentInstancesDirty" initial="m" htmlFileName="emxSCCEDATriggersBase_mxJPO" containerName="emxSCCEDATriggersBase_mxJPO"  containerType="class" id="1882448961" argList="(matrix.db.Context, com.matrixone.apps.domain.util.MapList)" abstract="" />
<method name="markDevelopmentInstancesDirty" initial="m" htmlFileName="emxSCCEDATriggersBase_mxJPO" containerName="emxSCCEDATriggersBase_mxJPO"  containerType="class" id="1882448961" argList="(matrix.db.Context, matrix.util.StringList)" abstract="" />
<method name="policyDesignToolSuitePromoteCheck" initial="p" htmlFileName="emxSCCEDATriggersBase_mxJPO" containerName="emxSCCEDATriggersBase_mxJPO"  containerType="class" id="566144599" argList="(matrix.db.Context, java.lang.String[])" abstract="" />
<method name="policyDesignToolSuitePromoteDemoteAction" initial="p" htmlFileName="emxSCCEDATriggersBase_mxJPO" containerName="emxSCCEDATriggersBase_mxJPO"  containerType="class" id="375317657" argList="(matrix.db.Context, java.lang.String[])" abstract="" />
<method name="policyDevelopmentInstancePromoteDemoteAction" initial="p" htmlFileName="emxSCCEDATriggersBase_mxJPO" containerName="emxSCCEDATriggersBase_mxJPO"  containerType="class" id="383616523" argList="(matrix.db.Context, java.lang.String[])" abstract="" />
<method name="policyDevelopmentInstancePromoteDemoteCheck" initial="p" htmlFileName="emxSCCEDATriggersBase_mxJPO" containerName="emxSCCEDATriggersBase_mxJPO"  containerType="class" id="1430880113" argList="(matrix.db.Context, java.lang.String[])" abstract="" />
<method name="policyDevelopmentSettingPromoteDemoteAction" initial="p" htmlFileName="emxSCCEDATriggersBase_mxJPO" containerName="emxSCCEDATriggersBase_mxJPO"  containerType="class" id="1445943394" argList="(matrix.db.Context, java.lang.String[])" abstract="" />
<method name="policyDevelopmentSettingPromoteDemoteCheck" initial="p" htmlFileName="emxSCCEDATriggersBase_mxJPO" containerName="emxSCCEDATriggersBase_mxJPO"  containerType="class" id="1742243386" argList="(matrix.db.Context, java.lang.String[])" abstract="" />
<method name="relationshipDesignSyncServerToolSuiteCreateDeleteAction" initial="r" htmlFileName="emxSCCEDATriggersBase_mxJPO" containerName="emxSCCEDATriggersBase_mxJPO"  containerType="class" id="-271788888" argList="(matrix.db.Context, java.lang.String[])" abstract="" />
<method name="relationshipDesignToolCreateDeleteAction" initial="r" htmlFileName="emxSCCEDATriggersBase_mxJPO" containerName="emxSCCEDATriggersBase_mxJPO"  containerType="class" id="-829330742" argList="(matrix.db.Context, java.lang.String[])" abstract="" />
<method name="relationshipDevelopmentAssignmentCreateDeleteAction" initial="r" htmlFileName="emxSCCEDATriggersBase_mxJPO" containerName="emxSCCEDATriggersBase_mxJPO"  containerType="class" id="-1757301620" argList="(matrix.db.Context, java.lang.String[])" abstract="" />
<method name="relationshipDevelopmentAssignmentSettingCreateDeleteAction" initial="r" htmlFileName="emxSCCEDATriggersBase_mxJPO" containerName="emxSCCEDATriggersBase_mxJPO"  containerType="class" id="1289668252" argList="(matrix.db.Context, java.lang.String[])" abstract="" />
<method name="relationshipDevelopmentAssignmentToolSuiteCreateDeleteAction" initial="r" htmlFileName="emxSCCEDATriggersBase_mxJPO" containerName="emxSCCEDATriggersBase_mxJPO"  containerType="class" id="556745868" argList="(matrix.db.Context, java.lang.String[])" abstract="" />
<method name="relationshipDevelopmentSettingCreateDeleteAction" initial="r" htmlFileName="emxSCCEDATriggersBase_mxJPO" containerName="emxSCCEDATriggersBase_mxJPO"  containerType="class" id="-2056405207" argList="(matrix.db.Context, java.lang.String[])" abstract="" />
<method name="relationshipDevelopmentSettingDeleteCheck" initial="r" htmlFileName="emxSCCEDATriggersBase_mxJPO" containerName="emxSCCEDATriggersBase_mxJPO"  containerType="class" id="1898863471" argList="(matrix.db.Context, java.lang.String[])" abstract="" />
<method name="relationshipDevelopmentToolSuiteCreateDeleteAction" initial="r" htmlFileName="emxSCCEDATriggersBase_mxJPO" containerName="emxSCCEDATriggersBase_mxJPO"  containerType="class" id="1910656473" argList="(matrix.db.Context, java.lang.String[])" abstract="" />
<method name="relationshipOrganizationToolSuiteCreateDeleteAction" initial="r" htmlFileName="emxSCCEDATriggersBase_mxJPO" containerName="emxSCCEDATriggersBase_mxJPO"  containerType="class" id="12700977" argList="(matrix.db.Context, java.lang.String[])" abstract="" />
<method name="typeDesignSyncServerDeleteCheck" initial="t" htmlFileName="emxSCCEDATriggersBase_mxJPO" containerName="emxSCCEDATriggersBase_mxJPO"  containerType="class" id="-653375162" argList="(matrix.db.Context, java.lang.String[])" abstract="" />
<method name="typeDesignToolModifyAction" initial="t" htmlFileName="emxSCCEDATriggersBase_mxJPO" containerName="emxSCCEDATriggersBase_mxJPO"  containerType="class" id="1009898367" argList="(matrix.db.Context, java.lang.String[])" abstract="" />
<method name="typeDesignToolSuiteDeleteCheck" initial="t" htmlFileName="emxSCCEDATriggersBase_mxJPO" containerName="emxSCCEDATriggersBase_mxJPO"  containerType="class" id="-35252748" argList="(matrix.db.Context, java.lang.String[])" abstract="" />
<method name="typeDesignToolSuiteModifyAction" initial="t" htmlFileName="emxSCCEDATriggersBase_mxJPO" containerName="emxSCCEDATriggersBase_mxJPO"  containerType="class" id="-1214942793" argList="(matrix.db.Context, java.lang.String[])" abstract="" />
<method name="typeDevelopmentAssignmentDeleteCheck" initial="t" htmlFileName="emxSCCEDATriggersBase_mxJPO" containerName="emxSCCEDATriggersBase_mxJPO"  containerType="class" id="-149609362" argList="(matrix.db.Context, java.lang.String[])" abstract="" />
<method name="typeDevelopmentAssignmentModifyAction" initial="t" htmlFileName="emxSCCEDATriggersBase_mxJPO" containerName="emxSCCEDATriggersBase_mxJPO"  containerType="class" id="-465030531" argList="(matrix.db.Context, java.lang.String[])" abstract="" />
<method name="typeDevelopmentDeleteCheck" initial="t" htmlFileName="emxSCCEDATriggersBase_mxJPO" containerName="emxSCCEDATriggersBase_mxJPO"  containerType="class" id="1620468283" argList="(matrix.db.Context, java.lang.String[])" abstract="" />
<method name="typeDevelopmentInstanceDeleteAction" initial="t" htmlFileName="emxSCCEDATriggersBase_mxJPO" containerName="emxSCCEDATriggersBase_mxJPO"  containerType="class" id="226016950" argList="(matrix.db.Context, java.lang.String[])" abstract="" />
<method name="typeDevelopmentInstanceDeleteCheckAreas" initial="t" htmlFileName="emxSCCEDATriggersBase_mxJPO" containerName="emxSCCEDATriggersBase_mxJPO"  containerType="class" id="-272844450" argList="(matrix.db.Context, java.lang.String[])" abstract="" />
<method name="typeDevelopmentInstanceDeleteCheckServer" initial="t" htmlFileName="emxSCCEDATriggersBase_mxJPO" containerName="emxSCCEDATriggersBase_mxJPO"  containerType="class" id="80749961" argList="(matrix.db.Context, java.lang.String[])" abstract="" />
<method name="typeDevelopmentInstanceTransactionAction" initial="t" htmlFileName="emxSCCEDATriggersBase_mxJPO" containerName="emxSCCEDATriggersBase_mxJPO"  containerType="class" id="2057140349" argList="(matrix.db.Context, java.lang.String[])" abstract="" />
<method name="typeDevelopmentModifyAction" initial="t" htmlFileName="emxSCCEDATriggersBase_mxJPO" containerName="emxSCCEDATriggersBase_mxJPO"  containerType="class" id="-1427198384" argList="(matrix.db.Context, java.lang.String[])" abstract="" />
<method name="typeDevelopmentSettingModifyAction" initial="t" htmlFileName="emxSCCEDATriggersBase_mxJPO" containerName="emxSCCEDATriggersBase_mxJPO"  containerType="class" id="571603230" argList="(matrix.db.Context, java.lang.String[])" abstract="" />
<constructor name="emxSCCEDATriggersBase_mxJPO" initial="e" htmlFileName="emxSCCEDATriggersBase_mxJPO" containerName="emxSCCEDATriggersBase_mxJPO"  containerType="class" id="-535556786" argList="(matrix.db.Context, java.lang.String[])" abstract="" />
<class name="emxSCCEDATriggers_mxJPO" initial="e" htmlFileName="emxSCCEDATriggers_mxJPO"  fatherClass="emxSCCEDATriggersBase_mxJPO" fatherId="149696181" fatherType="class"  DSCharacteristic="class" id="1460393540" abstract="" packageName="NoPackage" packagePath="" packageAbstract="" />
<constructor name="emxSCCEDATriggers_mxJPO" initial="e" htmlFileName="emxSCCEDATriggers_mxJPO" containerName="emxSCCEDATriggers_mxJPO"  containerType="class" id="-666077729" argList="(matrix.db.Context, java.lang.String[])" abstract="" />
<class name="emxSCCEDAUtilsBase_mxJPO" initial="e" htmlFileName="emxSCCEDAUtilsBase_mxJPO"  fatherClass="Object" fatherId="2090827426" fatherType="class"  DSCharacteristic="class" id="-2099076915" abstract="" packageName="NoPackage" packagePath="" packageAbstract="" />
<method name="extractOIdsFromMapList" initial="e" htmlFileName="emxSCCEDAUtilsBase_mxJPO" containerName="emxSCCEDAUtilsBase_mxJPO"  containerType="class" id="-1780299963" argList="(com.matrixone.apps.domain.util.MapList)" abstract="" />
<method name="getObjIdFromProgram" initial="g" htmlFileName="emxSCCEDAUtilsBase_mxJPO" containerName="emxSCCEDAUtilsBase_mxJPO"  containerType="class" id="1394459549" argList="(java.lang.String[])" abstract="" />
<method name="getParamMap" initial="g" htmlFileName="emxSCCEDAUtilsBase_mxJPO" containerName="emxSCCEDAUtilsBase_mxJPO"  containerType="class" id="-1860454012" argList="(java.util.Map&lt;java.lang.String, ?&gt;)" abstract="" />
<method name="getProgramMap" initial="g" htmlFileName="emxSCCEDAUtilsBase_mxJPO" containerName="emxSCCEDAUtilsBase_mxJPO"  containerType="class" id="303890605" argList="(java.lang.String[])" abstract="" />
<method name="getRelatedObjectIdsByPath" initial="g" htmlFileName="emxSCCEDAUtilsBase_mxJPO" containerName="emxSCCEDAUtilsBase_mxJPO"  containerType="class" id="1671516479" argList="(matrix.db.Context, java.lang.String, java.util.List&lt;java.lang.Object&gt;)" abstract="" />
<method name="getRelatedObjectsSimple" initial="g" htmlFileName="emxSCCEDAUtilsBase_mxJPO" containerName="emxSCCEDAUtilsBase_mxJPO"  containerType="class" id="-1747666832" argList="(matrix.db.Context, java.lang.String, java.lang.String, boolean, boolean)" abstract="" />
<method name="getRequestMap" initial="g" htmlFileName="emxSCCEDAUtilsBase_mxJPO" containerName="emxSCCEDAUtilsBase_mxJPO"  containerType="class" id="1680035522" argList="(java.util.Map&lt;java.lang.String, ?&gt;)" abstract="" />
<method name="getRPEMap" initial="g" htmlFileName="emxSCCEDAUtilsBase_mxJPO" containerName="emxSCCEDAUtilsBase_mxJPO"  containerType="class" id="-1301207190" argList="(matrix.db.Context, java.lang.String)" abstract="" />
<method name="putRPEMap" initial="p" htmlFileName="emxSCCEDAUtilsBase_mxJPO" containerName="emxSCCEDAUtilsBase_mxJPO"  containerType="class" id="403351139" argList="(matrix.db.Context, java.util.Map&lt;java.lang.String, java.util.Map&lt;java.lang.String, java.lang.String&gt;&gt;, java.lang.String)" abstract="" />
<method name="putRPEMapEntry" initial="p" htmlFileName="emxSCCEDAUtilsBase_mxJPO" containerName="emxSCCEDAUtilsBase_mxJPO"  containerType="class" id="1597762925" argList="(matrix.db.Context, java.lang.String, java.util.Map&lt;java.lang.String, java.lang.String&gt;, java.lang.String)" abstract="" />
<constructor name="emxSCCEDAUtilsBase_mxJPO" initial="e" htmlFileName="emxSCCEDAUtilsBase_mxJPO" containerName="emxSCCEDAUtilsBase_mxJPO"  containerType="class" id="-1780996042" argList="(matrix.db.Context, java.lang.String[])" abstract="" />
<class name="emxSCCEDAUtils_mxJPO" initial="e" htmlFileName="emxSCCEDAUtils_mxJPO"  fatherClass="emxSCCEDAUtilsBase_mxJPO" fatherId="-2099076915" fatherType="class"  DSCharacteristic="class" id="-679537572" abstract="" packageName="NoPackage" packagePath="" packageAbstract="" />
<constructor name="emxSCCEDAUtils_mxJPO" initial="e" htmlFileName="emxSCCEDAUtils_mxJPO" containerName="emxSCCEDAUtils_mxJPO"  containerType="class" id="2095203527" argList="(matrix.db.Context, java.lang.String[])" abstract="" />
</fw>

