<?xml version="1.0" encoding="utf-8"?>
<fw name="ENOSemiCommonBase" footer="Copyright &#169; 1999-2016, Dassault Syst&#232;mes. All rights reserved. ">
<class name="emxSAFieldUtilsBase_mxJPO" initial="e" htmlFileName="emxSAFieldUtilsBase_mxJPO"  fatherClass="Object" fatherId="540172825" fatherType="class"  DSCharacteristic="class" id="1077666663" abstract="" packageName="NoPackage" packagePath="" packageAbstract="" />
<method name="disconnectEvents" initial="d" htmlFileName="emxSAFieldUtilsBase_mxJPO" containerName="emxSAFieldUtilsBase_mxJPO"  containerType="class" id="1491440331" argList="(matrix.db.Context, java.lang.String, java.lang.String, java.lang.String, com.matrixone.apps.domain.util.MapList)" abstract="LQA : This method is copied from &quot;emxSubscriptionUtilBase&quot; and then highly modified" />
<method name="formPostProcess" initial="f" htmlFileName="emxSAFieldUtilsBase_mxJPO" containerName="emxSAFieldUtilsBase_mxJPO"  containerType="class" id="-1482215359" argList="(matrix.db.Context, java.lang.String[])" abstract="formPostProcess - Does the post processing for forms that" />
<method name="formPostProcessDiscussion" initial="f" htmlFileName="emxSAFieldUtilsBase_mxJPO" containerName="emxSAFieldUtilsBase_mxJPO"  containerType="class" id="-1533545783" argList="(matrix.db.Context, java.lang.String[], boolean)" abstract="Post-process function for discussions" />
<method name="formPostProcessDiscussionUpdate" initial="f" htmlFileName="emxSAFieldUtilsBase_mxJPO" containerName="emxSAFieldUtilsBase_mxJPO"  containerType="class" id="944478066" argList="(matrix.db.Context)" abstract="This secondary post-process function is used to append to the" />
<method name="formPostProcessHaveSubscription" initial="f" htmlFileName="emxSAFieldUtilsBase_mxJPO" containerName="emxSAFieldUtilsBase_mxJPO"  containerType="class" id="373461766" argList="(matrix.db.Context, java.lang.String[])" abstract="Return true if there are subscribers being added to the form, and therefore" />
<method name="formPostProcessState" initial="f" htmlFileName="emxSAFieldUtilsBase_mxJPO" containerName="emxSAFieldUtilsBase_mxJPO"  containerType="class" id="-567708420" argList="(matrix.db.Context, java.lang.String[])" abstract="Post-process function for the state field." />
<method name="formPostProcessSubscription" initial="f" htmlFileName="emxSAFieldUtilsBase_mxJPO" containerName="emxSAFieldUtilsBase_mxJPO"  containerType="class" id="1820817150" argList="(matrix.db.Context, java.lang.String[])" abstract="Post-process function for the subscribers field." />
<method name="getAccessMode" initial="g" htmlFileName="emxSAFieldUtilsBase_mxJPO" containerName="emxSAFieldUtilsBase_mxJPO"  containerType="class" id="-23041261" argList="(matrix.db.Context, java.lang.String[])" abstract="getAccessMode - returns a String access Mode" />
<method name="getDiscussionObject" initial="g" htmlFileName="emxSAFieldUtilsBase_mxJPO" containerName="emxSAFieldUtilsBase_mxJPO"  containerType="class" id="1902236403" argList="(matrix.db.Context, java.lang.String[])" abstract="getDiscussionObject - Returns program HTML for displaying discussion" />
<method name="getDiscussionObjectMessageId" initial="g" htmlFileName="emxSAFieldUtilsBase_mxJPO" containerName="emxSAFieldUtilsBase_mxJPO"  containerType="class" id="-588656389" argList="(matrix.db.Context, java.lang.String, java.lang.String, java.lang.String, java.lang.String)" abstract="Returns a mapList of the Discussion objects that are on the" />
<method name="getEventTypes" initial="g" htmlFileName="emxSAFieldUtilsBase_mxJPO" containerName="emxSAFieldUtilsBase_mxJPO"  containerType="class" id="-2102734869" argList="(matrix.db.Context, java.lang.String, java.lang.String)" abstract="Get the set of events for the object AND for messages" />
<method name="getLifecycleStates" initial="g" htmlFileName="emxSAFieldUtilsBase_mxJPO" containerName="emxSAFieldUtilsBase_mxJPO"  containerType="class" id="-397170740" argList="(matrix.db.Context, java.lang.String[])" abstract="getLifecycleStates - returns program HTML Output Lifecycle states of an Object" />
<method name="getMatchingMessageEventTypes" initial="g" htmlFileName="emxSAFieldUtilsBase_mxJPO" containerName="emxSAFieldUtilsBase_mxJPO"  containerType="class" id="-270651863" argList="(matrix.db.Context, java.lang.String[])" abstract="Get the matching event types for the Message type and events setting." />
<method name="getMatchingObjectEventTypes" initial="g" htmlFileName="emxSAFieldUtilsBase_mxJPO" containerName="emxSAFieldUtilsBase_mxJPO"  containerType="class" id="-12921817" argList="(matrix.db.Context, java.lang.String[])" abstract="Get the matching event types for the given object&apos;s type and events setting" />
<method name="getPolicyStates" initial="g" htmlFileName="emxSAFieldUtilsBase_mxJPO" containerName="emxSAFieldUtilsBase_mxJPO"  containerType="class" id="60651584" argList="(matrix.db.Context, java.lang.String)" abstract="getPolicyStates - returns all the Lifecycle states of a given policy" />
<method name="getSubscribers" initial="g" htmlFileName="emxSAFieldUtilsBase_mxJPO" containerName="emxSAFieldUtilsBase_mxJPO"  containerType="class" id="1319852491" argList="(matrix.db.Context, java.lang.String[])" abstract="Get the programHTMLOutput for the Subscribers field." />
<method name="getTypeEventTypes" initial="g" htmlFileName="emxSAFieldUtilsBase_mxJPO" containerName="emxSAFieldUtilsBase_mxJPO"  containerType="class" id="205992901" argList="(matrix.db.Context, matrix.util.StringList, java.lang.String)" abstract="Get the events that an object type can have." />
<method name="getTypeSubscribableEventTypes" initial="g" htmlFileName="emxSAFieldUtilsBase_mxJPO" containerName="emxSAFieldUtilsBase_mxJPO"  containerType="class" id="-2069240326" argList="(matrix.db.Context, java.lang.String)" abstract="getTypeSubscribableEventTypes" />
<method name="getTypeSubscribableEventTypes" initial="g" htmlFileName="emxSAFieldUtilsBase_mxJPO" containerName="emxSAFieldUtilsBase_mxJPO"  containerType="class" id="-2069240326" argList="(matrix.db.Context, java.lang.String[])" abstract="This version can be called directly from MQL as a test routine." />
<method name="hasSubReplies" initial="h" htmlFileName="emxSAFieldUtilsBase_mxJPO" containerName="emxSAFieldUtilsBase_mxJPO"  containerType="class" id="-656163624" argList="(matrix.db.Context, com.matrixone.apps.domain.DomainObject)" abstract="hasSubReplies" />
<method name="mxMain" initial="m" htmlFileName="emxSAFieldUtilsBase_mxJPO" containerName="emxSAFieldUtilsBase_mxJPO"  containerType="class" id="415126010" argList="(matrix.db.Context, java.lang.String[])" abstract="Main entry point." />
<method name="pushSubscriber" initial="p" htmlFileName="emxSAFieldUtilsBase_mxJPO" containerName="emxSAFieldUtilsBase_mxJPO"  containerType="class" id="-1193385192" argList="(matrix.db.Context, java.lang.String, java.lang.String, java.lang.String[], java.lang.String)" abstract="Create push subscribers" />
<method name="unSubscribeEvents" initial="u" htmlFileName="emxSAFieldUtilsBase_mxJPO" containerName="emxSAFieldUtilsBase_mxJPO"  containerType="class" id="234881824" argList="(matrix.db.Context, java.lang.String, java.lang.String, java.lang.String)" abstract="Deletes the subscription for global events on the type or nonglobal events on the object" />
<constructor name="emxSAFieldUtilsBase_mxJPO" initial="e" htmlFileName="emxSAFieldUtilsBase_mxJPO" containerName="emxSAFieldUtilsBase_mxJPO"  containerType="class" id="-1825824214" argList="(matrix.db.Context, java.lang.String[])" abstract="Constructor - Does nothing now." />
<data name="both" initial="b" htmlFileName="emxSAFieldUtilsBase_mxJPO" containerName="emxSAFieldUtilsBase_mxJPO"  containerType="class" id="193201472" abstract="" />
<class name="emxSAFieldUtils_mxJPO" initial="e" htmlFileName="emxSAFieldUtils_mxJPO"  fatherClass="emxSAFieldUtilsBase_mxJPO" fatherId="1077666663" fatherType="class"  DSCharacteristic="class" id="-1697423242" abstract="" packageName="NoPackage" packagePath="" packageAbstract="" />
<constructor name="emxSAFieldUtils_mxJPO" initial="e" htmlFileName="emxSAFieldUtils_mxJPO" containerName="emxSAFieldUtils_mxJPO"  containerType="class" id="1217856827" argList="(matrix.db.Context, java.lang.String[])" abstract="Constructor." />
</fw>

