<?xml version="1.0" encoding="utf-8"?>
<fw name="ENOSemiTeamCollabBase" footer="Copyright &#169; 1999-2016, Dassault Syst&#232;mes. All rights reserved. ">
<class name="emxPSBASEBase_mxJPO" initial="e" htmlFileName="emxPSBASEBase_mxJPO"  fatherClass="Object" fatherId="-1888695282" fatherType="class"  DSCharacteristic="class" id="-443246767" abstract="" packageName="NoPackage" packagePath="" packageAbstract="" />
<method name="changeOwner" initial="c" htmlFileName="emxPSBASEBase_mxJPO" containerName="emxPSBASEBase_mxJPO"  containerType="class" id="720464718" argList="(matrix.db.Context, java.lang.String[])" abstract="changeOwner" />
<method name="displayReportedAgainstCreate" initial="d" htmlFileName="emxPSBASEBase_mxJPO" containerName="emxPSBASEBase_mxJPO"  containerType="class" id="1403624425" argList="(matrix.db.Context, java.lang.String[])" abstract="displayReportedAgainstCreate" />
<method name="formPostProcess" initial="f" htmlFileName="emxPSBASEBase_mxJPO" containerName="emxPSBASEBase_mxJPO"  containerType="class" id="1821306598" argList="(matrix.db.Context, java.lang.String[])" abstract="formPostProcess" />
<method name="stateFieldRanges" initial="s" htmlFileName="emxPSBASEBase_mxJPO" containerName="emxPSBASEBase_mxJPO"  containerType="class" id="-1719258478" argList="(matrix.db.Context, java.lang.String[])" abstract="stateFieldRanges" />
<constructor name="emxPSBASEBase_mxJPO" initial="e" htmlFileName="emxPSBASEBase_mxJPO" containerName="emxPSBASEBase_mxJPO"  containerType="class" id="1490966444" argList="(matrix.db.Context, java.lang.String[])" abstract="Constructor." />
<class name="emxPSBASE_mxJPO" initial="e" htmlFileName="emxPSBASE_mxJPO"  fatherClass="emxPSBASEBase_mxJPO" fatherId="-443246767" fatherType="class"  DSCharacteristic="class" id="67722530" abstract="" packageName="NoPackage" packagePath="" packageAbstract="" />
<constructor name="emxPSBASE_mxJPO" initial="e" htmlFileName="emxPSBASE_mxJPO" containerName="emxPSBASE_mxJPO"  containerType="class" id="1807553979" argList="(matrix.db.Context, java.lang.String[])" abstract="Constructor" />
<class name="emxPSImportBase_mxJPO" initial="e" htmlFileName="emxPSImportBase_mxJPO"  fatherClass="Object" fatherId="-1888695282" fatherType="class"  DSCharacteristic="class" id="-1890647139" abstract="" packageName="NoPackage" packagePath="" packageAbstract="" />
<method name="attach" initial="a" htmlFileName="emxPSImportBase_mxJPO" containerName="emxPSImportBase_mxJPO"  containerType="class" id="-1430974164" argList="(java.lang.String, java.util.Map&lt;java.lang.String, java.lang.String&gt;)" abstract="attach" />
<method name="attachedfiles" initial="a" htmlFileName="emxPSImportBase_mxJPO" containerName="emxPSImportBase_mxJPO"  containerType="class" id="-748897570" argList="(java.lang.String, java.util.Map&lt;java.lang.String, java.lang.String&gt;)" abstract="attachedfiles" />
<method name="audittrail" initial="a" htmlFileName="emxPSImportBase_mxJPO" containerName="emxPSImportBase_mxJPO"  containerType="class" id="-436600282" argList="(java.lang.String, java.util.Map&lt;java.lang.String, java.lang.String&gt;)" abstract="audittrail" />
<method name="bool" initial="b" htmlFileName="emxPSImportBase_mxJPO" containerName="emxPSImportBase_mxJPO"  containerType="class" id="723487911" argList="(java.lang.String, java.util.Map&lt;java.lang.String, java.lang.String&gt;)" abstract="bool" />
<method name="date" initial="d" htmlFileName="emxPSImportBase_mxJPO" containerName="emxPSImportBase_mxJPO"  containerType="class" id="976995939" argList="(java.lang.String, java.util.Map&lt;java.lang.String, java.lang.String&gt;)" abstract="date" />
<method name="defect_action_assignee" initial="d" htmlFileName="emxPSImportBase_mxJPO" containerName="emxPSImportBase_mxJPO"  containerType="class" id="-187544409" argList="(java.lang.String, java.util.Map&lt;java.lang.String, java.lang.String&gt;)" abstract="defect_action_assignee" />
<method name="defect_attach" initial="d" htmlFileName="emxPSImportBase_mxJPO" containerName="emxPSImportBase_mxJPO"  containerType="class" id="1866464606" argList="(java.lang.String, java.util.Map&lt;java.lang.String, java.lang.String&gt;)" abstract="defect_attach" />
<method name="defect_environment" initial="d" htmlFileName="emxPSImportBase_mxJPO" containerName="emxPSImportBase_mxJPO"  containerType="class" id="-2043508948" argList="(java.lang.String, java.util.Map&lt;java.lang.String, java.lang.String&gt;)" abstract="defect_environment" />
<method name="defect_fixedrel" initial="d" htmlFileName="emxPSImportBase_mxJPO" containerName="emxPSImportBase_mxJPO"  containerType="class" id="581719678" argList="(java.lang.String, java.util.Map&lt;java.lang.String, java.lang.String&gt;)" abstract="defect_fixedrel" />
<method name="defect_reporting_organization" initial="d" htmlFileName="emxPSImportBase_mxJPO" containerName="emxPSImportBase_mxJPO"  containerType="class" id="-424842657" argList="(java.lang.String, java.util.Map&lt;java.lang.String, java.lang.String&gt;)" abstract="defect_reporting_organization" />
<method name="integer" initial="i" htmlFileName="emxPSImportBase_mxJPO" containerName="emxPSImportBase_mxJPO"  containerType="class" id="1911324371" argList="(java.lang.String, java.util.Map&lt;java.lang.String, java.lang.String&gt;)" abstract="integer" />
<method name="linknotes" initial="l" htmlFileName="emxPSImportBase_mxJPO" containerName="emxPSImportBase_mxJPO"  containerType="class" id="2002405290" argList="(java.lang.String, java.util.Map&lt;java.lang.String, java.lang.String&gt;)" abstract="linknotes" />
<method name="mxMain" initial="m" htmlFileName="emxPSImportBase_mxJPO" containerName="emxPSImportBase_mxJPO"  containerType="class" id="-946548787" argList="(matrix.db.Context, java.lang.String[])" abstract="" />
<method name="notify" initial="n" htmlFileName="emxPSImportBase_mxJPO" containerName="emxPSImportBase_mxJPO"  containerType="class" id="-534167896" argList="(java.lang.String, java.util.Map&lt;java.lang.String, java.lang.String&gt;)" abstract="notify" />
<method name="offset" initial="o" htmlFileName="emxPSImportBase_mxJPO" containerName="emxPSImportBase_mxJPO"  containerType="class" id="-665747042" argList="(java.lang.String, java.util.Map&lt;java.lang.String, java.lang.String&gt;)" abstract="offset" />
<method name="postfix" initial="p" htmlFileName="emxPSImportBase_mxJPO" containerName="emxPSImportBase_mxJPO"  containerType="class" id="-222986756" argList="(java.lang.String, java.util.Map&lt;java.lang.String, java.lang.String&gt;)" abstract="postfix" />
<method name="prefix" initial="p" htmlFileName="emxPSImportBase_mxJPO" containerName="emxPSImportBase_mxJPO"  containerType="class" id="1019438591" argList="(java.lang.String, java.util.Map&lt;java.lang.String, java.lang.String&gt;)" abstract="prefix" />
<method name="real" initial="r" htmlFileName="emxPSImportBase_mxJPO" containerName="emxPSImportBase_mxJPO"  containerType="class" id="1965081203" argList="(java.lang.String, java.util.Map&lt;java.lang.String, java.lang.String&gt;)" abstract="real" />
<method name="state" initial="s" htmlFileName="emxPSImportBase_mxJPO" containerName="emxPSImportBase_mxJPO"  containerType="class" id="-1039464864" argList="(java.lang.String, java.util.Map&lt;java.lang.String, java.lang.String&gt;)" abstract="state" />
<method name="time" initial="t" htmlFileName="emxPSImportBase_mxJPO" containerName="emxPSImportBase_mxJPO"  containerType="class" id="-892114524" argList="(java.lang.String, java.util.Map&lt;java.lang.String, java.lang.String&gt;)" abstract="time" />
<method name="timestamp" initial="t" htmlFileName="emxPSImportBase_mxJPO" containerName="emxPSImportBase_mxJPO"  containerType="class" id="1887155707" argList="(java.lang.String, java.util.Map&lt;java.lang.String, java.lang.String&gt;)" abstract="timestamp" />
<method name="transcript_split" initial="t" htmlFileName="emxPSImportBase_mxJPO" containerName="emxPSImportBase_mxJPO"  containerType="class" id="904244640" argList="(java.lang.String, java.util.Map&lt;java.lang.String, java.lang.String&gt;)" abstract="transcript_split" />
<method name="transcript" initial="t" htmlFileName="emxPSImportBase_mxJPO" containerName="emxPSImportBase_mxJPO"  containerType="class" id="1728981851" argList="(java.lang.String, java.util.Map&lt;java.lang.String, java.lang.String&gt;)" abstract="transcript" />
<method name="userlist" initial="u" htmlFileName="emxPSImportBase_mxJPO" containerName="emxPSImportBase_mxJPO"  containerType="class" id="-722207992" argList="(java.lang.String, java.util.Map&lt;java.lang.String, java.lang.String&gt;)" abstract="userlist" />
<constructor name="emxPSImportBase_mxJPO" initial="e" htmlFileName="emxPSImportBase_mxJPO" containerName="emxPSImportBase_mxJPO"  containerType="class" id="1154238944" argList="(matrix.db.Context, java.lang.String[])" abstract="Constructor." />
<class name="emxPSImport_mxJPO" initial="e" htmlFileName="emxPSImport_mxJPO"  fatherClass="emxPSImportBase_mxJPO" fatherId="-1890647139" fatherType="class"  DSCharacteristic="class" id="220057454" abstract="" packageName="NoPackage" packagePath="" packageAbstract="" />
<constructor name="emxPSImport_mxJPO" initial="e" htmlFileName="emxPSImport_mxJPO" containerName="emxPSImport_mxJPO"  containerType="class" id="-2075901457" argList="(matrix.db.Context, java.lang.String[])" abstract="" />
<class name="emxPSImportTypesBase_mxJPO" initial="e" htmlFileName="emxPSImportTypesBase_mxJPO"  fatherClass="Object" fatherId="-1888695282" fatherType="class"  DSCharacteristic="class" id="-1242657900" abstract="" packageName="NoPackage" packagePath="" packageAbstract="" />
<method name="mxMain" initial="m" htmlFileName="emxPSImportTypesBase_mxJPO" containerName="emxPSImportTypesBase_mxJPO"  containerType="class" id="-946548787" argList="(matrix.db.Context, java.lang.String[])" abstract="" />
<constructor name="emxPSImportTypesBase_mxJPO" initial="e" htmlFileName="emxPSImportTypesBase_mxJPO" containerName="emxPSImportTypesBase_mxJPO"  containerType="class" id="-1140132599" argList="(matrix.db.Context, java.lang.String[])" abstract="" />
<class name="emxPSImportTypes_mxJPO" initial="e" htmlFileName="emxPSImportTypes_mxJPO"  fatherClass="emxPSImportTypesBase_mxJPO" fatherId="-1242657900" fatherType="class"  DSCharacteristic="class" id="1018555109" abstract="" packageName="NoPackage" packagePath="" packageAbstract="" />
<constructor name="emxPSImportTypes_mxJPO" initial="e" htmlFileName="emxPSImportTypes_mxJPO" containerName="emxPSImportTypes_mxJPO"  containerType="class" id="1860233624" argList="(matrix.db.Context, java.lang.String[])" abstract="" />
<class name="emxSCCInstallStringPagesBase_mxJPO" initial="e" htmlFileName="emxSCCInstallStringPagesBase_mxJPO"  fatherClass="Object" fatherId="-1888695282" fatherType="class"  DSCharacteristic="class" id="-1542916934" abstract="" packageName="NoPackage" packagePath="" packageAbstract="" />
<method name="mxMain" initial="m" htmlFileName="emxSCCInstallStringPagesBase_mxJPO" containerName="emxSCCInstallStringPagesBase_mxJPO"  containerType="class" id="-946548787" argList="(matrix.db.Context, java.lang.String[])" abstract="Main call." />
<constructor name="emxSCCInstallStringPagesBase_mxJPO" initial="e" htmlFileName="emxSCCInstallStringPagesBase_mxJPO" containerName="emxSCCInstallStringPagesBase_mxJPO"  containerType="class" id="-430417117" argList="(matrix.db.Context, java.lang.String[])" abstract="Constructor." />
<class name="emxSCCInstallStringPages_mxJPO" initial="e" htmlFileName="emxSCCInstallStringPages_mxJPO"  fatherClass="emxSCCInstallStringPagesBase_mxJPO" fatherId="-1542916934" fatherType="class"  DSCharacteristic="class" id="386848523" abstract="The &amp;lt;code&amp;gt;${CLASSNAME}&amp;lt;/code&amp;gt; class contains parent class" packageName="NoPackage" packagePath="" packageAbstract="" />
<constructor name="emxSCCInstallStringPages_mxJPO" initial="e" htmlFileName="emxSCCInstallStringPages_mxJPO" containerName="emxSCCInstallStringPages_mxJPO"  containerType="class" id="-1917227854" argList="(matrix.db.Context, java.lang.String[])" abstract="Constructor" />
</fw>

