<?xml version="1.0" encoding="utf-8"?>
<fw name="ENOTeamCentral" footer="Copyright &#169; 1999-2016, Dassault Syst&#232;mes. All rights reserved. ">
<class name="TeamUtil" initial="T" htmlFileName="com/matrixone/apps/team/TeamUtil"  fatherClass="Object" fatherId="1182999002" fatherType="class"  DSCharacteristic="class" id="-1644622365" abstract="The TeamUtil class contains several Utility methods." packageName="com.matrixone.apps.team" packagePath="com/matrixone/apps/team/" packageAbstract="" />
<method name="autoRevision" initial="a" htmlFileName="com/matrixone/apps/team/TeamUtil" containerName="TeamUtil"  containerType="class" id="182244433" argList="(matrix.db.Context, javax.servlet.http.HttpSession, java.lang.String, java.lang.String, java.lang.String, java.lang.String)" abstract="Creates object and returns object ID created with Autonamer" />
<method name="canProjectDeleted" initial="c" htmlFileName="com/matrixone/apps/team/TeamUtil" containerName="TeamUtil"  containerType="class" id="622479371" argList="(matrix.db.Context, javax.servlet.http.HttpSession, java.lang.String)" abstract="Returns true if the Project can be Deleted" />
<method name="hasRemoveAccess" initial="h" htmlFileName="com/matrixone/apps/team/TeamUtil" containerName="TeamUtil"  containerType="class" id="-1323690183" argList="(matrix.db.Context, matrix.util.StringList, com.matrixone.apps.common.Workspace, java.lang.String)" abstract="" />
<method name="hasRemoveAccess" initial="h" htmlFileName="com/matrixone/apps/team/TeamUtil" containerName="TeamUtil"  containerType="class" id="-1323690183" argList="(matrix.db.Context, matrix.util.StringList, com.matrixone.apps.common.Workspace, java.lang.String, java.lang.String)" abstract="" />
<method name="i18NUserType" initial="i" htmlFileName="com/matrixone/apps/team/TeamUtil" containerName="TeamUtil"  containerType="class" id="-703440168" argList="(javax.servlet.http.HttpServletRequest, java.lang.String)" abstract="" />
<class name="WorkspaceTemplate" initial="W" htmlFileName="com/matrixone/apps/team/WorkspaceTemplate"  fatherClass="DomainObject" fatherId="-2046825938" fatherType="class"  DSCharacteristic="class" id="1893161427" abstract="The Workspace class represents the &quot;Workspace&quot; type in the AEF." packageName="com.matrixone.apps.team" packagePath="com/matrixone/apps/team/" packageAbstract="" />
<method name="addFoldersToTemplate" initial="a" htmlFileName="com/matrixone/apps/team/WorkspaceTemplate" containerName="WorkspaceTemplate"  containerType="class" id="1242147138" argList="(matrix.db.Context, com.matrixone.apps.domain.DomainObject, com.matrixone.apps.domain.DomainObject)" abstract="Creates Folder Structure for Workspace Template Object" />
<method name="addFoldersToTemplate" initial="a" htmlFileName="com/matrixone/apps/team/WorkspaceTemplate" containerName="WorkspaceTemplate"  containerType="class" id="1242147138" argList="(matrix.db.Context, com.matrixone.apps.domain.DomainObject, com.matrixone.apps.domain.DomainObject, boolean)" abstract="Creates Folder Structure for Workspace Template Object" />
<method name="addMembersToTemplate" initial="a" htmlFileName="com/matrixone/apps/team/WorkspaceTemplate" containerName="WorkspaceTemplate"  containerType="class" id="1340585838" argList="(matrix.db.Context, com.matrixone.apps.domain.DomainObject, com.matrixone.apps.domain.DomainObject, boolean)" abstract="Connects Templates Members for Workspace Template Object" />
<method name="createWorkspaceTemplate" initial="c" htmlFileName="com/matrixone/apps/team/WorkspaceTemplate" containerName="WorkspaceTemplate"  containerType="class" id="-1845633016" argList="(matrix.db.Context, java.lang.String, java.lang.String, boolean, boolean, boolean, java.lang.String)" abstract="Creates the Workspace Template object and its structure and connect to a Workspace." />
<method name="deleteWorkspaceTemplates" initial="d" htmlFileName="com/matrixone/apps/team/WorkspaceTemplate" containerName="WorkspaceTemplate"  containerType="class" id="-227418900" argList="(matrix.db.Context, java.lang.String[])" abstract="Deletes the list of Templates supplied as an array of Ids." />
<method name="isWorkspaceTemplateExists" initial="i" htmlFileName="com/matrixone/apps/team/WorkspaceTemplate" containerName="WorkspaceTemplate"  containerType="class" id="790761082" argList="(matrix.db.Context, java.lang.String)" abstract="Identifies existence of WorkspaceTemplate with passed name in every vault and with owner" />
<method name="reviseWorkspaceTemplate" initial="r" htmlFileName="com/matrixone/apps/team/WorkspaceTemplate" containerName="WorkspaceTemplate"  containerType="class" id="1226205956" argList="(matrix.db.Context, java.lang.String, java.lang.String, java.lang.String, boolean, boolean, boolean, java.lang.String)" abstract="Revises the Workspace Template object , creates structure and connect to a Workspace." />
<constructor name="WorkspaceTemplate" initial="W" htmlFileName="com/matrixone/apps/team/WorkspaceTemplate" containerName="WorkspaceTemplate"  containerType="class" id="2070099921" argList="()" abstract="Create a Workspace Template object." />
<constructor name="WorkspaceTemplate" initial="W" htmlFileName="com/matrixone/apps/team/WorkspaceTemplate" containerName="WorkspaceTemplate"  containerType="class" id="2070099921" argList="(java.lang.String)" abstract="Create a Workspace Template object." />
<constructor name="WorkspaceTemplate" initial="W" htmlFileName="com/matrixone/apps/team/WorkspaceTemplate" containerName="WorkspaceTemplate"  containerType="class" id="2070099921" argList="(matrix.db.BusinessObject)" abstract="Create a Workspace Template object." />
</fw>

