<?xml version="1.0" encoding="utf-8"?>
<fw name="ENOUnitTracking" footer="Copyright &#169; 1999-2016, Dassault Syst&#232;mes. All rights reserved. ">
<class name="Unit" initial="U" htmlFileName="com/matrixone/apps/unittracking/Unit"  fatherClass="Build" fatherId="-649029814" fatherType="class"  DSCharacteristic="class" id="-1603923228" abstract="" packageName="com.matrixone.apps.unittracking" packagePath="com/matrixone/apps/unittracking/" packageAbstract="" />
<method name="connectUnitsToUnit" initial="c" htmlFileName="com/matrixone/apps/unittracking/Unit" containerName="Unit"  containerType="class" id="-258538987" argList="(matrix.db.Context, matrix.util.StringList)" abstract="To connect list of Units to a Model as Model Build" />
<method name="connectUnitToUnit" initial="c" htmlFileName="com/matrixone/apps/unittracking/Unit" containerName="Unit"  containerType="class" id="1330410878" argList="(matrix.db.Context, java.lang.String)" abstract="To connect a Unit to another Unit as Unit BOM" />
<method name="createMultipleUnits" initial="c" htmlFileName="com/matrixone/apps/unittracking/Unit" containerName="Unit"  containerType="class" id="-1850757420" argList="(matrix.db.Context, java.util.HashMap)" abstract="" />
<method name="replaceBy" initial="r" htmlFileName="com/matrixone/apps/unittracking/Unit" containerName="Unit"  containerType="class" id="-86756516" argList="(matrix.db.Context, java.lang.String)" abstract="To replace the current Unit in the Unit BOM context with a new Unit" />
<method name="setAsBuiltStatus" initial="s" htmlFileName="com/matrixone/apps/unittracking/Unit" containerName="Unit"  containerType="class" id="739718061" argList="(matrix.db.Context, java.lang.String, java.lang.String)" abstract="" />
<constructor name="Unit" initial="U" htmlFileName="com/matrixone/apps/unittracking/Unit" containerName="Unit"  containerType="class" id="-1752228762" argList="()" abstract="Construct a new Unit." />
<constructor name="Unit" initial="U" htmlFileName="com/matrixone/apps/unittracking/Unit" containerName="Unit"  containerType="class" id="-1752228762" argList="(java.lang.String)" abstract="Construct a new Unit." />
<constructor name="Unit" initial="U" htmlFileName="com/matrixone/apps/unittracking/Unit" containerName="Unit"  containerType="class" id="-1752228762" argList="(matrix.db.BusinessObject)" abstract="Construct a new Unit based on an existing Business Object." />
<data name="MAX_NoOf_Units" initial="M" htmlFileName="com/matrixone/apps/unittracking/Unit" containerName="Unit"  containerType="class" id="-2026688387" abstract="" />
<class name="UnitTrackingConstants" initial="U" htmlFileName="com/matrixone/apps/unittracking/UnitTrackingConstants"  fatherClass="ProductLineConstants" fatherId="1257519400" fatherType="class"  DSCharacteristic="class" id="-1075271820" abstract="The UnitTrackingConstants class/interface contains the constants used as part of UnitTracking module." packageName="com.matrixone.apps.unittracking" packagePath="com/matrixone/apps/unittracking/" packageAbstract="" />
<constructor name="UnitTrackingConstants" initial="U" htmlFileName="com/matrixone/apps/unittracking/UnitTrackingConstants" containerName="UnitTrackingConstants"  containerType="class" id="1767113974" argList="()" abstract="" />
<data name="ATTRIBUTE_ALLOCATED_DATE" initial="A" htmlFileName="com/matrixone/apps/unittracking/UnitTrackingConstants" containerName="UnitTrackingConstants"  containerType="class" id="-1883906013" abstract="" />
<data name="ATTRIBUTE_ASBUILT_STATUS" initial="A" htmlFileName="com/matrixone/apps/unittracking/UnitTrackingConstants" containerName="UnitTrackingConstants"  containerType="class" id="-790474110" abstract="" />
<data name="ATTRIBUTE_INSTALLAFTERSHIP_DATE" initial="A" htmlFileName="com/matrixone/apps/unittracking/UnitTrackingConstants" containerName="UnitTrackingConstants"  containerType="class" id="-550672377" abstract="" />
<data name="ATTRIBUTE_INSTALLED_DATE" initial="A" htmlFileName="com/matrixone/apps/unittracking/UnitTrackingConstants" containerName="UnitTrackingConstants"  containerType="class" id="-1043631408" abstract="" />
<data name="ATTRIBUTE_MARK_DATE" initial="A" htmlFileName="com/matrixone/apps/unittracking/UnitTrackingConstants" containerName="UnitTrackingConstants"  containerType="class" id="916723095" abstract="" />
<data name="ATTRIBUTE_MARK_PART_NAME" initial="A" htmlFileName="com/matrixone/apps/unittracking/UnitTrackingConstants" containerName="UnitTrackingConstants"  containerType="class" id="-501799742" abstract="" />
<data name="ATTRIBUTE_MARK_PART_REVISION" initial="A" htmlFileName="com/matrixone/apps/unittracking/UnitTrackingConstants" containerName="UnitTrackingConstants"  containerType="class" id="-227693678" abstract="" />
<data name="ATTRIBUTE_MARK_PART_TYPE" initial="A" htmlFileName="com/matrixone/apps/unittracking/UnitTrackingConstants" containerName="UnitTrackingConstants"  containerType="class" id="-426683919" abstract="" />
<data name="ATTRIBUTE_MARK_PRODUCT" initial="A" htmlFileName="com/matrixone/apps/unittracking/UnitTrackingConstants" containerName="UnitTrackingConstants"  containerType="class" id="869100154" abstract="" />
<data name="ATTRIBUTE_MARK_TOOLING_ID" initial="A" htmlFileName="com/matrixone/apps/unittracking/UnitTrackingConstants" containerName="UnitTrackingConstants"  containerType="class" id="-372510727" abstract="" />
<data name="ATTRIBUTE_MARKED_BY" initial="A" htmlFileName="com/matrixone/apps/unittracking/UnitTrackingConstants" containerName="UnitTrackingConstants"  containerType="class" id="2032536577" abstract="" />
<data name="ATTRIBUTE_MARKING_METHOD" initial="A" htmlFileName="com/matrixone/apps/unittracking/UnitTrackingConstants" containerName="UnitTrackingConstants"  containerType="class" id="-1160417304" abstract="" />
<data name="ATTRIBUTE_OTHER_MARKING_METHOD" initial="A" htmlFileName="com/matrixone/apps/unittracking/UnitTrackingConstants" containerName="UnitTrackingConstants"  containerType="class" id="-471749801" abstract="" />
<data name="ATTRIBUTE_UNINSTALLED_DATE" initial="A" htmlFileName="com/matrixone/apps/unittracking/UnitTrackingConstants" containerName="UnitTrackingConstants"  containerType="class" id="-1726348183" abstract="" />
<data name="INTERFACE_UNIT_DATA" initial="I" htmlFileName="com/matrixone/apps/unittracking/UnitTrackingConstants" containerName="UnitTrackingConstants"  containerType="class" id="1909284505" abstract="" />
<data name="POLICY_BUILD" initial="P" htmlFileName="com/matrixone/apps/unittracking/UnitTrackingConstants" containerName="UnitTrackingConstants"  containerType="class" id="-73810757" abstract="" />
<data name="POLICY_LOT" initial="P" htmlFileName="com/matrixone/apps/unittracking/UnitTrackingConstants" containerName="UnitTrackingConstants"  containerType="class" id="1754596574" abstract="" />
<data name="RELATIONSHIP_ASSHIPPED" initial="R" htmlFileName="com/matrixone/apps/unittracking/UnitTrackingConstants" containerName="UnitTrackingConstants"  containerType="class" id="-1392637260" abstract="" />
<data name="RELATIONSHIP_ASSOCIATED_MANUFACTURING_PLANS" initial="R" htmlFileName="com/matrixone/apps/unittracking/UnitTrackingConstants" containerName="UnitTrackingConstants"  containerType="class" id="208118481" abstract="" />
<data name="RELATIONSHIP_PART_MARKING" initial="R" htmlFileName="com/matrixone/apps/unittracking/UnitTrackingConstants" containerName="UnitTrackingConstants"  containerType="class" id="1201261674" abstract="" />
<data name="RELATIONSHIP_PART_MARKING_SPECIFICATION" initial="R" htmlFileName="com/matrixone/apps/unittracking/UnitTrackingConstants" containerName="UnitTrackingConstants"  containerType="class" id="426357070" abstract="" />
<data name="RELATIONSHIP_PLANNED_BUILDS" initial="R" htmlFileName="com/matrixone/apps/unittracking/UnitTrackingConstants" containerName="UnitTrackingConstants"  containerType="class" id="-1014189983" abstract="" />
<data name="RELATIONSHIP_REPLACEDBY" initial="R" htmlFileName="com/matrixone/apps/unittracking/UnitTrackingConstants" containerName="UnitTrackingConstants"  containerType="class" id="1614032424" abstract="" />
<data name="RELATIONSHIP_UNITBOM" initial="R" htmlFileName="com/matrixone/apps/unittracking/UnitTrackingConstants" containerName="UnitTrackingConstants"  containerType="class" id="-2115144625" abstract="" />
<data name="SESSION_BUILD_IDS" initial="S" htmlFileName="com/matrixone/apps/unittracking/UnitTrackingConstants" containerName="UnitTrackingConstants"  containerType="class" id="-556347432" abstract="" />
<data name="SESSION_UNIT_CONTEXT" initial="S" htmlFileName="com/matrixone/apps/unittracking/UnitTrackingConstants" containerName="UnitTrackingConstants"  containerType="class" id="-792632649" abstract="" />
<data name="STATE_BUILD_STATE_BUILD" initial="S" htmlFileName="com/matrixone/apps/unittracking/UnitTrackingConstants" containerName="UnitTrackingConstants"  containerType="class" id="1944692731" abstract="" />
<data name="STATE_BUILD_STATE_COMPLETE" initial="S" htmlFileName="com/matrixone/apps/unittracking/UnitTrackingConstants" containerName="UnitTrackingConstants"  containerType="class" id="-1015096416" abstract="" />
<data name="STATE_BUILD_STATE_PLAN" initial="S" htmlFileName="com/matrixone/apps/unittracking/UnitTrackingConstants" containerName="UnitTrackingConstants"  containerType="class" id="728212496" abstract="" />
<data name="STATE_BUILD_STATE_RELEASE" initial="S" htmlFileName="com/matrixone/apps/unittracking/UnitTrackingConstants" containerName="UnitTrackingConstants"  containerType="class" id="784760916" abstract="" />
<data name="STATE_LOT_STATE_COMPLETE" initial="S" htmlFileName="com/matrixone/apps/unittracking/UnitTrackingConstants" containerName="UnitTrackingConstants"  containerType="class" id="176676189" abstract="" />
<data name="STATE_LOT_STATE_CREATE" initial="S" htmlFileName="com/matrixone/apps/unittracking/UnitTrackingConstants" containerName="UnitTrackingConstants"  containerType="class" id="-91016672" abstract="" />
<data name="STATE_LOT_STATE_OBSOLETE" initial="S" htmlFileName="com/matrixone/apps/unittracking/UnitTrackingConstants" containerName="UnitTrackingConstants"  containerType="class" id="1533002173" abstract="" />
<data name="TYPE_LOTS" initial="T" htmlFileName="com/matrixone/apps/unittracking/UnitTrackingConstants" containerName="UnitTrackingConstants"  containerType="class" id="1767231969" abstract="" />
<data name="TYPE_MANUFACTURING_PLAN" initial="T" htmlFileName="com/matrixone/apps/unittracking/UnitTrackingConstants" containerName="UnitTrackingConstants"  containerType="class" id="123095945" abstract="" />
<data name="TYPE_PART_MARKING" initial="T" htmlFileName="com/matrixone/apps/unittracking/UnitTrackingConstants" containerName="UnitTrackingConstants"  containerType="class" id="634886056" abstract="" />
<data name="TYPE_UNIT" initial="T" htmlFileName="com/matrixone/apps/unittracking/UnitTrackingConstants" containerName="UnitTrackingConstants"  containerType="class" id="-1703419101" abstract="" />
<class name="UnitTrackingUtil" initial="U" htmlFileName="com/matrixone/apps/unittracking/UnitTrackingUtil"  fatherClass="ProductLineCommon" fatherId="-274982358" fatherType="class"  DSCharacteristic="class" id="-321023733" abstract="UnitTrackingUtil class contains all the utility methods used as" packageName="com.matrixone.apps.unittracking" packagePath="com/matrixone/apps/unittracking/" packageAbstract="" />
<method name="addExistingProdBuildsToMfgPlans" initial="a" htmlFileName="com/matrixone/apps/unittracking/UnitTrackingUtil" containerName="UnitTrackingUtil"  containerType="class" id="-1602311824" argList="(matrix.db.Context, java.util.HashMap)" abstract="Adds Existing builds into a Manufacturing Plan." />
<method name="allocateBuildsToProduct" initial="a" htmlFileName="com/matrixone/apps/unittracking/UnitTrackingUtil" containerName="UnitTrackingUtil"  containerType="class" id="-599413085" argList="(matrix.db.Context, java.util.HashMap)" abstract="Allocates Builds to Products at Model Level." />
<method name="assignManufacturingPlanToBuild" initial="a" htmlFileName="com/matrixone/apps/unittracking/UnitTrackingUtil" containerName="UnitTrackingUtil"  containerType="class" id="626555500" argList="(matrix.db.Context, java.lang.String, java.lang.String)" abstract="To connect a Build to a Manufacturing Plan" />
<method name="checkForOrphanUnit" initial="c" htmlFileName="com/matrixone/apps/unittracking/UnitTrackingUtil" containerName="UnitTrackingUtil"  containerType="class" id="-421609634" argList="(matrix.db.Context, java.lang.String[])" abstract="Checks whether the Units have a Part connected with relationship Assigned" />
<method name="connectIPUs" initial="c" htmlFileName="com/matrixone/apps/unittracking/UnitTrackingUtil" containerName="UnitTrackingUtil"  containerType="class" id="-1711205312" argList="(matrix.db.Context, java.lang.String[], java.lang.String, java.lang.String)" abstract="Connects selected units as intended product units to the Build." />
<method name="connectOperation" initial="c" htmlFileName="com/matrixone/apps/unittracking/UnitTrackingUtil" containerName="UnitTrackingUtil"  containerType="class" id="-101692594" argList="(matrix.db.Context, java.util.HashMap)" abstract="A generic connect operation to connect Part with Unit and Part Marking" />
<method name="createLot" initial="c" htmlFileName="com/matrixone/apps/unittracking/UnitTrackingUtil" containerName="UnitTrackingUtil"  containerType="class" id="110005862" argList="(matrix.db.Context, java.util.HashMap)" abstract="Creates one or more lots, connects all the newly created lots to the Part" />
<method name="disconnectManufacturingPlans" initial="d" htmlFileName="com/matrixone/apps/unittracking/UnitTrackingUtil" containerName="UnitTrackingUtil"  containerType="class" id="-246352647" argList="(matrix.db.Context, java.lang.String)" abstract="Removes builds from a Manufacturing Plan." />
<method name="disconnectManufacturingPlans" initial="d" htmlFileName="com/matrixone/apps/unittracking/UnitTrackingUtil" containerName="UnitTrackingUtil"  containerType="class" id="-246352647" argList="(matrix.db.Context, java.lang.String, java.lang.String)" abstract="Removes builds from a Manufacturing Plan." />
<method name="disConnectOrphanUnits" initial="d" htmlFileName="com/matrixone/apps/unittracking/UnitTrackingUtil" containerName="UnitTrackingUtil"  containerType="class" id="-1189535012" argList="(matrix.db.Context, java.lang.String[])" abstract="Disconnects if a Unit in the list is connected to Part with relationship" />
<method name="filterUnitsForInstall" initial="f" htmlFileName="com/matrixone/apps/unittracking/UnitTrackingUtil" containerName="UnitTrackingUtil"  containerType="class" id="1956341114" argList="(matrix.db.Context, com.matrixone.apps.domain.util.MapList)" abstract="Validates the selected items for the complete/release state and its" />
<method name="getAddExistingBuildOnPartURL" initial="g" htmlFileName="com/matrixone/apps/unittracking/UnitTrackingUtil" containerName="UnitTrackingUtil"  containerType="class" id="1945051702" argList="(matrix.db.Context)" abstract="Constructs the URL String for adding existing builds in Part context Unit" />
<method name="getAddExistingLotURL" initial="g" htmlFileName="com/matrixone/apps/unittracking/UnitTrackingUtil" containerName="UnitTrackingUtil"  containerType="class" id="1138982533" argList="(matrix.db.Context, java.lang.String)" abstract="Constructs the URL String for adding existing Lots in Unit power view." />
<method name="getAsBuiltAddExistingURL" initial="g" htmlFileName="com/matrixone/apps/unittracking/UnitTrackingUtil" containerName="UnitTrackingUtil"  containerType="class" id="-147756534" argList="(matrix.db.Context, java.lang.String, java.lang.String)" abstract="Constructs the URL String for AddExisting operation in As-Built Page." />
<method name="getAsBuiltAddNewBuildURL" initial="g" htmlFileName="com/matrixone/apps/unittracking/UnitTrackingUtil" containerName="UnitTrackingUtil"  containerType="class" id="1199562311" argList="(matrix.db.Context, java.lang.String, java.lang.String)" abstract="Constructs the URL String for Add New build operation in As-Built page." />
<method name="getAsBuiltAddNewLotURL" initial="g" htmlFileName="com/matrixone/apps/unittracking/UnitTrackingUtil" containerName="UnitTrackingUtil"  containerType="class" id="-481607164" argList="(matrix.db.Context, java.lang.String, java.lang.String, java.lang.String, java.lang.String)" abstract="Constructs the URL String for Add New Lot operation in As-Built page." />
<method name="getAssociatedManufacturingPlan" initial="g" htmlFileName="com/matrixone/apps/unittracking/UnitTrackingUtil" containerName="UnitTrackingUtil"  containerType="class" id="-282827492" argList="(matrix.db.Context, java.lang.String)" abstract="To get the associated Manufacturing Plan" />
<method name="getCreateBuildOnPartURL" initial="g" htmlFileName="com/matrixone/apps/unittracking/UnitTrackingUtil" containerName="UnitTrackingUtil"  containerType="class" id="-1582802926" argList="(matrix.db.Context)" abstract="Constructs the URL String for Create Build operation from Part context." />
<method name="getCreateNewLotURL" initial="g" htmlFileName="com/matrixone/apps/unittracking/UnitTrackingUtil" containerName="UnitTrackingUtil"  containerType="class" id="281842365" argList="(matrix.db.Context, java.lang.String)" abstract="Constructs the URL String for Add New Lot operation." />
<method name="getCreateNewLotURLForAsBuilt" initial="g" htmlFileName="com/matrixone/apps/unittracking/UnitTrackingUtil" containerName="UnitTrackingUtil"  containerType="class" id="-2132256256" argList="(matrix.db.Context, java.lang.String)" abstract="Constructs the URL String for Add New Lot operation." />
<method name="getCreateNewLotURLForPart" initial="g" htmlFileName="com/matrixone/apps/unittracking/UnitTrackingUtil" containerName="UnitTrackingUtil"  containerType="class" id="269256161" argList="(matrix.db.Context, java.lang.String)" abstract="Constructs the URL String for Add New Lot operation." />
<method name="getCreateNewLotURLForSummaryPage" initial="g" htmlFileName="com/matrixone/apps/unittracking/UnitTrackingUtil" containerName="UnitTrackingUtil"  containerType="class" id="399808425" argList="(matrix.db.Context, java.lang.String)" abstract="Constructs the URL String for Add New Lot operation." />
<method name="getCreatePartMarkingURL" initial="g" htmlFileName="com/matrixone/apps/unittracking/UnitTrackingUtil" containerName="UnitTrackingUtil"  containerType="class" id="403464784" argList="(matrix.db.Context)" abstract="Constructs the URL String for Creating Part Marking." />
<method name="getPlannedBuildRelationship" initial="g" htmlFileName="com/matrixone/apps/unittracking/UnitTrackingUtil" containerName="UnitTrackingUtil"  containerType="class" id="-170704055" argList="(matrix.db.Context, java.lang.String)" abstract="To get the Planned Build Relationship id of the Build" />
<method name="getProcessOperURL" initial="g" htmlFileName="com/matrixone/apps/unittracking/UnitTrackingUtil" containerName="UnitTrackingUtil"  containerType="class" id="1783715641" argList="(matrix.db.Context, java.lang.String, java.lang.String, java.lang.String, java.lang.String)" abstract="Constructs the URL String for process operation in As-Built Page." />
<method name="getProductsForModelLevelAllocation" initial="g" htmlFileName="com/matrixone/apps/unittracking/UnitTrackingUtil" containerName="UnitTrackingUtil"  containerType="class" id="816945467" argList="(matrix.db.Context, java.lang.String)" abstract="Retrieves all candidate Product Revisions and Product Versions related to" />
<method name="getReplaceUnitData" initial="g" htmlFileName="com/matrixone/apps/unittracking/UnitTrackingUtil" containerName="UnitTrackingUtil"  containerType="class" id="-621377443" argList="(matrix.db.Context, java.lang.String, java.lang.String, java.lang.String, java.lang.String)" abstract="Returns the Replace object information" />
<method name="getReplaceWithUnitData" initial="g" htmlFileName="com/matrixone/apps/unittracking/UnitTrackingUtil" containerName="UnitTrackingUtil"  containerType="class" id="-2074426429" argList="(matrix.db.Context, java.lang.String, java.lang.String, java.lang.String, java.lang.String)" abstract="Returns the Replace With Unit information" />
<method name="getUnitBOM" initial="g" htmlFileName="com/matrixone/apps/unittracking/UnitTrackingUtil" containerName="UnitTrackingUtil"  containerType="class" id="-1966921129" argList="(matrix.db.Context, java.lang.String)" abstract="Returns the object ids of all the Builds and Lots in the As Built" />
<method name="getUnitBOM" initial="g" htmlFileName="com/matrixone/apps/unittracking/UnitTrackingUtil" containerName="UnitTrackingUtil"  containerType="class" id="-1966921129" argList="(matrix.db.Context, java.lang.String, java.lang.Short)" abstract="Returns the object ids of all the Builds and Lots in the As Built" />
<method name="hasUninstalledParent" initial="h" htmlFileName="com/matrixone/apps/unittracking/UnitTrackingUtil" containerName="UnitTrackingUtil"  containerType="class" id="1434413634" argList="(matrix.db.Context, java.lang.String)" abstract="To check whether the selected unit has an Uninstalled parent or not" />
<method name="isAddManufacturingPlanAllowed" initial="i" htmlFileName="com/matrixone/apps/unittracking/UnitTrackingUtil" containerName="UnitTrackingUtil"  containerType="class" id="-1261871159" argList="(matrix.db.Context, java.lang.String)" abstract="To check whether the Build is in right state for the Manufacturing Plan" />
<method name="isContextUnit" initial="i" htmlFileName="com/matrixone/apps/unittracking/UnitTrackingUtil" containerName="UnitTrackingUtil"  containerType="class" id="-638155014" argList="(matrix.db.Context, java.lang.String, java.lang.String)" abstract="Checks whether the selected unit exist in the context Unit BOM" />
<method name="isRemoveManufacturingPlanAllowed" initial="i" htmlFileName="com/matrixone/apps/unittracking/UnitTrackingUtil" containerName="UnitTrackingUtil"  containerType="class" id="1591471296" argList="(matrix.db.Context, java.lang.String)" abstract="To check whether the Manufacturing Plan connected to a build can be" />
<method name="moveBuildsToMfgPlans" initial="m" htmlFileName="com/matrixone/apps/unittracking/UnitTrackingUtil" containerName="UnitTrackingUtil"  containerType="class" id="-1757699074" argList="(matrix.db.Context, java.util.HashMap)" abstract="Moves the builds from one Manufacturing Plan to another." />
<method name="moveBuildsToProduct" initial="m" htmlFileName="com/matrixone/apps/unittracking/UnitTrackingUtil" containerName="UnitTrackingUtil"  containerType="class" id="-1358330225" argList="(matrix.db.Context, java.util.HashMap)" abstract="Moves Builds from one product to another at Model Level." />
<method name="moveBuildToManufacturingPlan" initial="m" htmlFileName="com/matrixone/apps/unittracking/UnitTrackingUtil" containerName="UnitTrackingUtil"  containerType="class" id="-2084005344" argList="(matrix.db.Context, java.lang.String, java.lang.String)" abstract="Moves a build in plan or build state to the provided Manufacturing Plan." />
<method name="removeBuildsFromPlan" initial="r" htmlFileName="com/matrixone/apps/unittracking/UnitTrackingUtil" containerName="UnitTrackingUtil"  containerType="class" id="-1514298643" argList="(matrix.db.Context, java.lang.String[], java.lang.String[])" abstract="Verifies the builds are in Plan State and Disconnects them from" />
<method name="unitOperation" initial="u" htmlFileName="com/matrixone/apps/unittracking/UnitTrackingUtil" containerName="UnitTrackingUtil"  containerType="class" id="-657640588" argList="(matrix.db.Context, java.lang.String, java.lang.String[], java.lang.String[], java.lang.String)" abstract="Performs the unit operation after filtering the units based on the type" />
<method name="validateAddExistingInUBOM" initial="v" htmlFileName="com/matrixone/apps/unittracking/UnitTrackingUtil" containerName="UnitTrackingUtil"  containerType="class" id="2098368183" argList="(matrix.db.Context, java.lang.String[])" abstract="Validates the units prior to adding them as UBOM, A sublist of units" />
<constructor name="UnitTrackingUtil" initial="U" htmlFileName="com/matrixone/apps/unittracking/UnitTrackingUtil" containerName="UnitTrackingUtil"  containerType="class" id="-821878451" argList="()" abstract="Default constructor." />
</fw>

