<?xml version="1.0" encoding="utf-8"?>
<fw name="ENOUnresolvedEBOM" footer="Copyright &#169; 1999-2016, Dassault Syst&#232;mes. All rights reserved. ">
<class name="CFFUtil" initial="C" htmlFileName="com/matrixone/apps/unresolvedebom/CFFUtil"  fatherClass="Object" fatherId="-1254043011" fatherType="class"  DSCharacteristic="class" id="1569733567" abstract="" packageName="com.matrixone.apps.unresolvedebom" packagePath="com/matrixone/apps/unresolvedebom/" packageAbstract="" />
<method name="add" initial="a" htmlFileName="com/matrixone/apps/unresolvedebom/CFFUtil" containerName="CFFUtil"  containerType="class" id="1061957326" argList="(matrix.db.Context, matrix.db.Relationship, java.lang.String)" abstract="" />
<method name="addConfigurationContext" initial="a" htmlFileName="com/matrixone/apps/unresolvedebom/CFFUtil" containerName="CFFUtil"  containerType="class" id="899266951" argList="(matrix.db.Context, java.lang.String, matrix.util.StringList)" abstract="" />
<method name="getCompiledBinary" initial="g" htmlFileName="com/matrixone/apps/unresolvedebom/CFFUtil" containerName="CFFUtil"  containerType="class" id="-1401901611" argList="(matrix.db.Context, com.matrixone.apps.unresolvedebom.IConfigBOMRefinements)" abstract="" />
<method name="getConfigurationContextSearchTypes" initial="g" htmlFileName="com/matrixone/apps/unresolvedebom/CFFUtil" containerName="CFFUtil"  containerType="class" id="-1755594417" argList="(matrix.db.Context, java.lang.String)" abstract="" />
<method name="getCurrentEffectivityDisplayExpression" initial="g" htmlFileName="com/matrixone/apps/unresolvedebom/CFFUtil" containerName="CFFUtil"  containerType="class" id="950538618" argList="(matrix.db.Context, java.lang.String)" abstract="" />
<method name="getEffectivityExpression" initial="g" htmlFileName="com/matrixone/apps/unresolvedebom/CFFUtil" containerName="CFFUtil"  containerType="class" id="-1620378657" argList="(matrix.db.Context, java.lang.String)" abstract="" />
<method name="getEffectivityOnChange" initial="g" htmlFileName="com/matrixone/apps/unresolvedebom/CFFUtil" containerName="CFFUtil"  containerType="class" id="-720245514" argList="(matrix.db.Context, java.lang.String)" abstract="" />
<method name="getEffectivityOnChangeDisplayExpression" initial="g" htmlFileName="com/matrixone/apps/unresolvedebom/CFFUtil" containerName="CFFUtil"  containerType="class" id="-1054532258" argList="(matrix.db.Context, java.lang.String)" abstract="" />
<method name="getExpressionForPC" initial="g" htmlFileName="com/matrixone/apps/unresolvedebom/CFFUtil" containerName="CFFUtil"  containerType="class" id="880189179" argList="(matrix.db.Context, matrix.util.StringList)" abstract="" />
<method name="isEffectivityEqual" initial="i" htmlFileName="com/matrixone/apps/unresolvedebom/CFFUtil" containerName="CFFUtil"  containerType="class" id="-1104428709" argList="(matrix.db.Context, java.lang.String, java.lang.String, java.lang.String)" abstract="" />
<method name="isEmptyEffectivityOnChange" initial="i" htmlFileName="com/matrixone/apps/unresolvedebom/CFFUtil" containerName="CFFUtil"  containerType="class" id="1999464105" argList="(matrix.db.Context, java.lang.String)" abstract="" />
<method name="isEmptyEffectivityOnRelationship" initial="i" htmlFileName="com/matrixone/apps/unresolvedebom/CFFUtil" containerName="CFFUtil"  containerType="class" id="-1108981199" argList="(matrix.db.Context, java.lang.String)" abstract="" />
<method name="isIntersectEffectivity" initial="i" htmlFileName="com/matrixone/apps/unresolvedebom/CFFUtil" containerName="CFFUtil"  containerType="class" id="1859669448" argList="(matrix.db.Context, java.lang.String, java.lang.String)" abstract="" />
<method name="isProposedExpressionExists" initial="i" htmlFileName="com/matrixone/apps/unresolvedebom/CFFUtil" containerName="CFFUtil"  containerType="class" id="1506179025" argList="(matrix.db.Context, java.lang.String)" abstract="" />
<method name="remove" initial="r" htmlFileName="com/matrixone/apps/unresolvedebom/CFFUtil" containerName="CFFUtil"  containerType="class" id="1115840625" argList="(matrix.db.Context, matrix.db.Relationship, java.lang.String)" abstract="" />
<method name="replace" initial="r" htmlFileName="com/matrixone/apps/unresolvedebom/CFFUtil" containerName="CFFUtil"  containerType="class" id="-752732511" argList="(matrix.db.Context, matrix.db.Relationship, matrix.db.Relationship, java.lang.String)" abstract="" />
<method name="updateRelExpression" initial="u" htmlFileName="com/matrixone/apps/unresolvedebom/CFFUtil" containerName="CFFUtil"  containerType="class" id="822445749" argList="(matrix.db.Context, java.lang.String, java.lang.String)" abstract="" />
<constructor name="CFFUtil" initial="C" htmlFileName="com/matrixone/apps/unresolvedebom/CFFUtil" containerName="CFFUtil"  containerType="class" id="887095809" argList="()" abstract="" />
<class name="ConfigBOMRefinements" initial="C" htmlFileName="com/matrixone/apps/unresolvedebom/ConfigBOMRefinements"  fatherClass="BOMRefinements" fatherId="-1177305787" fatherType="class"  DSCharacteristic="class" id="214558490" abstract="" packageName="com.matrixone.apps.unresolvedebom" packagePath="com/matrixone/apps/unresolvedebom/" packageAbstract="" />
<method name="getConfigurationView" initial="g" htmlFileName="com/matrixone/apps/unresolvedebom/ConfigBOMRefinements" containerName="ConfigBOMRefinements"  containerType="class" id="-1229669582" argList="()" abstract="" />
<method name="getEffectivityExpression" initial="g" htmlFileName="com/matrixone/apps/unresolvedebom/ConfigBOMRefinements" containerName="ConfigBOMRefinements"  containerType="class" id="-1620378657" argList="()" abstract="" />
<method name="getEffectivityExpressionOperator" initial="g" htmlFileName="com/matrixone/apps/unresolvedebom/ConfigBOMRefinements" containerName="ConfigBOMRefinements"  containerType="class" id="-862145629" argList="()" abstract="" />
<method name="getFilterByChangeIdList" initial="g" htmlFileName="com/matrixone/apps/unresolvedebom/ConfigBOMRefinements" containerName="ConfigBOMRefinements"  containerType="class" id="-1864478565" argList="()" abstract="" />
<method name="getPredefinedConfigurations" initial="g" htmlFileName="com/matrixone/apps/unresolvedebom/ConfigBOMRefinements" containerName="ConfigBOMRefinements"  containerType="class" id="-572813434" argList="()" abstract="" />
<method name="setConfigurationView" initial="s" htmlFileName="com/matrixone/apps/unresolvedebom/ConfigBOMRefinements" containerName="ConfigBOMRefinements"  containerType="class" id="1442775206" argList="(java.lang.String)" abstract="" />
<method name="setEffectivityExpression" initial="s" htmlFileName="com/matrixone/apps/unresolvedebom/ConfigBOMRefinements" containerName="ConfigBOMRefinements"  containerType="class" id="1550673747" argList="(java.lang.String)" abstract="" />
<method name="setEffectivityExpressionOperator" initial="s" htmlFileName="com/matrixone/apps/unresolvedebom/ConfigBOMRefinements" containerName="ConfigBOMRefinements"  containerType="class" id="822504215" argList="(java.lang.String)" abstract="" />
<method name="setFilterByChangeIdList" initial="s" htmlFileName="com/matrixone/apps/unresolvedebom/ConfigBOMRefinements" containerName="ConfigBOMRefinements"  containerType="class" id="1424402087" argList="(matrix.util.StringList)" abstract="" />
<method name="setPredefinedConfigurations" initial="s" htmlFileName="com/matrixone/apps/unresolvedebom/ConfigBOMRefinements" containerName="ConfigBOMRefinements"  containerType="class" id="443678610" argList="(matrix.util.StringList)" abstract="" />
<constructor name="ConfigBOMRefinements" initial="C" htmlFileName="com/matrixone/apps/unresolvedebom/ConfigBOMRefinements" containerName="ConfigBOMRefinements"  containerType="class" id="1824816412" argList="()" abstract="" />
<class name="ConfigBOMService" initial="C" htmlFileName="com/matrixone/apps/unresolvedebom/ConfigBOMService"  fatherClass="Object" fatherId="-1254043011" fatherType="class"  DSCharacteristic="class" id="-1812825075" abstract="" packageName="com.matrixone.apps.unresolvedebom" packagePath="com/matrixone/apps/unresolvedebom/" packageAbstract="" />
<method name="add" initial="a" htmlFileName="com/matrixone/apps/unresolvedebom/ConfigBOMService" containerName="ConfigBOMService"  containerType="class" id="1061957326" argList="(matrix.db.Context, com.matrixone.apps.unresolvedebom.IConfigBOMRefinements)" abstract="" />
<method name="consolidateCompare" initial="c" htmlFileName="com/matrixone/apps/unresolvedebom/ConfigBOMService" containerName="ConfigBOMService"  containerType="class" id="518921993" argList="(matrix.db.Context, java.lang.String, com.dassault_systemes.enovia.bom.modeler.dvo.BOMNode, com.dassault_systemes.enovia.bom.modeler.dvo.BOMNode)" abstract="" />
<method name="getChangeBOMView" initial="g" htmlFileName="com/matrixone/apps/unresolvedebom/ConfigBOMService" containerName="ConfigBOMService"  containerType="class" id="181602988" argList="(matrix.db.Context, java.lang.String, com.matrixone.apps.unresolvedebom.IConfigBOMRefinements)" abstract="" />
<method name="getConsolidatedOfficialBOM" initial="g" htmlFileName="com/matrixone/apps/unresolvedebom/ConfigBOMService" containerName="ConfigBOMService"  containerType="class" id="382295441" argList="(matrix.db.Context, java.lang.String, com.matrixone.apps.unresolvedebom.IConfigBOMRefinements)" abstract="" />
<method name="getConsolidatedProjectedBOM" initial="g" htmlFileName="com/matrixone/apps/unresolvedebom/ConfigBOMService" containerName="ConfigBOMService"  containerType="class" id="-391158682" argList="(matrix.db.Context, java.lang.String, com.matrixone.apps.unresolvedebom.IConfigBOMRefinements)" abstract="" />
<method name="getInfo" initial="g" htmlFileName="com/matrixone/apps/unresolvedebom/ConfigBOMService" containerName="ConfigBOMService"  containerType="class" id="2109291793" argList="(matrix.db.Context, java.lang.String)" abstract="" />
<method name="getOfficialBOM" initial="g" htmlFileName="com/matrixone/apps/unresolvedebom/ConfigBOMService" containerName="ConfigBOMService"  containerType="class" id="940691788" argList="(matrix.db.Context, java.lang.String, com.matrixone.apps.unresolvedebom.IConfigBOMRefinements)" abstract="" />
<method name="getProjectedBOM" initial="g" htmlFileName="com/matrixone/apps/unresolvedebom/ConfigBOMService" containerName="ConfigBOMService"  containerType="class" id="-260741109" argList="(matrix.db.Context, java.lang.String, com.matrixone.apps.unresolvedebom.IConfigBOMRefinements)" abstract="" />
<method name="getRefinementInstance" initial="g" htmlFileName="com/matrixone/apps/unresolvedebom/ConfigBOMService" containerName="ConfigBOMService"  containerType="class" id="393995107" argList="()" abstract="" />
<method name="modify" initial="m" htmlFileName="com/matrixone/apps/unresolvedebom/ConfigBOMService" containerName="ConfigBOMService"  containerType="class" id="-10833881" argList="(matrix.db.Context, com.matrixone.apps.unresolvedebom.IConfigBOMRefinements)" abstract="" />
<method name="remove" initial="r" htmlFileName="com/matrixone/apps/unresolvedebom/ConfigBOMService" containerName="ConfigBOMService"  containerType="class" id="1115840625" argList="(matrix.db.Context, com.matrixone.apps.unresolvedebom.IConfigBOMRefinements)" abstract="" />
<method name="replace" initial="r" htmlFileName="com/matrixone/apps/unresolvedebom/ConfigBOMService" containerName="ConfigBOMService"  containerType="class" id="-752732511" argList="(matrix.db.Context, com.matrixone.apps.unresolvedebom.IConfigBOMRefinements)" abstract="" />
<method name="update" initial="u" htmlFileName="com/matrixone/apps/unresolvedebom/ConfigBOMService" containerName="ConfigBOMService"  containerType="class" id="1812918518" argList="(matrix.db.Context, java.lang.String, com.dassault_systemes.enovia.bom.modeler.dvo.BOMNode, com.dassault_systemes.enovia.bom.modeler.dvo.BOMNode)" abstract="" />
<constructor name="ConfigBOMService" initial="C" htmlFileName="com/matrixone/apps/unresolvedebom/ConfigBOMService" containerName="ConfigBOMService"  containerType="class" id="1186484175" argList="(matrix.db.Context)" abstract="" />
<class name="ConfigPartService" initial="C" htmlFileName="com/matrixone/apps/unresolvedebom/ConfigPartService"  fatherClass="PartService" fatherId="767120166" fatherType="class"  DSCharacteristic="class" id="684052740" abstract="" packageName="com.matrixone.apps.unresolvedebom" packagePath="com/matrixone/apps/unresolvedebom/" packageAbstract="" />
<method name="create" initial="c" htmlFileName="com/matrixone/apps/unresolvedebom/ConfigPartService" containerName="ConfigPartService"  containerType="class" id="1211829993" argList="(matrix.db.Context, java.lang.String, java.lang.String, java.lang.String, boolean, java.lang.String, java.util.Map&lt;java.lang.String, java.lang.String&gt;)" abstract="" />
<method name="createUsingSeries" initial="c" htmlFileName="com/matrixone/apps/unresolvedebom/ConfigPartService" containerName="ConfigPartService"  containerType="class" id="122490156" argList="(matrix.db.Context, java.lang.String, java.lang.String, java.lang.String, boolean, java.lang.String, java.util.Map&lt;java.lang.String, java.lang.String&gt;)" abstract="" />
<constructor name="ConfigPartService" initial="C" htmlFileName="com/matrixone/apps/unresolvedebom/ConfigPartService" containerName="ConfigPartService"  containerType="class" id="1189072774" argList="(matrix.db.Context)" abstract="" />
<class name="ECCSynchronization" initial="E" htmlFileName="com/matrixone/apps/unresolvedebom/ECCSynchronization"  fatherClass="VPLMIntegSyncECCModelerAdapter" fatherId="-2128658957" fatherType="class"  DSCharacteristic="class" id="-827647959" abstract="" packageName="com.matrixone.apps.unresolvedebom" packagePath="com/matrixone/apps/unresolvedebom/" packageAbstract="" />
<method name="checkEffectivityTypeIsUnit" initial="c" htmlFileName="com/matrixone/apps/unresolvedebom/ECCSynchronization" containerName="ECCSynchronization"  containerType="class" id="1033762301" argList="()" abstract="Checks if the structure effectivity is Unit." />
<method name="checkEffectivityTypeIsUnit" initial="c" htmlFileName="com/matrixone/apps/unresolvedebom/ECCSynchronization" containerName="ECCSynchronization"  containerType="class" id="1033762301" argList="(matrix.db.Context, java.lang.String)" abstract="Checks if the effectivity type is unit" />
<method name="getConfigurationContext" initial="g" htmlFileName="com/matrixone/apps/unresolvedebom/ECCSynchronization" containerName="ECCSynchronization"  containerType="class" id="-110297092" argList="(matrix.db.Context, java.lang.String)" abstract="" />
<method name="getCurrentModelsInStructure" initial="g" htmlFileName="com/matrixone/apps/unresolvedebom/ECCSynchronization" containerName="ECCSynchronization"  containerType="class" id="-1336642514" argList="()" abstract="Get&apos;s all the models in the structure" />
<method name="getCurrentUnitsInStructure" initial="g" htmlFileName="com/matrixone/apps/unresolvedebom/ECCSynchronization" containerName="ECCSynchronization"  containerType="class" id="1869080495" argList="()" abstract="Get&apos;s all the units stored in the structure" />
<method name="getRelValidatedEffectivity" initial="g" htmlFileName="com/matrixone/apps/unresolvedebom/ECCSynchronization" containerName="ECCSynchronization"  containerType="class" id="2055080882" argList="(matrix.db.Context, com.matrixone.apps.domain.util.MapList)" abstract="Get&apos;s all the validated effectivity for a multiple Rel." />
<method name="getRelValidatedEffectivity" initial="g" htmlFileName="com/matrixone/apps/unresolvedebom/ECCSynchronization" containerName="ECCSynchronization"  containerType="class" id="2055080882" argList="(matrix.db.Context, java.lang.String)" abstract="Get&apos;s all the validated effectivity for a single Rel." />
<method name="isPartConfigured" initial="i" htmlFileName="com/matrixone/apps/unresolvedebom/ECCSynchronization" containerName="ECCSynchronization"  containerType="class" id="-571612920" argList="(matrix.db.Context, com.matrixone.apps.domain.DomainObject)" abstract="Checks if the give part is configured or un-configured." />
<method name="isWIPBOM" initial="i" htmlFileName="com/matrixone/apps/unresolvedebom/ECCSynchronization" containerName="ECCSynchronization"  containerType="class" id="536021177" argList="(matrix.db.Context, com.matrixone.apps.domain.DomainObject)" abstract="Checks if the give configured part is a wip part." />
<method name="setRelValidatedEffectivity" initial="s" htmlFileName="com/matrixone/apps/unresolvedebom/ECCSynchronization" containerName="ECCSynchronization"  containerType="class" id="9660966" argList="(matrix.db.Context, com.matrixone.apps.domain.util.MapList)" abstract="Sets the validated effectivity for multiple relationship." />
<method name="setRelValidatedEffectivity" initial="s" htmlFileName="com/matrixone/apps/unresolvedebom/ECCSynchronization" containerName="ECCSynchronization"  containerType="class" id="9660966" argList="(matrix.db.Context, java.lang.String, java.lang.String, java.lang.String)" abstract="Sets the validated effectivity for a single relationship." />
<method name="storeCurrentEffectivity" initial="s" htmlFileName="com/matrixone/apps/unresolvedebom/ECCSynchronization" containerName="ECCSynchronization"  containerType="class" id="-863654427" argList="(matrix.db.Context, com.matrixone.apps.domain.DomainObject, int)" abstract="Queries the complete BOM structure and stores the effectivity information" />
<constructor name="ECCSynchronization" initial="E" htmlFileName="com/matrixone/apps/unresolvedebom/ECCSynchronization" containerName="ECCSynchronization"  containerType="class" id="-1397070101" argList="()" abstract="" />
<class name="IConfigBOMRefinements" initial="I" htmlFileName="com/matrixone/apps/unresolvedebom/IConfigBOMRefinements"  DSCharacteristic="interface" id="-1991368654" abstract="" packageName="com.matrixone.apps.unresolvedebom" packagePath="com/matrixone/apps/unresolvedebom/" packageAbstract="" />
<method name="getConfigurationView" initial="g" htmlFileName="com/matrixone/apps/unresolvedebom/IConfigBOMRefinements" containerName="IConfigBOMRefinements"  containerType="interface" id="-1229669582" argList="()" abstract="" />
<method name="getEffectivityExpression" initial="g" htmlFileName="com/matrixone/apps/unresolvedebom/IConfigBOMRefinements" containerName="IConfigBOMRefinements"  containerType="interface" id="-1620378657" argList="()" abstract="" />
<method name="getEffectivityExpressionOperator" initial="g" htmlFileName="com/matrixone/apps/unresolvedebom/IConfigBOMRefinements" containerName="IConfigBOMRefinements"  containerType="interface" id="-862145629" argList="()" abstract="" />
<method name="getFilterByChangeIdList" initial="g" htmlFileName="com/matrixone/apps/unresolvedebom/IConfigBOMRefinements" containerName="IConfigBOMRefinements"  containerType="interface" id="-1864478565" argList="()" abstract="" />
<method name="getPredefinedConfigurations" initial="g" htmlFileName="com/matrixone/apps/unresolvedebom/IConfigBOMRefinements" containerName="IConfigBOMRefinements"  containerType="interface" id="-572813434" argList="()" abstract="" />
<method name="setConfigurationView" initial="s" htmlFileName="com/matrixone/apps/unresolvedebom/IConfigBOMRefinements" containerName="IConfigBOMRefinements"  containerType="interface" id="1442775206" argList="(java.lang.String)" abstract="" />
<method name="setEffectivityExpression" initial="s" htmlFileName="com/matrixone/apps/unresolvedebom/IConfigBOMRefinements" containerName="IConfigBOMRefinements"  containerType="interface" id="1550673747" argList="(java.lang.String)" abstract="" />
<method name="setEffectivityExpressionOperator" initial="s" htmlFileName="com/matrixone/apps/unresolvedebom/IConfigBOMRefinements" containerName="IConfigBOMRefinements"  containerType="interface" id="822504215" argList="(java.lang.String)" abstract="" />
<method name="setFilterByChangeIdList" initial="s" htmlFileName="com/matrixone/apps/unresolvedebom/IConfigBOMRefinements" containerName="IConfigBOMRefinements"  containerType="interface" id="1424402087" argList="(matrix.util.StringList)" abstract="" />
<method name="setPredefinedConfigurations" initial="s" htmlFileName="com/matrixone/apps/unresolvedebom/IConfigBOMRefinements" containerName="IConfigBOMRefinements"  containerType="interface" id="443678610" argList="(matrix.util.StringList)" abstract="" />
<class name="IConfigBOMService" initial="I" htmlFileName="com/matrixone/apps/unresolvedebom/IConfigBOMService"  DSCharacteristic="interface" id="625788709" abstract="" packageName="com.matrixone.apps.unresolvedebom" packagePath="com/matrixone/apps/unresolvedebom/" packageAbstract="" />
<method name="add" initial="a" htmlFileName="com/matrixone/apps/unresolvedebom/IConfigBOMService" containerName="IConfigBOMService"  containerType="interface" id="1061957326" argList="(matrix.db.Context, com.matrixone.apps.unresolvedebom.IConfigBOMRefinements)" abstract="" />
<method name="getChangeBOMView" initial="g" htmlFileName="com/matrixone/apps/unresolvedebom/IConfigBOMService" containerName="IConfigBOMService"  containerType="interface" id="181602988" argList="(matrix.db.Context, java.lang.String, com.matrixone.apps.unresolvedebom.IConfigBOMRefinements)" abstract="" />
<method name="getConsolidatedOfficialBOM" initial="g" htmlFileName="com/matrixone/apps/unresolvedebom/IConfigBOMService" containerName="IConfigBOMService"  containerType="interface" id="382295441" argList="(matrix.db.Context, java.lang.String, com.matrixone.apps.unresolvedebom.IConfigBOMRefinements)" abstract="" />
<method name="getConsolidatedProjectedBOM" initial="g" htmlFileName="com/matrixone/apps/unresolvedebom/IConfigBOMService" containerName="IConfigBOMService"  containerType="interface" id="-391158682" argList="(matrix.db.Context, java.lang.String, com.matrixone.apps.unresolvedebom.IConfigBOMRefinements)" abstract="" />
<method name="getInfo" initial="g" htmlFileName="com/matrixone/apps/unresolvedebom/IConfigBOMService" containerName="IConfigBOMService"  containerType="interface" id="2109291793" argList="(matrix.db.Context, java.lang.String)" abstract="" />
<method name="getOfficialBOM" initial="g" htmlFileName="com/matrixone/apps/unresolvedebom/IConfigBOMService" containerName="IConfigBOMService"  containerType="interface" id="940691788" argList="(matrix.db.Context, java.lang.String, com.matrixone.apps.unresolvedebom.IConfigBOMRefinements)" abstract="" />
<method name="getProjectedBOM" initial="g" htmlFileName="com/matrixone/apps/unresolvedebom/IConfigBOMService" containerName="IConfigBOMService"  containerType="interface" id="-260741109" argList="(matrix.db.Context, java.lang.String, com.matrixone.apps.unresolvedebom.IConfigBOMRefinements)" abstract="" />
<method name="getRefinementInstance" initial="g" htmlFileName="com/matrixone/apps/unresolvedebom/IConfigBOMService" containerName="IConfigBOMService"  containerType="interface" id="393995107" argList="()" abstract="" />
<method name="modify" initial="m" htmlFileName="com/matrixone/apps/unresolvedebom/IConfigBOMService" containerName="IConfigBOMService"  containerType="interface" id="-10833881" argList="(matrix.db.Context, com.matrixone.apps.unresolvedebom.IConfigBOMRefinements)" abstract="" />
<method name="remove" initial="r" htmlFileName="com/matrixone/apps/unresolvedebom/IConfigBOMService" containerName="IConfigBOMService"  containerType="interface" id="1115840625" argList="(matrix.db.Context, com.matrixone.apps.unresolvedebom.IConfigBOMRefinements)" abstract="" />
<method name="replace" initial="r" htmlFileName="com/matrixone/apps/unresolvedebom/IConfigBOMService" containerName="IConfigBOMService"  containerType="interface" id="-752732511" argList="(matrix.db.Context, com.matrixone.apps.unresolvedebom.IConfigBOMRefinements)" abstract="" />
<class name="IConfigPartService" initial="I" htmlFileName="com/matrixone/apps/unresolvedebom/IConfigPartService"  DSCharacteristic="interface" id="1415662542" abstract="" packageName="com.matrixone.apps.unresolvedebom" packagePath="com/matrixone/apps/unresolvedebom/" packageAbstract="" />
<class name="PUEChange" initial="P" htmlFileName="com/matrixone/apps/unresolvedebom/PUEChange"  fatherClass="Change" fatherId="-669967031" fatherType="class"  DSCharacteristic="class" id="-788317484" abstract="Class containing methods related to PUE Change implementation" packageName="com.matrixone.apps.unresolvedebom" packagePath="com/matrixone/apps/unresolvedebom/" packageAbstract="" />
<method name="createCCA" initial="c" htmlFileName="com/matrixone/apps/unresolvedebom/PUEChange" containerName="PUEChange"  containerType="class" id="779084946" argList="(matrix.db.Context, java.lang.String, java.lang.String)" abstract="" />
<method name="deletePUEECOs" initial="d" htmlFileName="com/matrixone/apps/unresolvedebom/PUEChange" containerName="PUEChange"  containerType="class" id="77015972" argList="(matrix.db.Context, java.lang.String[])" abstract="Method to delete the PUEECOs and re calculate mod stacks for corresponding products" />
<method name="getStringListOfProductsForChangeId" initial="g" htmlFileName="com/matrixone/apps/unresolvedebom/PUEChange" containerName="PUEChange"  containerType="class" id="-710626783" argList="(matrix.db.Context, java.lang.String)" abstract="Returns a StringList of affected product ids for the given PUE ECO." />
<method name="isIntersectEffectivity" initial="i" htmlFileName="com/matrixone/apps/unresolvedebom/PUEChange" containerName="PUEChange"  containerType="class" id="1859669448" argList="(matrix.db.Context, java.lang.String, java.lang.String)" abstract="" />
<method name="validateAndRemoveAffectedItems" initial="v" htmlFileName="com/matrixone/apps/unresolvedebom/PUEChange" containerName="PUEChange"  containerType="class" id="88030868" argList="(matrix.db.Context, matrix.util.StringList, matrix.util.StringList, java.lang.String)" abstract="" />
<data name="effectivity" initial="e" htmlFileName="com/matrixone/apps/unresolvedebom/PUEChange" containerName="PUEChange"  containerType="class" id="7082790" abstract="" />
<class name="PUEECO" initial="P" htmlFileName="com/matrixone/apps/unresolvedebom/PUEECO"  fatherClass="PUEChange" fatherId="-788317484" fatherType="class"  DSCharacteristic="class" id="479096211" abstract="" packageName="com.matrixone.apps.unresolvedebom" packagePath="com/matrixone/apps/unresolvedebom/" packageAbstract="" />
<method name="connectOrDisconnectAffectedItemsToPUEECO" initial="c" htmlFileName="com/matrixone/apps/unresolvedebom/PUEECO" containerName="PUEECO"  containerType="class" id="674161372" argList="(matrix.db.Context, matrix.util.StringList, java.lang.String, boolean, java.lang.String)" abstract="Wrapper method to connect or disconnect PUE ECOs to Configured Parts" />
<method name="isChangeReleased" initial="i" htmlFileName="com/matrixone/apps/unresolvedebom/PUEECO" containerName="PUEECO"  containerType="class" id="-1266110844" argList="(matrix.db.Context, java.lang.String, java.lang.String)" abstract="Returns whether the Change is released" />
<method name="isCOConnected" initial="i" htmlFileName="com/matrixone/apps/unresolvedebom/PUEECO" containerName="PUEECO"  containerType="class" id="-2077056704" argList="(matrix.db.Context, java.lang.String)" abstract="" />
<class name="UnresolvedEBOMConstants" initial="U" htmlFileName="com/matrixone/apps/unresolvedebom/UnresolvedEBOMConstants"  fatherClass="Object" fatherId="-1254043011" fatherType="class"  DSCharacteristic="class" id="-1298475231" abstract="" packageName="com.matrixone.apps.unresolvedebom" packagePath="com/matrixone/apps/unresolvedebom/" packageAbstract="" />
<constructor name="UnresolvedEBOMConstants" initial="U" htmlFileName="com/matrixone/apps/unresolvedebom/UnresolvedEBOMConstants" containerName="UnresolvedEBOMConstants"  containerType="class" id="-1066595357" argList="()" abstract="" />
<data name="ATTRIBUTE_BOM_OPERATION" initial="A" htmlFileName="com/matrixone/apps/unresolvedebom/UnresolvedEBOMConstants" containerName="UnresolvedEBOMConstants"  containerType="class" id="-1445098469" abstract="" />
<data name="ATTRIBUTE_BUILD_UNIT_NUMBER" initial="A" htmlFileName="com/matrixone/apps/unresolvedebom/UnresolvedEBOMConstants" containerName="UnresolvedEBOMConstants"  containerType="class" id="1675328678" abstract="" />
<data name="ATTRIBUTE_DATE_SHIPPED" initial="A" htmlFileName="com/matrixone/apps/unresolvedebom/UnresolvedEBOMConstants" containerName="UnresolvedEBOMConstants"  containerType="class" id="1374282171" abstract="" />
<data name="ATTRIBUTE_LAST_BUILD_UNIT_NUMBER" initial="A" htmlFileName="com/matrixone/apps/unresolvedebom/UnresolvedEBOMConstants" containerName="UnresolvedEBOMConstants"  containerType="class" id="452805859" abstract="" />
<data name="ATTRIBUTE_MODSTACKS" initial="A" htmlFileName="com/matrixone/apps/unresolvedebom/UnresolvedEBOMConstants" containerName="UnresolvedEBOMConstants"  containerType="class" id="-2042031360" abstract="" />
<data name="ATTRIBUTE_PART_MODE" initial="A" htmlFileName="com/matrixone/apps/unresolvedebom/UnresolvedEBOMConstants" containerName="UnresolvedEBOMConstants"  containerType="class" id="1742648354" abstract="" />
<data name="ATTRIBUTE_PREFIX" initial="A" htmlFileName="com/matrixone/apps/unresolvedebom/UnresolvedEBOMConstants" containerName="UnresolvedEBOMConstants"  containerType="class" id="-1172067093" abstract="" />
<data name="ATTRIBUTE_USER_DEFINED" initial="A" htmlFileName="com/matrixone/apps/unresolvedebom/UnresolvedEBOMConstants" containerName="UnresolvedEBOMConstants"  containerType="class" id="558807054" abstract="" />
<data name="POLICY_CONFIGURED_PART" initial="P" htmlFileName="com/matrixone/apps/unresolvedebom/UnresolvedEBOMConstants" containerName="UnresolvedEBOMConstants"  containerType="class" id="2128531069" abstract="" />
<data name="POLICY_PUE_ECO" initial="P" htmlFileName="com/matrixone/apps/unresolvedebom/UnresolvedEBOMConstants" containerName="UnresolvedEBOMConstants"  containerType="class" id="-831828293" abstract="" />
<data name="RELATIONSHIP_ASSIGNED_PART" initial="R" htmlFileName="com/matrixone/apps/unresolvedebom/UnresolvedEBOMConstants" containerName="UnresolvedEBOMConstants"  containerType="class" id="1612585267" abstract="" />
<data name="RELATIONSHIP_EBOM_CHANGE" initial="R" htmlFileName="com/matrixone/apps/unresolvedebom/UnresolvedEBOMConstants" containerName="UnresolvedEBOMConstants"  containerType="class" id="1516572899" abstract="" />
<data name="RELATIONSHIP_EBOM_CHANGE_HISTORY" initial="R" htmlFileName="com/matrixone/apps/unresolvedebom/UnresolvedEBOMConstants" containerName="UnresolvedEBOMConstants"  containerType="class" id="924835992" abstract="" />
<data name="RELATIONSHIP_EBOM_PENDING" initial="R" htmlFileName="com/matrixone/apps/unresolvedebom/UnresolvedEBOMConstants" containerName="UnresolvedEBOMConstants"  containerType="class" id="-1693451312" abstract="" />
<data name="RELATIONSHIP_PREREQUISITE" initial="R" htmlFileName="com/matrixone/apps/unresolvedebom/UnresolvedEBOMConstants" containerName="UnresolvedEBOMConstants"  containerType="class" id="-147446637" abstract="" />
<data name="RELATIONSHIP_PRODUCT_BUILD" initial="R" htmlFileName="com/matrixone/apps/unresolvedebom/UnresolvedEBOMConstants" containerName="UnresolvedEBOMConstants"  containerType="class" id="-1020913843" abstract="" />
<data name="RELATIONSHIP_PRODUCT_CONFIGURATION_BUILD" initial="R" htmlFileName="com/matrixone/apps/unresolvedebom/UnresolvedEBOMConstants" containerName="UnresolvedEBOMConstants"  containerType="class" id="1971953508" abstract="" />
<data name="RELATIONSHIP_PRODUCTS" initial="R" htmlFileName="com/matrixone/apps/unresolvedebom/UnresolvedEBOMConstants" containerName="UnresolvedEBOMConstants"  containerType="class" id="-873148479" abstract="" />
<data name="SELECT_ATTRIBUTE_BOM_OPERATION" initial="S" htmlFileName="com/matrixone/apps/unresolvedebom/UnresolvedEBOMConstants" containerName="UnresolvedEBOMConstants"  containerType="class" id="115472216" abstract="" />
<data name="SELECT_ATTRIBUTE_BUILD_UNIT_NUMBER" initial="S" htmlFileName="com/matrixone/apps/unresolvedebom/UnresolvedEBOMConstants" containerName="UnresolvedEBOMConstants"  containerType="class" id="-2045902493" abstract="" />
<data name="SELECT_ATTRIBUTE_DATE_SHIPPED" initial="S" htmlFileName="com/matrixone/apps/unresolvedebom/UnresolvedEBOMConstants" containerName="UnresolvedEBOMConstants"  containerType="class" id="-1623418146" abstract="" />
<data name="SELECT_ATTRIBUTE_LAST_BUILD_UNIT_NUMBER" initial="S" htmlFileName="com/matrixone/apps/unresolvedebom/UnresolvedEBOMConstants" containerName="UnresolvedEBOMConstants"  containerType="class" id="172043846" abstract="" />
<data name="SELECT_ATTRIBUTE_MODSTACKS" initial="S" htmlFileName="com/matrixone/apps/unresolvedebom/UnresolvedEBOMConstants" containerName="UnresolvedEBOMConstants"  containerType="class" id="-1944673091" abstract="" />
<data name="SELECT_ATTRIBUTE_PART_MODE" initial="S" htmlFileName="com/matrixone/apps/unresolvedebom/UnresolvedEBOMConstants" containerName="UnresolvedEBOMConstants"  containerType="class" id="1840006623" abstract="" />
<data name="SELECT_ATTRIBUTE_PREFIX" initial="S" htmlFileName="com/matrixone/apps/unresolvedebom/UnresolvedEBOMConstants" containerName="UnresolvedEBOMConstants"  containerType="class" id="-978011058" abstract="" />
<data name="SELECT_ATTRIBUTE_USER_DEFINED" initial="S" htmlFileName="com/matrixone/apps/unresolvedebom/UnresolvedEBOMConstants" containerName="UnresolvedEBOMConstants"  containerType="class" id="1856074033" abstract="" />
<data name="STATE_PART_PRELIMINARY" initial="S" htmlFileName="com/matrixone/apps/unresolvedebom/UnresolvedEBOMConstants" containerName="UnresolvedEBOMConstants"  containerType="class" id="145996686" abstract="" />
<data name="STATE_PART_RELEASE" initial="S" htmlFileName="com/matrixone/apps/unresolvedebom/UnresolvedEBOMConstants" containerName="UnresolvedEBOMConstants"  containerType="class" id="964378079" abstract="" />
<data name="STATE_PUE_ECO_CANCELLED" initial="S" htmlFileName="com/matrixone/apps/unresolvedebom/UnresolvedEBOMConstants" containerName="UnresolvedEBOMConstants"  containerType="class" id="-1665320660" abstract="" />
<data name="STATE_PUE_ECO_IMPLEMENTED" initial="S" htmlFileName="com/matrixone/apps/unresolvedebom/UnresolvedEBOMConstants" containerName="UnresolvedEBOMConstants"  containerType="class" id="-453948643" abstract="" />
<data name="STATE_PUE_ECO_RELEASE" initial="S" htmlFileName="com/matrixone/apps/unresolvedebom/UnresolvedEBOMConstants" containerName="UnresolvedEBOMConstants"  containerType="class" id="797025826" abstract="" />
<data name="TYPE_BUILDS" initial="T" htmlFileName="com/matrixone/apps/unresolvedebom/UnresolvedEBOMConstants" containerName="UnresolvedEBOMConstants"  containerType="class" id="1208318240" abstract="" />
<data name="TYPE_CONFIGURED_ECO" initial="T" htmlFileName="com/matrixone/apps/unresolvedebom/UnresolvedEBOMConstants" containerName="UnresolvedEBOMConstants"  containerType="class" id="-2084604725" abstract="" />
<data name="TYPE_MODEL" initial="T" htmlFileName="com/matrixone/apps/unresolvedebom/UnresolvedEBOMConstants" containerName="UnresolvedEBOMConstants"  containerType="class" id="1788529018" abstract="" />
<data name="TYPE_PRODUCTS" initial="T" htmlFileName="com/matrixone/apps/unresolvedebom/UnresolvedEBOMConstants" containerName="UnresolvedEBOMConstants"  containerType="class" id="417720831" abstract="" />
<data name="TYPE_PUE_ECO" initial="T" htmlFileName="com/matrixone/apps/unresolvedebom/UnresolvedEBOMConstants" containerName="UnresolvedEBOMConstants"  containerType="class" id="-2002702141" abstract="" />
<class name="UnresolvedEBOM" initial="U" htmlFileName="com/matrixone/apps/unresolvedebom/UnresolvedEBOM"  fatherClass="Object" fatherId="-1254043011" fatherType="class"  DSCharacteristic="class" id="-1542929768" abstract="" packageName="com.matrixone.apps.unresolvedebom" packagePath="com/matrixone/apps/unresolvedebom/" packageAbstract="" />
<method name="addPrerequisite" initial="a" htmlFileName="com/matrixone/apps/unresolvedebom/UnresolvedEBOM" containerName="UnresolvedEBOM"  containerType="class" id="-1956547676" argList="(matrix.db.Context, java.lang.String, java.lang.String)" abstract="This method adds prerequisite connections between ECO which has ADD operation and ECO which has CUT operation which is done on same rel Id." />
<method name="connectObjToRel" initial="c" htmlFileName="com/matrixone/apps/unresolvedebom/UnresolvedEBOM" containerName="UnresolvedEBOM"  containerType="class" id="76721822" argList="(matrix.db.Context, java.lang.String, java.lang.String, java.lang.String, java.lang.String)" abstract="" />
<method name="disconnectObjToRel" initial="d" htmlFileName="com/matrixone/apps/unresolvedebom/UnresolvedEBOM" containerName="UnresolvedEBOM"  containerType="class" id="218013392" argList="(matrix.db.Context, java.lang.String)" abstract="Method to check Licence and then disconnect" />
<method name="emptyEffectivityRemoveValidation" initial="e" htmlFileName="com/matrixone/apps/unresolvedebom/UnresolvedEBOM" containerName="UnresolvedEBOM"  containerType="class" id="-1358494963" argList="(matrix.db.Context, java.lang.String, java.lang.String)" abstract="" />
<method name="emptyEffectivityReplaceValidation" initial="e" htmlFileName="com/matrixone/apps/unresolvedebom/UnresolvedEBOM" containerName="UnresolvedEBOM"  containerType="class" id="-1091161577" argList="(matrix.db.Context, java.lang.String, java.lang.String)" abstract="" />
<method name="getBOMEffectivityExpression" initial="g" htmlFileName="com/matrixone/apps/unresolvedebom/UnresolvedEBOM" containerName="UnresolvedEBOM"  containerType="class" id="46702635" argList="(matrix.db.Context, java.lang.String)" abstract="" />
<method name="getSTargetCtxtECOId" initial="g" htmlFileName="com/matrixone/apps/unresolvedebom/UnresolvedEBOM" containerName="UnresolvedEBOM"  containerType="class" id="1044695934" argList="()" abstract="" />
<method name="getSTargetPartId" initial="g" htmlFileName="com/matrixone/apps/unresolvedebom/UnresolvedEBOM" containerName="UnresolvedEBOM"  containerType="class" id="503137193" argList="()" abstract="" />
<method name="getSTargetPartRelId" initial="g" htmlFileName="com/matrixone/apps/unresolvedebom/UnresolvedEBOM" containerName="UnresolvedEBOM"  containerType="class" id="1788522496" argList="()" abstract="" />
<method name="getSTargetPartRowId" initial="g" htmlFileName="com/matrixone/apps/unresolvedebom/UnresolvedEBOM" containerName="UnresolvedEBOM"  containerType="class" id="8869953" argList="()" abstract="" />
<method name="getSTargetProdId" initial="g" htmlFileName="com/matrixone/apps/unresolvedebom/UnresolvedEBOM" containerName="UnresolvedEBOM"  containerType="class" id="-864239859" argList="()" abstract="" />
<method name="isConvergedToECM" initial="i" htmlFileName="com/matrixone/apps/unresolvedebom/UnresolvedEBOM" containerName="UnresolvedEBOM"  containerType="class" id="-773335738" argList="(matrix.db.Context)" abstract="" />
<method name="isWipBomAllowedForParts" initial="i" htmlFileName="com/matrixone/apps/unresolvedebom/UnresolvedEBOM" containerName="UnresolvedEBOM"  containerType="class" id="1628512672" argList="(matrix.db.Context, java.lang.String)" abstract="Method to check if the part is in WIP mode or not.Part with Development as Release Phase will be in WIP mode." />
<method name="removeOnPendingChange" initial="r" htmlFileName="com/matrixone/apps/unresolvedebom/UnresolvedEBOM" containerName="UnresolvedEBOM"  containerType="class" id="1262389073" argList="(matrix.db.Context, java.lang.String, java.lang.String)" abstract="Method to check if remove operation is permitted or not" />
<method name="setSTargetCtxtECOId" initial="s" htmlFileName="com/matrixone/apps/unresolvedebom/UnresolvedEBOM" containerName="UnresolvedEBOM"  containerType="class" id="715261834" argList="(java.lang.String)" abstract="" />
<method name="setSTargetPartId" initial="s" htmlFileName="com/matrixone/apps/unresolvedebom/UnresolvedEBOM" containerName="UnresolvedEBOM"  containerType="class" id="1636590365" argList="(java.lang.String)" abstract="" />
<method name="setSTargetPartRelId" initial="s" htmlFileName="com/matrixone/apps/unresolvedebom/UnresolvedEBOM" containerName="UnresolvedEBOM"  containerType="class" id="1459088396" argList="(java.lang.String)" abstract="" />
<method name="setSTargetPartRowId" initial="s" htmlFileName="com/matrixone/apps/unresolvedebom/UnresolvedEBOM" containerName="UnresolvedEBOM"  containerType="class" id="-320564147" argList="(java.lang.String)" abstract="" />
<method name="setSTargetProdId" initial="s" htmlFileName="com/matrixone/apps/unresolvedebom/UnresolvedEBOM" containerName="UnresolvedEBOM"  containerType="class" id="269213313" argList="(java.lang.String)" abstract="" />
<method name="toStringList" initial="t" htmlFileName="com/matrixone/apps/unresolvedebom/UnresolvedEBOM" containerName="UnresolvedEBOM"  containerType="class" id="-2146237289" argList="(java.lang.Object)" abstract="Method to convert an object to a StringList" />
<constructor name="UnresolvedEBOM" initial="U" htmlFileName="com/matrixone/apps/unresolvedebom/UnresolvedEBOM" containerName="UnresolvedEBOM"  containerType="class" id="461652506" argList="()" abstract="" />
<class name="UnresolvedPart" initial="U" htmlFileName="com/matrixone/apps/unresolvedebom/UnresolvedPart"  fatherClass="Part" fatherId="700496082" fatherType="class"  DSCharacteristic="class" id="-1312829248" abstract="" packageName="com.matrixone.apps.unresolvedebom" packagePath="com/matrixone/apps/unresolvedebom/" packageAbstract="" />
<method name="checkForCyclicPrerequisite" initial="c" htmlFileName="com/matrixone/apps/unresolvedebom/UnresolvedPart" containerName="UnresolvedPart"  containerType="class" id="-292706947" argList="(matrix.db.Context, java.lang.String, java.lang.String)" abstract="This method checks for cyclic data creation." />
<method name="checkValidityofBuilds" initial="c" htmlFileName="com/matrixone/apps/unresolvedebom/UnresolvedPart" containerName="UnresolvedPart"  containerType="class" id="-1188801213" argList="(matrix.db.Context, java.lang.String, java.lang.String)" abstract="" />
<method name="excludeNOTOperator" initial="e" htmlFileName="com/matrixone/apps/unresolvedebom/UnresolvedPart" containerName="UnresolvedPart"  containerType="class" id="1459210122" argList="(matrix.db.Context, java.lang.String)" abstract="" />
<method name="getAddECOFromRelId" initial="g" htmlFileName="com/matrixone/apps/unresolvedebom/UnresolvedPart" containerName="UnresolvedPart"  containerType="class" id="1850793585" argList="(matrix.db.Context, java.lang.String)" abstract="This method gets the ECO id which has ADD operation to perform." />
<method name="getAllChildren" initial="g" htmlFileName="com/matrixone/apps/unresolvedebom/UnresolvedPart" containerName="UnresolvedPart"  containerType="class" id="-802411273" argList="(com.matrixone.apps.domain.util.MapList, com.matrixone.apps.domain.util.MapList)" abstract="" />
<method name="getEffectivityValue" initial="g" htmlFileName="com/matrixone/apps/unresolvedebom/UnresolvedPart" containerName="UnresolvedPart"  containerType="class" id="622926596" argList="(matrix.db.Context, java.lang.String, java.lang.String, boolean)" abstract="Method to return effectivity value" />
<method name="getEffectivityValueForRelId" initial="g" htmlFileName="com/matrixone/apps/unresolvedebom/UnresolvedPart" containerName="UnresolvedPart"  containerType="class" id="1696562223" argList="(matrix.db.Context, java.lang.String, java.lang.String)" abstract="Method to return effectivity value for the given rel id for WIP BOM" />
<method name="getExpressionForPC" initial="g" htmlFileName="com/matrixone/apps/unresolvedebom/UnresolvedPart" containerName="UnresolvedPart"  containerType="class" id="880189179" argList="(matrix.db.Context, matrix.util.StringList)" abstract="" />
<method name="getXMLDoc" initial="g" htmlFileName="com/matrixone/apps/unresolvedebom/UnresolvedPart" containerName="UnresolvedPart"  containerType="class" id="-1570042300" argList="(java.lang.String)" abstract="" />
<method name="isRemoveRowSelected" initial="i" htmlFileName="com/matrixone/apps/unresolvedebom/UnresolvedPart" containerName="UnresolvedPart"  containerType="class" id="-1267969772" argList="(java.lang.String, com.matrixone.apps.domain.util.MapList)" abstract="" />
<method name="isTopLevelPart" initial="i" htmlFileName="com/matrixone/apps/unresolvedebom/UnresolvedPart" containerName="UnresolvedPart"  containerType="class" id="-1735330823" argList="(matrix.db.Context, java.lang.String)" abstract="" />
<method name="toStringList" initial="t" htmlFileName="com/matrixone/apps/unresolvedebom/UnresolvedPart" containerName="UnresolvedPart"  containerType="class" id="-2146237289" argList="(java.lang.Object)" abstract="" />
<constructor name="UnresolvedPart" initial="U" htmlFileName="com/matrixone/apps/unresolvedebom/UnresolvedPart" containerName="UnresolvedPart"  containerType="class" id="-1624108478" argList="()" abstract="" />
<class name="VPLMSyncEffectivityForPart" initial="V" htmlFileName="com/matrixone/vplmintegration/impl/VPLMSyncEffectivityForPart"  fatherClass="Object" fatherId="-1254043011" fatherType="class"  DSCharacteristic="class" id="245897597" abstract="" packageName="com.matrixone.vplmintegration.impl" packagePath="com/matrixone/vplmintegration/impl/" packageAbstract="" />
<method name="attachModels" initial="a" htmlFileName="com/matrixone/vplmintegration/impl/VPLMSyncEffectivityForPart" containerName="VPLMSyncEffectivityForPart"  containerType="class" id="-1605264797" argList="(matrix.db.Context, java.util.List&lt;java.lang.String&gt;, java.lang.String, java.util.Hashtable)" abstract="" />
<method name="detachModels" initial="d" htmlFileName="com/matrixone/vplmintegration/impl/VPLMSyncEffectivityForPart" containerName="VPLMSyncEffectivityForPart"  containerType="class" id="-631246891" argList="(matrix.db.Context, java.util.List&lt;java.lang.String&gt;, java.lang.String, java.util.Hashtable)" abstract="" />
<method name="getAttachedModelIds" initial="g" htmlFileName="com/matrixone/vplmintegration/impl/VPLMSyncEffectivityForPart" containerName="VPLMSyncEffectivityForPart"  containerType="class" id="-2129007063" argList="(matrix.db.Context, java.lang.String)" abstract="" />
<method name="getEffectivity" initial="g" htmlFileName="com/matrixone/vplmintegration/impl/VPLMSyncEffectivityForPart" containerName="VPLMSyncEffectivityForPart"  containerType="class" id="1766234328" argList="(matrix.db.Context, java.lang.String)" abstract="" />
<method name="manageEffectivity" initial="m" htmlFileName="com/matrixone/vplmintegration/impl/VPLMSyncEffectivityForPart" containerName="VPLMSyncEffectivityForPart"  containerType="class" id="-2034636505" argList="(matrix.db.Context, java.lang.String, java.lang.String, java.lang.String, java.util.Hashtable)" abstract="" />
<method name="setEffectivity" initial="s" htmlFileName="com/matrixone/vplmintegration/impl/VPLMSyncEffectivityForPart" containerName="VPLMSyncEffectivityForPart"  containerType="class" id="140229348" argList="(matrix.db.Context, java.lang.String, java.lang.String, java.util.Hashtable)" abstract="" />
<method name="unsetEffectivity" initial="u" htmlFileName="com/matrixone/vplmintegration/impl/VPLMSyncEffectivityForPart" containerName="VPLMSyncEffectivityForPart"  containerType="class" id="2002861547" argList="(matrix.db.Context, java.lang.String, java.util.Hashtable)" abstract="" />
<constructor name="VPLMSyncEffectivityForPart" initial="V" htmlFileName="com/matrixone/vplmintegration/impl/VPLMSyncEffectivityForPart" containerName="VPLMSyncEffectivityForPart"  containerType="class" id="-664921669" argList="()" abstract="" />
</fw>

