<?xml version="1.0" encoding="utf-8"?>
<fw name="ENOVBMAccelerator" footer="Copyright &#169; 1999-2016, Dassault Syst&#232;mes. All rights reserved. ">
<class name="emxVBMAcessBase_mxJPO" initial="e" htmlFileName="emxVBMAcessBase_mxJPO"  fatherClass="emxObjectAccessBase_mxJPO" fatherId="1302197619" fatherType="class"  DSCharacteristic="class" id="1213324916" abstract="The emxSubscriptionBase class represents the Subscription JPO" packageName="NoPackage" packagePath="" packageAbstract="" />
<method name="getAccessGrantees" initial="g" htmlFileName="emxVBMAcessBase_mxJPO" containerName="emxVBMAcessBase_mxJPO"  containerType="class" id="-165509551" argList="(matrix.db.Context, java.lang.String[])" abstract="Gets Access Grantee information for the object." />
<method name="getAccessGranteesForWebForm" initial="g" htmlFileName="emxVBMAcessBase_mxJPO" containerName="emxVBMAcessBase_mxJPO"  containerType="class" id="900146978" argList="(matrix.db.Context, java.lang.String[])" abstract="" />
<method name="hasAssetAccess" initial="h" htmlFileName="emxVBMAcessBase_mxJPO" containerName="emxVBMAcessBase_mxJPO"  containerType="class" id="1589974696" argList="(matrix.db.Context, java.lang.String[])" abstract="" />
<method name="hasLibraryUserRole" initial="h" htmlFileName="emxVBMAcessBase_mxJPO" containerName="emxVBMAcessBase_mxJPO"  containerType="class" id="-2133552544" argList="(matrix.db.Context, java.lang.String[])" abstract="" />
<method name="hasVBMBrandManagerRole" initial="h" htmlFileName="emxVBMAcessBase_mxJPO" containerName="emxVBMAcessBase_mxJPO"  containerType="class" id="-317560289" argList="(matrix.db.Context, java.lang.String[])" abstract="Checks if the context user has the Librarian role or not." />
<method name="mxMain" initial="m" htmlFileName="emxVBMAcessBase_mxJPO" containerName="emxVBMAcessBase_mxJPO"  containerType="class" id="-1414665890" argList="(matrix.db.Context, java.lang.String[])" abstract="This method is executed if a specific method is not specified." />
<method name="showClassificationPath" initial="s" htmlFileName="emxVBMAcessBase_mxJPO" containerName="emxVBMAcessBase_mxJPO"  containerType="class" id="1089092826" argList="(matrix.db.Context, java.lang.String[])" abstract="" />
<method name="showCommand" initial="s" htmlFileName="emxVBMAcessBase_mxJPO" containerName="emxVBMAcessBase_mxJPO"  containerType="class" id="-582356716" argList="(matrix.db.Context, java.lang.String[])" abstract="" />
<constructor name="emxVBMAcessBase_mxJPO" initial="e" htmlFileName="emxVBMAcessBase_mxJPO" containerName="emxVBMAcessBase_mxJPO"  containerType="class" id="244422379" argList="(matrix.db.Context, java.lang.String[])" abstract="" />
<class name="emxVBMAcess_mxJPO" initial="e" htmlFileName="emxVBMAcess_mxJPO"  fatherClass="emxVBMAcessBase_mxJPO" fatherId="1213324916" fatherType="class"  DSCharacteristic="class" id="-1808478779" abstract="" packageName="NoPackage" packagePath="" packageAbstract="" />
<constructor name="emxVBMAcess_mxJPO" initial="e" htmlFileName="emxVBMAcess_mxJPO" containerName="emxVBMAcess_mxJPO"  containerType="class" id="-809895046" argList="(matrix.db.Context, java.lang.String[])" abstract="" />
<class name="emxVBMApprovalRequestsBase_mxJPO" initial="e" htmlFileName="emxVBMApprovalRequestsBase_mxJPO"  fatherClass="emxDomainObject_mxJPO" fatherId="-1880598364" fatherType="class"  DSCharacteristic="class" id="191739886" abstract="The emxPart class contains code for the &quot;Part&quot; business type." packageName="NoPackage" packagePath="" packageAbstract="" />
<method name="approveAssets" initial="a" htmlFileName="emxVBMApprovalRequestsBase_mxJPO" containerName="emxVBMApprovalRequestsBase_mxJPO"  containerType="class" id="158281650" argList="(matrix.db.Context, java.lang.String[])" abstract="Approve the assets after categorization." />
<method name="canEnableEditOnClassificationRequest" initial="c" htmlFileName="emxVBMApprovalRequestsBase_mxJPO" containerName="emxVBMApprovalRequestsBase_mxJPO"  containerType="class" id="159837493" argList="(matrix.db.Context, java.lang.String[])" abstract="To Check if the Inbox Task is not Completed and to ensure that the user is the Assignee of the CassificationRequest" />
<method name="checkActiveClassificationRequest" initial="c" htmlFileName="emxVBMApprovalRequestsBase_mxJPO" containerName="emxVBMApprovalRequestsBase_mxJPO"  containerType="class" id="1237227271" argList="(matrix.db.Context, java.lang.String[])" abstract="Check if this assets is linked with active Route.(not Complete and Not Approved)" />
<method name="checkActiveRoute" initial="c" htmlFileName="emxVBMApprovalRequestsBase_mxJPO" containerName="emxVBMApprovalRequestsBase_mxJPO"  containerType="class" id="-25995129" argList="(matrix.db.Context, java.lang.String[])" abstract="This method checks whether the object has active route or not, if yes then blocks the promotion." />
<method name="checkRolesforVBM" initial="c" htmlFileName="emxVBMApprovalRequestsBase_mxJPO" containerName="emxVBMApprovalRequestsBase_mxJPO"  containerType="class" id="814323957" argList="(matrix.db.Context, java.lang.String[])" abstract="check if the user has the VBM Brand Manager Role" />
<method name="getActiveApprovalTasksForContextUser" initial="g" htmlFileName="emxVBMApprovalRequestsBase_mxJPO" containerName="emxVBMApprovalRequestsBase_mxJPO"  containerType="class" id="-160402174" argList="(matrix.db.Context, java.lang.String[])" abstract="" />
<method name="getActiveTasks" initial="g" htmlFileName="emxVBMApprovalRequestsBase_mxJPO" containerName="emxVBMApprovalRequestsBase_mxJPO"  containerType="class" id="1184481328" argList="(matrix.db.Context, java.lang.String[])" abstract="" />
<method name="getAllApprovalTasksForContextUser" initial="g" htmlFileName="emxVBMApprovalRequestsBase_mxJPO" containerName="emxVBMApprovalRequestsBase_mxJPO"  containerType="class" id="-2117388815" argList="(matrix.db.Context, java.lang.String[])" abstract="get the Approval Taks for the Given User(Context user)" />
<method name="getApprovalTasks" initial="g" htmlFileName="emxVBMApprovalRequestsBase_mxJPO" containerName="emxVBMApprovalRequestsBase_mxJPO"  containerType="class" id="845627181" argList="(matrix.db.Context, java.lang.String[])" abstract="get the Approval Tasks " />
<method name="getApprovalTasksForAssignee" initial="g" htmlFileName="emxVBMApprovalRequestsBase_mxJPO" containerName="emxVBMApprovalRequestsBase_mxJPO"  containerType="class" id="313437983" argList="(matrix.db.Context, java.lang.String[])" abstract="get the Approval Taks for the Given User(Assignee)" />
<method name="getApprovalTasksForConnectedLibrary" initial="g" htmlFileName="emxVBMApprovalRequestsBase_mxJPO" containerName="emxVBMApprovalRequestsBase_mxJPO"  containerType="class" id="-2007202084" argList="(matrix.db.Context, java.lang.String[])" abstract="get the Approval Taks for the Given Library" />
<method name="getAssetCategoryStatus" initial="g" htmlFileName="emxVBMApprovalRequestsBase_mxJPO" containerName="emxVBMApprovalRequestsBase_mxJPO"  containerType="class" id="-746398792" argList="(matrix.db.Context, java.lang.String[])" abstract="get the status value to be displayed in Categorization table based on the VBM Asset Category attribute value" />
<method name="getCategories" initial="g" htmlFileName="emxVBMApprovalRequestsBase_mxJPO" containerName="emxVBMApprovalRequestsBase_mxJPO"  containerType="class" id="998968592" argList="(matrix.db.Context, java.lang.String[])" abstract="get the categories and subcategories for the given Library" />
<method name="getCompletedApprovalTasksForContextUser" initial="g" htmlFileName="emxVBMApprovalRequestsBase_mxJPO" containerName="emxVBMApprovalRequestsBase_mxJPO"  containerType="class" id="-1146847717" argList="(matrix.db.Context, java.lang.String[])" abstract="" />
<method name="getCompletedTasks" initial="g" htmlFileName="emxVBMApprovalRequestsBase_mxJPO" containerName="emxVBMApprovalRequestsBase_mxJPO"  containerType="class" id="55681545" argList="(matrix.db.Context, java.lang.String[])" abstract="" />
<method name="getCurrentAssetCategory" initial="g" htmlFileName="emxVBMApprovalRequestsBase_mxJPO" containerName="emxVBMApprovalRequestsBase_mxJPO"  containerType="class" id="1664520119" argList="(matrix.db.Context, java.lang.String[])" abstract="get the value of VBM Asset Category Attribute on Relationship Object Route" />
<method name="getLibraryAssets" initial="g" htmlFileName="emxVBMApprovalRequestsBase_mxJPO" containerName="emxVBMApprovalRequestsBase_mxJPO"  containerType="class" id="676764538" argList="(matrix.db.Context, java.lang.String[])" abstract="Get the Assets for the Library" />
<method name="getRoutesForTask" initial="g" htmlFileName="emxVBMApprovalRequestsBase_mxJPO" containerName="emxVBMApprovalRequestsBase_mxJPO"  containerType="class" id="-1036097772" argList="(matrix.db.Context, java.lang.String, matrix.util.StringList, matrix.util.StringList)" abstract="get the Route Value for the Given Task Id" />
<method name="notifyApprovalRequestOwner" initial="n" htmlFileName="emxVBMApprovalRequestsBase_mxJPO" containerName="emxVBMApprovalRequestsBase_mxJPO"  containerType="class" id="-1900218190" argList="(matrix.db.Context, java.lang.String[])" abstract="sends an notification mail to the Asset Approval Request Owner after the Assets being categorized" />
<method name="refreshApply" initial="r" htmlFileName="emxVBMApprovalRequestsBase_mxJPO" containerName="emxVBMApprovalRequestsBase_mxJPO"  containerType="class" id="1634752239" argList="(matrix.db.Context, java.lang.String[])" abstract="To Refresh the rows (emxIndentedTable) after Apply for Categorization" />
<method name="showStatusGif" initial="s" htmlFileName="emxVBMApprovalRequestsBase_mxJPO" containerName="emxVBMApprovalRequestsBase_mxJPO"  containerType="class" id="221809293" argList="(matrix.db.Context, java.lang.String[])" abstract="show the status icon for the Tasks in the Table Display" />
<method name="updateAssetCategory" initial="u" htmlFileName="emxVBMApprovalRequestsBase_mxJPO" containerName="emxVBMApprovalRequestsBase_mxJPO"  containerType="class" id="-1474482499" argList="(matrix.db.Context, java.lang.String[])" abstract="update method to set the VBM Asset Category attribute on Object Route relatioship" />
<constructor name="emxVBMApprovalRequestsBase_mxJPO" initial="e" htmlFileName="emxVBMApprovalRequestsBase_mxJPO" containerName="emxVBMApprovalRequestsBase_mxJPO"  containerType="class" id="1991006769" argList="(matrix.db.Context, java.lang.String[])" abstract="Constructor." />
<data name="CLOSE_QUOTE_CLOSE_BRACKET" initial="C" htmlFileName="emxVBMApprovalRequestsBase_mxJPO" containerName="emxVBMApprovalRequestsBase_mxJPO"  containerType="class" id="-1354277886" abstract="" />
<data name="DOT_TO_DOT" initial="D" htmlFileName="emxVBMApprovalRequestsBase_mxJPO" containerName="emxVBMApprovalRequestsBase_mxJPO"  containerType="class" id="-1355102754" abstract="" />
<data name="OPERATOR_EQUAL_OPEN_QUOTE" initial="O" htmlFileName="emxVBMApprovalRequestsBase_mxJPO" containerName="emxVBMApprovalRequestsBase_mxJPO"  containerType="class" id="1318355564" abstract="" />
<data name="OWENR_EQUAL_QUOTES" initial="O" htmlFileName="emxVBMApprovalRequestsBase_mxJPO" containerName="emxVBMApprovalRequestsBase_mxJPO"  containerType="class" id="-426236711" abstract="" />
<class name="emxVBMApprovalRequests_mxJPO" initial="e" htmlFileName="emxVBMApprovalRequests_mxJPO"  fatherClass="emxVBMApprovalRequestsBase_mxJPO" fatherId="191739886" fatherType="class"  DSCharacteristic="class" id="-656640961" abstract="" packageName="NoPackage" packagePath="" packageAbstract="" />
<method name="main" initial="m" htmlFileName="emxVBMApprovalRequests_mxJPO" containerName="emxVBMApprovalRequests_mxJPO"  containerType="class" id="179932489" argList="(java.lang.String[])" abstract="" />
<constructor name="emxVBMApprovalRequests_mxJPO" initial="e" htmlFileName="emxVBMApprovalRequests_mxJPO" containerName="emxVBMApprovalRequests_mxJPO"  containerType="class" id="-577416768" argList="(matrix.db.Context, java.lang.String[])" abstract="" />
<class name="emxVBMAssetBase_mxJPO" initial="e" htmlFileName="emxVBMAssetBase_mxJPO"  fatherClass="emxDocumentBase_mxJPO" fatherId="-714002213" fatherType="class"  DSCharacteristic="class" id="421326919" abstract="" packageName="NoPackage" packagePath="" packageAbstract="" />
<method name="autoPromoteToReleasedState" initial="a" htmlFileName="emxVBMAssetBase_mxJPO" containerName="emxVBMAssetBase_mxJPO"  containerType="class" id="-1202886502" argList="(matrix.db.Context, java.lang.String[])" abstract="Auto Promote Asset from FROZEN to RELEASED state." />
<method name="connectUsageRights" initial="c" htmlFileName="emxVBMAssetBase_mxJPO" containerName="emxVBMAssetBase_mxJPO"  containerType="class" id="-772923628" argList="(matrix.db.Context, java.lang.String[])" abstract="This method will create usage rights and connect it to parent asset" />
<method name="floatInClassificationRequest" initial="f" htmlFileName="emxVBMAssetBase_mxJPO" containerName="emxVBMAssetBase_mxJPO"  containerType="class" id="1852578362" argList="(matrix.db.Context, java.lang.String[])" abstract="Disconnect previous revision from Active(not Complete and Not Approved) Classification Request and connect new Asset revision with Classification Request" />
<method name="getConnectedUsageRights" initial="g" htmlFileName="emxVBMAssetBase_mxJPO" containerName="emxVBMAssetBase_mxJPO"  containerType="class" id="-282830851" argList="(matrix.db.Context, java.lang.String[])" abstract="getConnectedUsageRights - gets the list of Usage Rights attached to the" />
<method name="getImageScrollerForIndividualAssets" initial="g" htmlFileName="emxVBMAssetBase_mxJPO" containerName="emxVBMAssetBase_mxJPO"  containerType="class" id="753524924" argList="(matrix.db.Context, java.lang.String[])" abstract="" />
<method name="getProperties" initial="g" htmlFileName="emxVBMAssetBase_mxJPO" containerName="emxVBMAssetBase_mxJPO"  containerType="class" id="-1432851495" argList="(matrix.db.Context, java.lang.String[])" abstract="This method is used to get the display the properties page of object" />
<method name="isLastRevisionReleased" initial="i" htmlFileName="emxVBMAssetBase_mxJPO" containerName="emxVBMAssetBase_mxJPO"  containerType="class" id="643362986" argList="(matrix.db.Context, java.lang.String[])" abstract="To check whether last revision is released" />
<method name="mxMain" initial="m" htmlFileName="emxVBMAssetBase_mxJPO" containerName="emxVBMAssetBase_mxJPO"  containerType="class" id="-1414665890" argList="(matrix.db.Context, java.lang.String[])" abstract="This method is executed if a specific method is not specified." />
<method name="obsoletePreviousRevision" initial="o" htmlFileName="emxVBMAssetBase_mxJPO" containerName="emxVBMAssetBase_mxJPO"  containerType="class" id="-659504233" argList="(matrix.db.Context, java.lang.String[])" abstract="Obsolete previous revision as this will be released version of asset." />
<method name="tablePreProcObj" initial="t" htmlFileName="emxVBMAssetBase_mxJPO" containerName="emxVBMAssetBase_mxJPO"  containerType="class" id="497081430" argList="(matrix.db.Context, java.lang.String[])" abstract="" />
<constructor name="emxVBMAssetBase_mxJPO" initial="e" htmlFileName="emxVBMAssetBase_mxJPO" containerName="emxVBMAssetBase_mxJPO"  containerType="class" id="-916699976" argList="(matrix.db.Context, java.lang.String[])" abstract="" />
<class name="emxVBMAsset_mxJPO" initial="e" htmlFileName="emxVBMAsset_mxJPO"  fatherClass="emxVBMAssetBase_mxJPO" fatherId="421326919" fatherType="class"  DSCharacteristic="class" id="-2061516520" abstract="" packageName="NoPackage" packagePath="" packageAbstract="" />
<constructor name="emxVBMAsset_mxJPO" initial="e" htmlFileName="emxVBMAsset_mxJPO" containerName="emxVBMAsset_mxJPO"  containerType="class" id="1165334471" argList="(matrix.db.Context, java.lang.String[])" abstract="" />
<class name="emxVBMBGImageManagerBase_mxJPO" initial="e" htmlFileName="emxVBMBGImageManagerBase_mxJPO"  fatherClass="emxImageManagerBase_mxJPO" fatherId="305537540" fatherType="class"  DSCharacteristic="class" id="29280830" abstract="" packageName="NoPackage" packagePath="" packageAbstract="" />
<method name="associateBGImage" initial="a" htmlFileName="emxVBMBGImageManagerBase_mxJPO" containerName="emxVBMBGImageManagerBase_mxJPO"  containerType="class" id="1553180330" argList="(matrix.db.Context, java.lang.String[])" abstract="" />
<constructor name="emxVBMBGImageManagerBase_mxJPO" initial="e" htmlFileName="emxVBMBGImageManagerBase_mxJPO" containerName="emxVBMBGImageManagerBase_mxJPO"  containerType="class" id="-1284874783" argList="(matrix.db.Context, java.lang.String[])" abstract="" />
<class name="emxVBMBGImageManager_mxJPO" initial="e" htmlFileName="emxVBMBGImageManager_mxJPO"  fatherClass="emxVBMBGImageManagerBase_mxJPO" fatherId="29280830" fatherType="class"  DSCharacteristic="class" id="1756573327" abstract="" packageName="NoPackage" packagePath="" packageAbstract="" />
<constructor name="emxVBMBGImageManager_mxJPO" initial="e" htmlFileName="emxVBMBGImageManager_mxJPO" containerName="emxVBMBGImageManager_mxJPO"  containerType="class" id="1606987120" argList="(matrix.db.Context, java.lang.String[])" abstract="" />
<class name="emxVBMBrandLibraryBase_mxJPO" initial="e" htmlFileName="emxVBMBrandLibraryBase_mxJPO"  fatherClass="emxDomainObject_mxJPO" fatherId="-1880598364" fatherType="class"  DSCharacteristic="class" id="-760277503" abstract="" packageName="NoPackage" packagePath="" packageAbstract="" />
<method name="addAssetApprover" initial="a" htmlFileName="emxVBMBrandLibraryBase_mxJPO" containerName="emxVBMBrandLibraryBase_mxJPO"  containerType="class" id="-1713578322" argList="(matrix.db.Context, java.lang.String[])" abstract="This method is to Add the Asset Approver for the Library" />
<method name="addCategoryToContextObject" initial="a" htmlFileName="emxVBMBrandLibraryBase_mxJPO" containerName="emxVBMBrandLibraryBase_mxJPO"  containerType="class" id="-1153049330" argList="(matrix.db.Context, java.lang.String[])" abstract="This method is to connect the category to ContextObject (either Brand Library or Category)" />
<method name="addVBMBrandManagerRole" initial="a" htmlFileName="emxVBMBrandLibraryBase_mxJPO" containerName="emxVBMBrandLibraryBase_mxJPO"  containerType="class" id="335328166" argList="(matrix.db.Context, java.lang.String[])" abstract="This method is to add VBM Brand Manager Role to the user" />
<method name="autoDeomoteClassificationsToInactiveState" initial="a" htmlFileName="emxVBMBrandLibraryBase_mxJPO" containerName="emxVBMBrandLibraryBase_mxJPO"  containerType="class" id="487341362" argList="(matrix.db.Context, java.lang.String[])" abstract="This Method demotes all connected classifications of Brand Library when it is demoted" />
<method name="autoPromoteClassificationsToActiveState" initial="a" htmlFileName="emxVBMBrandLibraryBase_mxJPO" containerName="emxVBMBrandLibraryBase_mxJPO"  containerType="class" id="-2031977906" argList="(matrix.db.Context, java.lang.String[])" abstract="This Method promotes all connected classifications of Brand Library when it is promoted" />
<method name="checkBrandLibraryName" initial="c" htmlFileName="emxVBMBrandLibraryBase_mxJPO" containerName="emxVBMBrandLibraryBase_mxJPO"  containerType="class" id="954079675" argList="(matrix.db.Context, java.lang.String[])" abstract="This method is used to check for duplicate workspace name while editing the Name." />
<method name="checkForConnectedClassificationRequests" initial="c" htmlFileName="emxVBMBrandLibraryBase_mxJPO" containerName="emxVBMBrandLibraryBase_mxJPO"  containerType="class" id="-1030451760" argList="(matrix.db.Context, java.lang.String[])" abstract="" />
<method name="checkUserAccessAndAddRole" initial="c" htmlFileName="emxVBMBrandLibraryBase_mxJPO" containerName="emxVBMBrandLibraryBase_mxJPO"  containerType="class" id="-1752073653" argList="(matrix.db.Context, java.lang.String[])" abstract="This method is to verify for the Add Role and access" />
<method name="createAndConnectDefaultCategory" initial="c" htmlFileName="emxVBMBrandLibraryBase_mxJPO" containerName="emxVBMBrandLibraryBase_mxJPO"  containerType="class" id="-1211645006" argList="(matrix.db.Context, java.lang.String[])" abstract="This method is to create and connect the Default categories for the Brand Library" />
<method name="excludeAddedCategories" initial="e" htmlFileName="emxVBMBrandLibraryBase_mxJPO" containerName="emxVBMBrandLibraryBase_mxJPO"  containerType="class" id="1082182432" argList="(matrix.db.Context, java.lang.String[])" abstract="This method is to build the list of categories to be excluded" />
<method name="getAllLibraries" initial="g" htmlFileName="emxVBMBrandLibraryBase_mxJPO" containerName="emxVBMBrandLibraryBase_mxJPO"  containerType="class" id="1289040436" argList="(matrix.db.Context, java.lang.String[])" abstract="This method is to get all the Libraries" />
<method name="getLibrariesRange" initial="g" htmlFileName="emxVBMBrandLibraryBase_mxJPO" containerName="emxVBMBrandLibraryBase_mxJPO"  containerType="class" id="747976968" argList="(matrix.db.Context, java.lang.String[])" abstract="This method is used to get Libraries Range for filter" />
<method name="getPersonListWithAddRemoveAccess" initial="g" htmlFileName="emxVBMBrandLibraryBase_mxJPO" containerName="emxVBMBrandLibraryBase_mxJPO"  containerType="class" id="-1889274936" argList="(matrix.db.Context, java.lang.String[])" abstract="" />
<method name="getResult" initial="g" htmlFileName="emxVBMBrandLibraryBase_mxJPO" containerName="emxVBMBrandLibraryBase_mxJPO"  containerType="class" id="-893258449" argList="(matrix.db.Context, java.lang.String, java.lang.String)" abstract="This Method is a generic Method which uses the findObjects method of Domain Object." />
<method name="includeAddedCategories" initial="i" htmlFileName="emxVBMBrandLibraryBase_mxJPO" containerName="emxVBMBrandLibraryBase_mxJPO"  containerType="class" id="1145995246" argList="(matrix.db.Context, java.lang.String[])" abstract="This method to create a list of Categories already added to the Library" />
<method name="includePersonWithAddRemoveAccess" initial="i" htmlFileName="emxVBMBrandLibraryBase_mxJPO" containerName="emxVBMBrandLibraryBase_mxJPO"  containerType="class" id="1443477084" argList="(matrix.db.Context, java.lang.String[])" abstract="" />
<method name="includePersonWithAddRemoveAccessForChooser" initial="i" htmlFileName="emxVBMBrandLibraryBase_mxJPO" containerName="emxVBMBrandLibraryBase_mxJPO"  containerType="class" id="-1426998" argList="(matrix.db.Context, java.lang.String[])" abstract="" />
<method name="isObjectExistsWithinTheLibrary" initial="i" htmlFileName="emxVBMBrandLibraryBase_mxJPO" containerName="emxVBMBrandLibraryBase_mxJPO"  containerType="class" id="-1490550424" argList="(matrix.db.Context, java.lang.String, java.lang.String, java.lang.String)" abstract="" />
<method name="mxMain" initial="m" htmlFileName="emxVBMBrandLibraryBase_mxJPO" containerName="emxVBMBrandLibraryBase_mxJPO"  containerType="class" id="-1414665890" argList="(matrix.db.Context, java.lang.String[])" abstract="This method is executed if a specific method is not specified." />
<method name="showRollupIssue" initial="s" htmlFileName="emxVBMBrandLibraryBase_mxJPO" containerName="emxVBMBrandLibraryBase_mxJPO"  containerType="class" id="-1779130690" argList="(matrix.db.Context, java.lang.String[])" abstract="Method to display the Issues command in the Tree Category." />
<constructor name="emxVBMBrandLibraryBase_mxJPO" initial="e" htmlFileName="emxVBMBrandLibraryBase_mxJPO" containerName="emxVBMBrandLibraryBase_mxJPO"  containerType="class" id="1922479038" argList="(matrix.db.Context, java.lang.String[])" abstract="" />
<data name="ACCESS_CHOICE" initial="A" htmlFileName="emxVBMBrandLibraryBase_mxJPO" containerName="emxVBMBrandLibraryBase_mxJPO"  containerType="class" id="918513437" abstract="" />
<data name="ADD_REMOVE" initial="A" htmlFileName="emxVBMBrandLibraryBase_mxJPO" containerName="emxVBMBrandLibraryBase_mxJPO"  containerType="class" id="-81229001" abstract="" />
<data name="BO_LIST" initial="B" htmlFileName="emxVBMBrandLibraryBase_mxJPO" containerName="emxVBMBrandLibraryBase_mxJPO"  containerType="class" id="-406284247" abstract="type &quot;Classification&quot;." />
<data name="DEFAULT_REV" initial="D" htmlFileName="emxVBMBrandLibraryBase_mxJPO" containerName="emxVBMBrandLibraryBase_mxJPO"  containerType="class" id="1913882228" abstract="" />
<data name="JPO_OBJECT_ACCESS" initial="J" htmlFileName="emxVBMBrandLibraryBase_mxJPO" containerName="emxVBMBrandLibraryBase_mxJPO"  containerType="class" id="1374886731" abstract="" />
<data name="JPO_VBM_ACCESS" initial="J" htmlFileName="emxVBMBrandLibraryBase_mxJPO" containerName="emxVBMBrandLibraryBase_mxJPO"  containerType="class" id="1617766913" abstract="" />
<data name="JPO_VBM_BRAND_LIBRARY" initial="J" htmlFileName="emxVBMBrandLibraryBase_mxJPO" containerName="emxVBMBrandLibraryBase_mxJPO"  containerType="class" id="332906602" abstract="" />
<data name="JPO_VBM_CATEGORY" initial="J" htmlFileName="emxVBMBrandLibraryBase_mxJPO" containerName="emxVBMBrandLibraryBase_mxJPO"  containerType="class" id="-245209" abstract="" />
<data name="MTH_HAS_VBM_BM_ROLE" initial="M" htmlFileName="emxVBMBrandLibraryBase_mxJPO" containerName="emxVBMBrandLibraryBase_mxJPO"  containerType="class" id="-587356784" abstract="" />
<data name="MTH_SET_USER_ACCESS" initial="M" htmlFileName="emxVBMBrandLibraryBase_mxJPO" containerName="emxVBMBrandLibraryBase_mxJPO"  containerType="class" id="-197051972" abstract="" />
<data name="SHOW_ALL_FUNC" initial="S" htmlFileName="emxVBMBrandLibraryBase_mxJPO" containerName="emxVBMBrandLibraryBase_mxJPO"  containerType="class" id="1431811381" abstract="" />
<data name="SHOW_ALL_PROG" initial="S" htmlFileName="emxVBMBrandLibraryBase_mxJPO" containerName="emxVBMBrandLibraryBase_mxJPO"  containerType="class" id="483284959" abstract="" />
<data name="USER_NAME" initial="U" htmlFileName="emxVBMBrandLibraryBase_mxJPO" containerName="emxVBMBrandLibraryBase_mxJPO"  containerType="class" id="1405797402" abstract="" />
<class name="emxVBMBrandLibrary_mxJPO" initial="e" htmlFileName="emxVBMBrandLibrary_mxJPO"  fatherClass="emxVBMBrandLibraryBase_mxJPO" fatherId="-760277503" fatherType="class"  DSCharacteristic="class" id="1036899282" abstract="" packageName="NoPackage" packagePath="" packageAbstract="" />
<constructor name="emxVBMBrandLibrary_mxJPO" initial="e" htmlFileName="emxVBMBrandLibrary_mxJPO" containerName="emxVBMBrandLibrary_mxJPO"  containerType="class" id="-2137228851" argList="(matrix.db.Context, java.lang.String[])" abstract="" />
<class name="emxVBMCategoryBase_mxJPO" initial="e" htmlFileName="emxVBMCategoryBase_mxJPO"  fatherClass="emxDomainObject_mxJPO" fatherId="-1880598364" fatherType="class"  DSCharacteristic="class" id="-1713533193" abstract="" packageName="NoPackage" packagePath="" packageAbstract="" />
<method name="addAssetToContextObject" initial="a" htmlFileName="emxVBMCategoryBase_mxJPO" containerName="emxVBMCategoryBase_mxJPO"  containerType="class" id="1917567774" argList="(matrix.db.Context, java.lang.String[])" abstract="" />
<method name="connectDefaultImageToGeneralClass" initial="c" htmlFileName="emxVBMCategoryBase_mxJPO" containerName="emxVBMCategoryBase_mxJPO"  containerType="class" id="-404082317" argList="(matrix.db.Context, java.lang.String[])" abstract="" />
<method name="excludeAddedAssets" initial="e" htmlFileName="emxVBMCategoryBase_mxJPO" containerName="emxVBMCategoryBase_mxJPO"  containerType="class" id="724966041" argList="(matrix.db.Context, java.lang.String[])" abstract="" />
<method name="getAssets" initial="g" htmlFileName="emxVBMCategoryBase_mxJPO" containerName="emxVBMCategoryBase_mxJPO"  containerType="class" id="370070665" argList="(matrix.db.Context, java.lang.String[])" abstract="" />
<method name="getBrandStatus" initial="g" htmlFileName="emxVBMCategoryBase_mxJPO" containerName="emxVBMCategoryBase_mxJPO"  containerType="class" id="189277471" argList="(matrix.db.Context, java.lang.String[])" abstract="" />
<method name="getClassificationIds" initial="g" htmlFileName="emxVBMCategoryBase_mxJPO" containerName="emxVBMCategoryBase_mxJPO"  containerType="class" id="1968759334" argList="(matrix.db.Context, java.lang.String)" abstract="" />
<method name="getClassificationIds1" initial="g" htmlFileName="emxVBMCategoryBase_mxJPO" containerName="emxVBMCategoryBase_mxJPO"  containerType="class" id="2062536461" argList="(matrix.db.Context, java.lang.String)" abstract="" />
<method name="getClassificationName" initial="g" htmlFileName="emxVBMCategoryBase_mxJPO" containerName="emxVBMCategoryBase_mxJPO"  containerType="class" id="1481937211" argList="(matrix.db.Context, java.lang.String[])" abstract="" />
<method name="getClassificationPath" initial="g" htmlFileName="emxVBMCategoryBase_mxJPO" containerName="emxVBMCategoryBase_mxJPO"  containerType="class" id="-393233183" argList="(matrix.db.Context, com.matrixone.apps.domain.util.MapList)" abstract="" />
<method name="getClassificationPath" initial="g" htmlFileName="emxVBMCategoryBase_mxJPO" containerName="emxVBMCategoryBase_mxJPO"  containerType="class" id="-393233183" argList="(matrix.db.Context, java.lang.String[])" abstract="" />
<method name="getClassifications" initial="g" htmlFileName="emxVBMCategoryBase_mxJPO" containerName="emxVBMCategoryBase_mxJPO"  containerType="class" id="-1527539285" argList="(matrix.db.Context, java.lang.String[])" abstract="" />
<method name="getClassificationType" initial="g" htmlFileName="emxVBMCategoryBase_mxJPO" containerName="emxVBMCategoryBase_mxJPO"  containerType="class" id="-301511316" argList="(matrix.db.Context, java.lang.String[])" abstract="" />
<method name="getExpandClassifications" initial="g" htmlFileName="emxVBMCategoryBase_mxJPO" containerName="emxVBMCategoryBase_mxJPO"  containerType="class" id="1522406885" argList="(matrix.db.Context, java.lang.String[])" abstract="" />
<method name="getMyCheckedOutDocs" initial="g" htmlFileName="emxVBMCategoryBase_mxJPO" containerName="emxVBMCategoryBase_mxJPO"  containerType="class" id="1220659742" argList="(matrix.db.Context, java.lang.String[])" abstract="getMyCheckedOutDocs - Get the list of Master Documents which have at least one" />
<method name="mxMain" initial="m" htmlFileName="emxVBMCategoryBase_mxJPO" containerName="emxVBMCategoryBase_mxJPO"  containerType="class" id="-1414665890" argList="(matrix.db.Context, java.lang.String[])" abstract="This method is executed if a specific method is not specified." />
<method name="renderPathElem" initial="r" htmlFileName="emxVBMCategoryBase_mxJPO" containerName="emxVBMCategoryBase_mxJPO"  containerType="class" id="-1984607976" argList="(matrix.db.Context, java.lang.String, java.lang.String)" abstract="This method renders the href for given object" />
<method name="showClassificationPath" initial="s" htmlFileName="emxVBMCategoryBase_mxJPO" containerName="emxVBMCategoryBase_mxJPO"  containerType="class" id="1089092826" argList="(matrix.db.Context, java.lang.String[])" abstract="" />
<method name="showClassificationPath1" initial="s" htmlFileName="emxVBMCategoryBase_mxJPO" containerName="emxVBMCategoryBase_mxJPO"  containerType="class" id="562678489" argList="(matrix.db.Context, java.lang.String[])" abstract="" />
<constructor name="emxVBMCategoryBase_mxJPO" initial="e" htmlFileName="emxVBMCategoryBase_mxJPO" containerName="emxVBMCategoryBase_mxJPO"  containerType="class" id="-875270136" argList="(matrix.db.Context, java.lang.String[])" abstract="" />
<data name="_elemSeparatorHTML" initial="_" htmlFileName="emxVBMCategoryBase_mxJPO" containerName="emxVBMCategoryBase_mxJPO"  containerType="class" id="1060067063" abstract="" />
<class name="emxVBMCategory_mxJPO" initial="e" htmlFileName="emxVBMCategory_mxJPO"  fatherClass="emxVBMCategoryBase_mxJPO" fatherId="-1713533193" fatherType="class"  DSCharacteristic="class" id="-757385272" abstract="" packageName="NoPackage" packagePath="" packageAbstract="" />
<constructor name="emxVBMCategory_mxJPO" initial="e" htmlFileName="emxVBMCategory_mxJPO" containerName="emxVBMCategory_mxJPO"  containerType="class" id="-1159206121" argList="(matrix.db.Context, java.lang.String[])" abstract="" />
<class name="emxVBMContractBase_mxJPO" initial="e" htmlFileName="emxVBMContractBase_mxJPO"  fatherClass="emxCommonDocumentBase_mxJPO" fatherId="-894412240" fatherType="class"  DSCharacteristic="class" id="1212277091" abstract="" packageName="NoPackage" packagePath="" packageAbstract="" />
<method name="checkFilePresense" initial="c" htmlFileName="emxVBMContractBase_mxJPO" containerName="emxVBMContractBase_mxJPO"  containerType="class" id="1958106643" argList="(matrix.db.Context, java.lang.String[])" abstract="Block promotion, if contract does not have at least one document attached or linked to it." />
<method name="makeContractExpire" initial="m" htmlFileName="emxVBMContractBase_mxJPO" containerName="emxVBMContractBase_mxJPO"  containerType="class" id="1256179555" argList="(matrix.db.Context, java.lang.String[])" abstract="This is the method executed for expiring the contracts on reaching the effectivity end date." />
<constructor name="emxVBMContractBase_mxJPO" initial="e" htmlFileName="emxVBMContractBase_mxJPO" containerName="emxVBMContractBase_mxJPO"  containerType="class" id="-343181284" argList="(matrix.db.Context, java.lang.String[])" abstract="" />
<class name="emxVBMContract_mxJPO" initial="e" htmlFileName="emxVBMContract_mxJPO"  fatherClass="emxVBMContractBase_mxJPO" fatherId="1212277091" fatherType="class"  DSCharacteristic="class" id="616669236" abstract="" packageName="NoPackage" packagePath="" packageAbstract="" />
<constructor name="emxVBMContract_mxJPO" initial="e" htmlFileName="emxVBMContract_mxJPO" containerName="emxVBMContract_mxJPO"  containerType="class" id="200154411" argList="(matrix.db.Context, java.lang.String[])" abstract="" />
<class name="emxVBMExcludeAssetOIDsBase_mxJPO" initial="e" htmlFileName="emxVBMExcludeAssetOIDsBase_mxJPO"  fatherClass="DomainObject" fatherId="-1961610893" fatherType="class"  DSCharacteristic="class" id="538418134" abstract="The emxVBMExcludeAssetOIDs jpo contains excludeOId methods." packageName="NoPackage" packagePath="" packageAbstract="" />
<method name="excludeAssetOIds" initial="e" htmlFileName="emxVBMExcludeAssetOIDsBase_mxJPO" containerName="emxVBMExcludeAssetOIDsBase_mxJPO"  containerType="class" id="1327106979" argList="(matrix.db.Context, java.lang.String[])" abstract="Build the list of ids for assets to be excluded for Add Existing Assets search" />
<method name="excludeAssetOIdsForRoute" initial="e" htmlFileName="emxVBMExcludeAssetOIDsBase_mxJPO" containerName="emxVBMExcludeAssetOIDsBase_mxJPO"  containerType="class" id="2012680067" argList="(matrix.db.Context, java.lang.String[])" abstract="" />
<method name="excludeAssetOIdsForTasks" initial="e" htmlFileName="emxVBMExcludeAssetOIDsBase_mxJPO" containerName="emxVBMExcludeAssetOIDsBase_mxJPO"  containerType="class" id="1216264158" argList="(matrix.db.Context, java.lang.String[])" abstract="Build the list of ids for assets to be excluded for Add Existing Assets search from Tasks" />
<constructor name="emxVBMExcludeAssetOIDsBase_mxJPO" initial="e" htmlFileName="emxVBMExcludeAssetOIDsBase_mxJPO" containerName="emxVBMExcludeAssetOIDsBase_mxJPO"  containerType="class" id="517024073" argList="(matrix.db.Context, java.lang.String[])" abstract="Constructor." />
<class name="emxVBMExcludeAssetOIDs_mxJPO" initial="e" htmlFileName="emxVBMExcludeAssetOIDs_mxJPO"  fatherClass="emxVBMExcludeAssetOIDsBase_mxJPO" fatherId="538418134" fatherType="class"  DSCharacteristic="class" id="-1062958041" abstract="" packageName="NoPackage" packagePath="" packageAbstract="" />
<constructor name="emxVBMExcludeAssetOIDs_mxJPO" initial="e" htmlFileName="emxVBMExcludeAssetOIDs_mxJPO" containerName="emxVBMExcludeAssetOIDs_mxJPO"  containerType="class" id="-202543912" argList="(matrix.db.Context, java.lang.String[])" abstract="" />
<class name="emxVBMImageManagerBase_mxJPO" initial="e" htmlFileName="emxVBMImageManagerBase_mxJPO"  fatherClass="emxImageManager_mxJPO" fatherId="1768511829" fatherType="class"  DSCharacteristic="class" id="-498104029" abstract="This JPO class has some methods pertaining to Image Holder type." packageName="NoPackage" packagePath="" packageAbstract="" />
<method name="associateImage" initial="a" htmlFileName="emxVBMImageManagerBase_mxJPO" containerName="emxVBMImageManagerBase_mxJPO"  containerType="class" id="803045029" argList="(matrix.db.Context, java.lang.String[])" abstract="This method is executed if a specific method is not specified." />
<method name="deletePhotoCheckinFiles" initial="d" htmlFileName="emxVBMImageManagerBase_mxJPO" containerName="emxVBMImageManagerBase_mxJPO"  containerType="class" id="-1214591279" argList="(matrix.db.Context, java.lang.String[])" abstract="Trgiggers started -Jm7 - Start" />
<method name="generateImageUtilityThumbnail" initial="g" htmlFileName="emxVBMImageManagerBase_mxJPO" containerName="emxVBMImageManagerBase_mxJPO"  containerType="class" id="516797372" argList="(matrix.db.Context, java.lang.String, java.lang.String, java.lang.String, int, int, java.lang.String, java.lang.String)" abstract="This method is used to generate the thumbnail from the image" />
<method name="generateImageUtilityThumbnailnConvert" initial="g" htmlFileName="emxVBMImageManagerBase_mxJPO" containerName="emxVBMImageManagerBase_mxJPO"  containerType="class" id="-544419337" argList="(matrix.db.Context, java.lang.String, java.lang.String, java.lang.String, int, int, java.lang.String, java.lang.String)" abstract="/**" />
<method name="generateTransformatedImages" initial="g" htmlFileName="emxVBMImageManagerBase_mxJPO" containerName="emxVBMImageManagerBase_mxJPO"  containerType="class" id="-751415775" argList="(matrix.db.Context, java.util.Map, java.util.Map)" abstract="" />
<method name="reGenerateThumbnail" initial="r" htmlFileName="emxVBMImageManagerBase_mxJPO" containerName="emxVBMImageManagerBase_mxJPO"  containerType="class" id="-1304930722" argList="(matrix.db.Context, java.lang.String[])" abstract="Method started -Jm7 - Start" />
<method name="updateCheckinFiles" initial="u" htmlFileName="emxVBMImageManagerBase_mxJPO" containerName="emxVBMImageManagerBase_mxJPO"  containerType="class" id="1782750863" argList="(matrix.db.Context, java.lang.String[])" abstract="Trgiggers started -Jm7 - Start" />
<constructor name="emxVBMImageManagerBase_mxJPO" initial="e" htmlFileName="emxVBMImageManagerBase_mxJPO" containerName="emxVBMImageManagerBase_mxJPO"  containerType="class" id="-1425975204" argList="(matrix.db.Context, java.lang.String[])" abstract="Constructor." />
<class name="emxVBMImageManager_mxJPO" initial="e" htmlFileName="emxVBMImageManager_mxJPO"  fatherClass="emxVBMImageManagerBase_mxJPO" fatherId="-498104029" fatherType="class"  DSCharacteristic="class" id="1767450612" abstract="This JPO class has some methods pertaining to Image Holder type." packageName="NoPackage" packagePath="" packageAbstract="" />
<method name="mxMain" initial="m" htmlFileName="emxVBMImageManager_mxJPO" containerName="emxVBMImageManager_mxJPO"  containerType="class" id="-1414665890" argList="(matrix.db.Context, java.lang.String[])" abstract="This method is executed if a specific method is not specified." />
<constructor name="emxVBMImageManager_mxJPO" initial="e" htmlFileName="emxVBMImageManager_mxJPO" containerName="emxVBMImageManager_mxJPO"  containerType="class" id="1071521131" argList="(matrix.db.Context, java.lang.String[])" abstract="Constructor." />
<class name="emxVBMInboxTaskBase_mxJPO" initial="e" htmlFileName="emxVBMInboxTaskBase_mxJPO"  fatherClass="emxInboxTaskBase_mxJPO" fatherId="1123023531" fatherType="class"  DSCharacteristic="class" id="1090125804" abstract="" packageName="NoPackage" packagePath="" packageAbstract="" />
<method name="getApprovalTasks" initial="g" htmlFileName="emxVBMInboxTaskBase_mxJPO" containerName="emxVBMInboxTaskBase_mxJPO"  containerType="class" id="845627181" argList="(matrix.db.Context, java.lang.String)" abstract="getApprovalTasks - gets the list of Tasks depending on condition" />
<method name="getLibrary" initial="g" htmlFileName="emxVBMInboxTaskBase_mxJPO" containerName="emxVBMInboxTaskBase_mxJPO"  containerType="class" id="382388221" argList="(matrix.db.Context, java.lang.String[])" abstract="This method returns the Brand Library from VBMBrandLibrary attribute in Task." />
<method name="getRouteBasePurpose" initial="g" htmlFileName="emxVBMInboxTaskBase_mxJPO" containerName="emxVBMInboxTaskBase_mxJPO"  containerType="class" id="902425000" argList="(matrix.db.Context, java.lang.String[])" abstract="Gets the translated Route Base purpose attribute" />
<method name="getRouteStatus" initial="g" htmlFileName="emxVBMInboxTaskBase_mxJPO" containerName="emxVBMInboxTaskBase_mxJPO"  containerType="class" id="913680925" argList="(matrix.db.Context, java.lang.String[])" abstract="Gets the translated Route Status attribute" />
<method name="getTasks" initial="g" htmlFileName="emxVBMInboxTaskBase_mxJPO" containerName="emxVBMInboxTaskBase_mxJPO"  containerType="class" id="590307338" argList="(matrix.db.Context, java.lang.String)" abstract="This method is for getting Approval Tasks , which is no longer supported as of R417" />
<method name="mxMain" initial="m" htmlFileName="emxVBMInboxTaskBase_mxJPO" containerName="emxVBMInboxTaskBase_mxJPO"  containerType="class" id="-1414665890" argList="(matrix.db.Context, java.lang.String[])" abstract="This method is executed if a specific method is not specified." />
<method name="showDueDate" initial="s" htmlFileName="emxVBMInboxTaskBase_mxJPO" containerName="emxVBMInboxTaskBase_mxJPO"  containerType="class" id="-1352420739" argList="(matrix.db.Context, java.lang.String[])" abstract="showDueDate - shows the due date for the task" />
<method name="showTaskTitle" initial="s" htmlFileName="emxVBMInboxTaskBase_mxJPO" containerName="emxVBMInboxTaskBase_mxJPO"  containerType="class" id="-270758324" argList="(matrix.db.Context, java.lang.String[])" abstract="showTaskTitle - displays the Inbox Task Title" />
<constructor name="emxVBMInboxTaskBase_mxJPO" initial="e" htmlFileName="emxVBMInboxTaskBase_mxJPO" containerName="emxVBMInboxTaskBase_mxJPO"  containerType="class" id="987977331" argList="(matrix.db.Context, java.lang.String[])" abstract="" />
<class name="emxVBMInboxTask_mxJPO" initial="e" htmlFileName="emxVBMInboxTask_mxJPO"  fatherClass="emxVBMInboxTaskBase_mxJPO" fatherId="1090125804" fatherType="class"  DSCharacteristic="class" id="727214909" abstract="" packageName="NoPackage" packagePath="" packageAbstract="" />
<constructor name="emxVBMInboxTask_mxJPO" initial="e" htmlFileName="emxVBMInboxTask_mxJPO" containerName="emxVBMInboxTask_mxJPO"  containerType="class" id="-542589182" argList="(matrix.db.Context, java.lang.String[])" abstract="" />
<class name="emxVBMRouteBase_mxJPO" initial="e" htmlFileName="emxVBMRouteBase_mxJPO"  fatherClass="emxRouteBase_mxJPO" fatherId="-827215027" fatherType="class"  DSCharacteristic="class" id="-2058714866" abstract="" packageName="NoPackage" packagePath="" packageAbstract="" />
<method name="canAddContent" initial="c" htmlFileName="emxVBMRouteBase_mxJPO" containerName="emxVBMRouteBase_mxJPO"  containerType="class" id="1713234778" argList="(matrix.db.Context, java.lang.String[])" abstract="canAddContent - This method is used to determine if" />
<method name="canUpload" initial="c" htmlFileName="emxVBMRouteBase_mxJPO" containerName="emxVBMRouteBase_mxJPO"  containerType="class" id="-407645167" argList="(matrix.db.Context, java.lang.String[])" abstract="canUpload - This method is used to determine if" />
<method name="getAllClassificationRequestRoutes" initial="g" htmlFileName="emxVBMRouteBase_mxJPO" containerName="emxVBMRouteBase_mxJPO"  containerType="class" id="1650652378" argList="(matrix.db.Context, java.lang.String[])" abstract="" />
<method name="getAllClassificationRequestRoutesForBL" initial="g" htmlFileName="emxVBMRouteBase_mxJPO" containerName="emxVBMRouteBase_mxJPO"  containerType="class" id="-1417973097" argList="(matrix.db.Context, java.lang.String[])" abstract="" />
<method name="getClassificationRequestActiveRoutes" initial="g" htmlFileName="emxVBMRouteBase_mxJPO" containerName="emxVBMRouteBase_mxJPO"  containerType="class" id="-748866913" argList="(matrix.db.Context, java.lang.String[])" abstract="Gets the list of Active Routes" />
<method name="getClassificationRequestActiveRoutesForBL" initial="g" htmlFileName="emxVBMRouteBase_mxJPO" containerName="emxVBMRouteBase_mxJPO"  containerType="class" id="780797938" argList="(matrix.db.Context, java.lang.String[])" abstract="" />
<method name="getClassificationRequestInActiveRoutes" initial="g" htmlFileName="emxVBMRouteBase_mxJPO" containerName="emxVBMRouteBase_mxJPO"  containerType="class" id="1858480954" argList="(matrix.db.Context, java.lang.String[])" abstract="Gets the list of Inactive Routes" />
<method name="getClassificationRequestInActiveRoutesForBL" initial="g" htmlFileName="emxVBMRouteBase_mxJPO" containerName="emxVBMRouteBase_mxJPO"  containerType="class" id="-1367656393" argList="(matrix.db.Context, java.lang.String[])" abstract="" />
<method name="getMyDeskRoutes" initial="g" htmlFileName="emxVBMRouteBase_mxJPO" containerName="emxVBMRouteBase_mxJPO"  containerType="class" id="-197564419" argList="(matrix.db.Context, java.lang.String[], java.lang.String)" abstract="getMyDeskRoutes -" />
<method name="getMyRoutesForBL" initial="g" htmlFileName="emxVBMRouteBase_mxJPO" containerName="emxVBMRouteBase_mxJPO"  containerType="class" id="-1231755749" argList="(matrix.db.Context, java.lang.String[], java.lang.String)" abstract="This method was used to find Routes based attribute VBM Brand Library" />
<method name="mxMain" initial="m" htmlFileName="emxVBMRouteBase_mxJPO" containerName="emxVBMRouteBase_mxJPO"  containerType="class" id="-1414665890" argList="(matrix.db.Context, java.lang.String[])" abstract="This method is executed if a specific method is not specified." />
<constructor name="emxVBMRouteBase_mxJPO" initial="e" htmlFileName="emxVBMRouteBase_mxJPO" containerName="emxVBMRouteBase_mxJPO"  containerType="class" id="1119890705" argList="(matrix.db.Context, java.lang.String[])" abstract="" />
<data name="strMatchList" initial="s" htmlFileName="emxVBMRouteBase_mxJPO" containerName="emxVBMRouteBase_mxJPO"  containerType="class" id="-45437337" abstract="" />
<class name="emxVBMRoute_mxJPO" initial="e" htmlFileName="emxVBMRoute_mxJPO"  fatherClass="emxVBMRouteBase_mxJPO" fatherId="-2058714866" fatherType="class"  DSCharacteristic="class" id="-1848980129" abstract="" packageName="NoPackage" packagePath="" packageAbstract="" />
<constructor name="emxVBMRoute_mxJPO" initial="e" htmlFileName="emxVBMRoute_mxJPO" containerName="emxVBMRoute_mxJPO"  containerType="class" id="1397068960" argList="(matrix.db.Context, java.lang.String[])" abstract="" />
<class name="emxVBMSubscriptionBase_mxJPO" initial="e" htmlFileName="emxVBMSubscriptionBase_mxJPO"  fatherClass="emxDomainObject_mxJPO" fatherId="-1880598364" fatherType="class"  DSCharacteristic="class" id="-1114279368" abstract="The emxSubscriptionBase class represents the Subscription JPO" packageName="NoPackage" packagePath="" packageAbstract="" />
<method name="classifiedItemContentApproved" initial="c" htmlFileName="emxVBMSubscriptionBase_mxJPO" containerName="emxVBMSubscriptionBase_mxJPO"  containerType="class" id="1841288312" argList="(matrix.db.Context, java.lang.String[])" abstract="" />
<method name="classifiedItemContentArchived" initial="c" htmlFileName="emxVBMSubscriptionBase_mxJPO" containerName="emxVBMSubscriptionBase_mxJPO"  containerType="class" id="196153261" argList="(matrix.db.Context, java.lang.String[])" abstract="" />
<method name="getEvents" initial="g" htmlFileName="emxVBMSubscriptionBase_mxJPO" containerName="emxVBMSubscriptionBase_mxJPO"  containerType="class" id="2112038835" argList="(matrix.db.Context, java.lang.String[])" abstract="Gets the Event Ids." />
<method name="getI18nEvent" initial="g" htmlFileName="emxVBMSubscriptionBase_mxJPO" containerName="emxVBMSubscriptionBase_mxJPO"  containerType="class" id="-1617683140" argList="(matrix.db.Context, java.lang.String[])" abstract="Gets the Event Names in internationlization." />
<method name="mxMain" initial="m" htmlFileName="emxVBMSubscriptionBase_mxJPO" containerName="emxVBMSubscriptionBase_mxJPO"  containerType="class" id="-1414665890" argList="(matrix.db.Context, java.lang.String[])" abstract="This method is executed if a specific method is not specified." />
<constructor name="emxVBMSubscriptionBase_mxJPO" initial="e" htmlFileName="emxVBMSubscriptionBase_mxJPO" containerName="emxVBMSubscriptionBase_mxJPO"  containerType="class" id="-2130476377" argList="(matrix.db.Context, java.lang.String[])" abstract="" />
<class name="emxVBMSubscription_mxJPO" initial="e" htmlFileName="emxVBMSubscription_mxJPO"  fatherClass="emxVBMSubscriptionBase_mxJPO" fatherId="-1114279368" fatherType="class"  DSCharacteristic="class" id="-54467703" abstract="" packageName="NoPackage" packagePath="" packageAbstract="" />
<constructor name="emxVBMSubscription_mxJPO" initial="e" htmlFileName="emxVBMSubscription_mxJPO" containerName="emxVBMSubscription_mxJPO"  containerType="class" id="1754211638" argList="(matrix.db.Context, java.lang.String[])" abstract="" />
<class name="emxVBMUsageRightsBase_mxJPO" initial="e" htmlFileName="emxVBMUsageRightsBase_mxJPO"  fatherClass="emxDomainObjectBase_mxJPO" fatherId="-680074797" fatherType="class"  DSCharacteristic="class" id="1247439007" abstract="" packageName="NoPackage" packagePath="" packageAbstract="" />
<method name="checkContractsPresence" initial="c" htmlFileName="emxVBMUsageRightsBase_mxJPO" containerName="emxVBMUsageRightsBase_mxJPO"  containerType="class" id="2042820558" argList="(matrix.db.Context, java.lang.String[])" abstract="Block promotion if Usage Rights is not linked with any contract." />
<method name="createVBMStatusTag" initial="c" htmlFileName="emxVBMUsageRightsBase_mxJPO" containerName="emxVBMUsageRightsBase_mxJPO"  containerType="class" id="-1943910625" argList="(java.lang.String, java.lang.String, java.lang.String)" abstract="" />
<method name="displayContractList" initial="d" htmlFileName="emxVBMUsageRightsBase_mxJPO" containerName="emxVBMUsageRightsBase_mxJPO"  containerType="class" id="1373997168" argList="(matrix.db.Context, java.lang.String[])" abstract="Method to get the contract list for Usage Right." />
<method name="excludeConnectedContracts" initial="e" htmlFileName="emxVBMUsageRightsBase_mxJPO" containerName="emxVBMUsageRightsBase_mxJPO"  containerType="class" id="-205972720" argList="(matrix.db.Context, java.lang.String[])" abstract="To obtain the list of Object IDs to be excluded from the search for Add Existing Contract" />
<method name="getConnectedContracts" initial="g" htmlFileName="emxVBMUsageRightsBase_mxJPO" containerName="emxVBMUsageRightsBase_mxJPO"  containerType="class" id="-160674796" argList="(matrix.db.Context, java.lang.String[])" abstract="To obtain the list of Object connected to the usage Rights" />
<method name="getCountryForUR" initial="g" htmlFileName="emxVBMUsageRightsBase_mxJPO" containerName="emxVBMUsageRightsBase_mxJPO"  containerType="class" id="1775894524" argList="(matrix.db.Context, java.lang.String[])" abstract="" />
<method name="getCountryForWebForm" initial="g" htmlFileName="emxVBMUsageRightsBase_mxJPO" containerName="emxVBMUsageRightsBase_mxJPO"  containerType="class" id="238935827" argList="(matrix.db.Context, java.lang.String[])" abstract="" />
<method name="getDescription" initial="g" htmlFileName="emxVBMUsageRightsBase_mxJPO" containerName="emxVBMUsageRightsBase_mxJPO"  containerType="class" id="-320464164" argList="(matrix.db.Context, java.lang.String[])" abstract="" />
<method name="getRegionForWebForm" initial="g" htmlFileName="emxVBMUsageRightsBase_mxJPO" containerName="emxVBMUsageRightsBase_mxJPO"  containerType="class" id="-569991095" argList="(matrix.db.Context, java.lang.String[])" abstract="" />
<method name="getRegionOrCountryForUR" initial="g" htmlFileName="emxVBMUsageRightsBase_mxJPO" containerName="emxVBMUsageRightsBase_mxJPO"  containerType="class" id="-1198346683" argList="(matrix.db.Context, java.lang.String[])" abstract="Method to get the attribute values." />
<method name="getRegions" initial="g" htmlFileName="emxVBMUsageRightsBase_mxJPO" containerName="emxVBMUsageRightsBase_mxJPO"  containerType="class" id="-1294356167" argList="(matrix.db.Context, java.lang.String[])" abstract="" />
<method name="getSequenceOrder" initial="g" htmlFileName="emxVBMUsageRightsBase_mxJPO" containerName="emxVBMUsageRightsBase_mxJPO"  containerType="class" id="-1842704277" argList="(matrix.db.Context, java.lang.String[])" abstract="" />
<method name="getType" initial="g" htmlFileName="emxVBMUsageRightsBase_mxJPO" containerName="emxVBMUsageRightsBase_mxJPO"  containerType="class" id="-581960398" argList="(matrix.db.Context, java.lang.String[])" abstract="" />
<method name="getUsageRights" initial="g" htmlFileName="emxVBMUsageRightsBase_mxJPO" containerName="emxVBMUsageRightsBase_mxJPO"  containerType="class" id="482285440" argList="(matrix.db.Context, java.lang.String[])" abstract="Method to get the range values for Usage Rights value." />
<method name="getUsageRightsFlag" initial="g" htmlFileName="emxVBMUsageRightsBase_mxJPO" containerName="emxVBMUsageRightsBase_mxJPO"  containerType="class" id="899846772" argList="(matrix.db.Context, java.lang.String[])" abstract="" />
<method name="isUsageRightsEditable" initial="i" htmlFileName="emxVBMUsageRightsBase_mxJPO" containerName="emxVBMUsageRightsBase_mxJPO"  containerType="class" id="1194316624" argList="(matrix.db.Context, com.matrixone.apps.domain.util.MapList)" abstract="This method checks if the state of Usage Rights is IN_WORK then only the rows are editable" />
<method name="setSequenceColumnVal" initial="s" htmlFileName="emxVBMUsageRightsBase_mxJPO" containerName="emxVBMUsageRightsBase_mxJPO"  containerType="class" id="618502906" argList="(matrix.db.Context, java.lang.String[])" abstract="" />
<method name="showURStatus" initial="s" htmlFileName="emxVBMUsageRightsBase_mxJPO" containerName="emxVBMUsageRightsBase_mxJPO"  containerType="class" id="1404083574" argList="(matrix.db.Context, java.lang.String[])" abstract="Method to get the status for Usage Rights." />
<method name="updateURAttributes" initial="u" htmlFileName="emxVBMUsageRightsBase_mxJPO" containerName="emxVBMUsageRightsBase_mxJPO"  containerType="class" id="1292693605" argList="(matrix.db.Context, java.lang.String[])" abstract="Method to get update the attribute values in edit mode." />
<constructor name="emxVBMUsageRightsBase_mxJPO" initial="e" htmlFileName="emxVBMUsageRightsBase_mxJPO" containerName="emxVBMUsageRightsBase_mxJPO"  containerType="class" id="1084494176" argList="(matrix.db.Context, java.lang.String[])" abstract="Constructor." />
<class name="emxVBMUsageRights_mxJPO" initial="e" htmlFileName="emxVBMUsageRights_mxJPO"  fatherClass="emxVBMUsageRightsBase_mxJPO" fatherId="1247439007" fatherType="class"  DSCharacteristic="class" id="1675044208" abstract="" packageName="NoPackage" packagePath="" packageAbstract="" />
<constructor name="emxVBMUsageRights_mxJPO" initial="e" htmlFileName="emxVBMUsageRights_mxJPO" containerName="emxVBMUsageRights_mxJPO"  containerType="class" id="-961677201" argList="(matrix.db.Context, java.lang.String[])" abstract="" />
<class name="emxVBMUtilBase_mxJPO" initial="e" htmlFileName="emxVBMUtilBase_mxJPO"  fatherClass="Object" fatherId="933768735" fatherType="class"  DSCharacteristic="class" id="-1687371789" abstract="" packageName="NoPackage" packagePath="" packageAbstract="" />
<method name="getCountries" initial="g" htmlFileName="emxVBMUtilBase_mxJPO" containerName="emxVBMUtilBase_mxJPO"  containerType="class" id="900044964" argList="(matrix.db.Context, java.lang.String[])" abstract="" />
<method name="getImageColumn" initial="g" htmlFileName="emxVBMUtilBase_mxJPO" containerName="emxVBMUtilBase_mxJPO"  containerType="class" id="1499156967" argList="(matrix.db.Context, java.lang.String[])" abstract="" />
<method name="getRegions" initial="g" htmlFileName="emxVBMUtilBase_mxJPO" containerName="emxVBMUtilBase_mxJPO"  containerType="class" id="-1294356167" argList="(matrix.db.Context, java.lang.String[])" abstract="" />
<method name="getSubRegions" initial="g" htmlFileName="emxVBMUtilBase_mxJPO" containerName="emxVBMUtilBase_mxJPO"  containerType="class" id="-1907959571" argList="(matrix.db.Context, java.lang.String[])" abstract="" />
<constructor name="emxVBMUtilBase_mxJPO" initial="e" htmlFileName="emxVBMUtilBase_mxJPO" containerName="emxVBMUtilBase_mxJPO"  containerType="class" id="-6969460" argList="(matrix.db.Context, java.lang.String[])" abstract="Constructor." />
<class name="emxVBMUtil_mxJPO" initial="e" htmlFileName="emxVBMUtil_mxJPO"  fatherClass="emxVBMUtilBase_mxJPO" fatherId="-1687371789" fatherType="class"  DSCharacteristic="class" id="1287800516" abstract="" packageName="NoPackage" packagePath="" packageAbstract="" />
<constructor name="emxVBMUtil_mxJPO" initial="e" htmlFileName="emxVBMUtil_mxJPO" containerName="emxVBMUtil_mxJPO"  containerType="class" id="1540981915" argList="(matrix.db.Context, java.lang.String[])" abstract="" />
</fw>

