<?xml version="1.0" encoding="utf-8"?>
<fw name="ENOVariantConfigurationBase" footer="Copyright &#169; 1999-2016, Dassault Syst&#232;mes. All rights reserved. ">
<class name="VPLMEffectivitySynchronizer" initial="V" htmlFileName="com/matrixone/vplmintegration/impl/VPLMEffectivitySynchronizer"  fatherClass="Object" fatherId="1668385586" fatherType="class"  DSCharacteristic="class" id="1254560573" abstract="Abstract class for logical feature and GBOM class publication" packageName="com.matrixone.vplmintegration.impl" packagePath="com/matrixone/vplmintegration/impl/" packageAbstract="" />
<method name="attachModels" initial="a" htmlFileName="com/matrixone/vplmintegration/impl/VPLMEffectivitySynchronizer" containerName="VPLMEffectivitySynchronizer"  containerType="class" id="48708236" argList="(matrix.db.Context, java.util.List&lt;java.lang.String&gt;, java.lang.String, java.util.Hashtable)" abstract="" />
<method name="detachModels" initial="d" htmlFileName="com/matrixone/vplmintegration/impl/VPLMEffectivitySynchronizer" containerName="VPLMEffectivitySynchronizer"  containerType="class" id="-1934028070" argList="(matrix.db.Context, java.util.List&lt;java.lang.String&gt;, java.lang.String, java.util.Hashtable)" abstract="" />
<method name="getAttachedModelIdsFromConfigurationContext" initial="g" htmlFileName="com/matrixone/vplmintegration/impl/VPLMEffectivitySynchronizer" containerName="VPLMEffectivitySynchronizer"  containerType="class" id="-364598903" argList="(matrix.db.Context, java.lang.String)" abstract="" />
<method name="getEffectivityFromConfigurationFeature" initial="g" htmlFileName="com/matrixone/vplmintegration/impl/VPLMEffectivitySynchronizer" containerName="VPLMEffectivitySynchronizer"  containerType="class" id="1238087169" argList="(matrix.db.Context, java.lang.String)" abstract="" />
<method name="getProductListIDsFromRel" initial="g" htmlFileName="com/matrixone/vplmintegration/impl/VPLMEffectivitySynchronizer" containerName="VPLMEffectivitySynchronizer"  containerType="class" id="-1450446037" argList="(matrix.db.Context, java.lang.String)" abstract="API to retrieve the product ids from the relation." />
<method name="isConfigurationContext" initial="i" htmlFileName="com/matrixone/vplmintegration/impl/VPLMEffectivitySynchronizer" containerName="VPLMEffectivitySynchronizer"  containerType="class" id="-2110941536" argList="(matrix.db.Context, matrix.db.RelationshipType)" abstract="" />
<method name="isOfParentRel" initial="i" htmlFileName="com/matrixone/vplmintegration/impl/VPLMEffectivitySynchronizer" containerName="VPLMEffectivitySynchronizer"  containerType="class" id="-1051929557" argList="(matrix.db.Context, java.lang.String, java.lang.String)" abstract="This method is used to check if the rel Type is of given Parent Rel type" />
<method name="isOfParentType" initial="i" htmlFileName="com/matrixone/vplmintegration/impl/VPLMEffectivitySynchronizer" containerName="VPLMEffectivitySynchronizer"  containerType="class" id="-1000991870" argList="(matrix.db.Context, java.lang.String, java.lang.String)" abstract="Verifies whether the Child Type is derived from the Parent Type." />
<method name="manageEffectivity" initial="m" htmlFileName="com/matrixone/vplmintegration/impl/VPLMEffectivitySynchronizer" containerName="VPLMEffectivitySynchronizer"  containerType="class" id="-1530459320" argList="(matrix.db.Context, java.lang.String, java.lang.String, java.lang.String, java.util.Hashtable)" abstract="API to retrieve the enabled criteria on a model" />
<method name="setEffectivity" initial="s" htmlFileName="com/matrixone/vplmintegration/impl/VPLMEffectivitySynchronizer" containerName="VPLMEffectivitySynchronizer"  containerType="class" id="735700971" argList="(matrix.db.Context, java.lang.String, java.lang.String, java.util.Hashtable)" abstract="" />
<method name="throwError" initial="t" htmlFileName="com/matrixone/vplmintegration/impl/VPLMEffectivitySynchronizer" containerName="VPLMEffectivitySynchronizer"  containerType="class" id="1867147263" argList="(java.lang.String, matrix.db.Context, java.lang.String[])" abstract="Throws an exception in case of error in processing" />
<method name="unsetEffectivity" initial="u" htmlFileName="com/matrixone/vplmintegration/impl/VPLMEffectivitySynchronizer" containerName="VPLMEffectivitySynchronizer"  containerType="class" id="29038084" argList="(matrix.db.Context, java.lang.String, java.util.Hashtable)" abstract="" />
<constructor name="VPLMEffectivitySynchronizer" initial="V" htmlFileName="com/matrixone/vplmintegration/impl/VPLMEffectivitySynchronizer" containerName="VPLMEffectivitySynchronizer"  containerType="class" id="-1916134657" argList="()" abstract="" />
<class name="VPLMSyncEffectivityForGBOM" initial="V" htmlFileName="com/matrixone/vplmintegration/impl/VPLMSyncEffectivityForGBOM"  fatherClass="VPLMEffectivitySynchronizer" fatherId="1254560573" fatherType="class"  DSCharacteristic="class" id="-782422004" abstract="" packageName="com.matrixone.vplmintegration.impl" packagePath="com/matrixone/vplmintegration/impl/" packageAbstract="" />
<method name="attachModels" initial="a" htmlFileName="com/matrixone/vplmintegration/impl/VPLMSyncEffectivityForGBOM" containerName="VPLMSyncEffectivityForGBOM"  containerType="class" id="48708236" argList="(matrix.db.Context, java.util.List&lt;java.lang.String&gt;, java.lang.String, java.util.Hashtable)" abstract="" />
<method name="detachModels" initial="d" htmlFileName="com/matrixone/vplmintegration/impl/VPLMSyncEffectivityForGBOM" containerName="VPLMSyncEffectivityForGBOM"  containerType="class" id="-1934028070" argList="(matrix.db.Context, java.util.List, java.lang.String, java.util.Hashtable)" abstract="" />
<method name="getAttachedModelIds" initial="g" htmlFileName="com/matrixone/vplmintegration/impl/VPLMSyncEffectivityForGBOM" containerName="VPLMSyncEffectivityForGBOM"  containerType="class" id="987767302" argList="(matrix.db.Context, java.lang.String)" abstract="" />
<method name="getEffectivity" initial="g" htmlFileName="com/matrixone/vplmintegration/impl/VPLMSyncEffectivityForGBOM" containerName="VPLMSyncEffectivityForGBOM"  containerType="class" id="-2059345033" argList="(matrix.db.Context, java.lang.String)" abstract="" />
<method name="manageEffectivity" initial="m" htmlFileName="com/matrixone/vplmintegration/impl/VPLMSyncEffectivityForGBOM" containerName="VPLMSyncEffectivityForGBOM"  containerType="class" id="-1530459320" argList="(matrix.db.Context, java.lang.String, java.lang.String, java.lang.String, java.util.Hashtable)" abstract="" />
<method name="setEffectivity" initial="s" htmlFileName="com/matrixone/vplmintegration/impl/VPLMSyncEffectivityForGBOM" containerName="VPLMSyncEffectivityForGBOM"  containerType="class" id="735700971" argList="(matrix.db.Context, java.lang.String, java.lang.String, java.util.Hashtable)" abstract="" />
<method name="unsetEffectivity" initial="u" htmlFileName="com/matrixone/vplmintegration/impl/VPLMSyncEffectivityForGBOM" containerName="VPLMSyncEffectivityForGBOM"  containerType="class" id="29038084" argList="(matrix.db.Context, java.lang.String, java.util.Hashtable)" abstract="" />
<constructor name="VPLMSyncEffectivityForGBOM" initial="V" htmlFileName="com/matrixone/vplmintegration/impl/VPLMSyncEffectivityForGBOM" containerName="VPLMSyncEffectivityForGBOM"  containerType="class" id="1082466446" argList="()" abstract="" />
<class name="VPLMSyncEffectivityForLogical_Features" initial="V" htmlFileName="com/matrixone/vplmintegration/impl/VPLMSyncEffectivityForLogical_Features"  fatherClass="VPLMEffectivitySynchronizer" fatherId="1254560573" fatherType="class"  DSCharacteristic="class" id="-968508718" abstract="" packageName="com.matrixone.vplmintegration.impl" packagePath="com/matrixone/vplmintegration/impl/" packageAbstract="" />
<method name="attachModels" initial="a" htmlFileName="com/matrixone/vplmintegration/impl/VPLMSyncEffectivityForLogical_Features" containerName="VPLMSyncEffectivityForLogical_Features"  containerType="class" id="48708236" argList="(matrix.db.Context, java.util.List&lt;java.lang.String&gt;, java.lang.String, java.util.Hashtable)" abstract="" />
<method name="detachModels" initial="d" htmlFileName="com/matrixone/vplmintegration/impl/VPLMSyncEffectivityForLogical_Features" containerName="VPLMSyncEffectivityForLogical_Features"  containerType="class" id="-1934028070" argList="(matrix.db.Context, java.util.List&lt;java.lang.String&gt;, java.lang.String, java.util.Hashtable)" abstract="" />
<method name="getAttachedModelIds" initial="g" htmlFileName="com/matrixone/vplmintegration/impl/VPLMSyncEffectivityForLogical_Features" containerName="VPLMSyncEffectivityForLogical_Features"  containerType="class" id="987767302" argList="(matrix.db.Context, java.lang.String)" abstract="" />
<method name="getEffectivity" initial="g" htmlFileName="com/matrixone/vplmintegration/impl/VPLMSyncEffectivityForLogical_Features" containerName="VPLMSyncEffectivityForLogical_Features"  containerType="class" id="-2059345033" argList="(matrix.db.Context, java.lang.String)" abstract="" />
<method name="manageEffectivity" initial="m" htmlFileName="com/matrixone/vplmintegration/impl/VPLMSyncEffectivityForLogical_Features" containerName="VPLMSyncEffectivityForLogical_Features"  containerType="class" id="-1530459320" argList="(matrix.db.Context, java.lang.String, java.lang.String, java.lang.String, java.util.Hashtable)" abstract="" />
<method name="setEffectivity" initial="s" htmlFileName="com/matrixone/vplmintegration/impl/VPLMSyncEffectivityForLogical_Features" containerName="VPLMSyncEffectivityForLogical_Features"  containerType="class" id="735700971" argList="(matrix.db.Context, java.lang.String, java.lang.String, java.util.Hashtable)" abstract="" />
<method name="unsetEffectivity" initial="u" htmlFileName="com/matrixone/vplmintegration/impl/VPLMSyncEffectivityForLogical_Features" containerName="VPLMSyncEffectivityForLogical_Features"  containerType="class" id="29038084" argList="(matrix.db.Context, java.lang.String, java.util.Hashtable)" abstract="" />
<constructor name="VPLMSyncEffectivityForLogical_Features" initial="V" htmlFileName="com/matrixone/vplmintegration/impl/VPLMSyncEffectivityForLogical_Features" containerName="VPLMSyncEffectivityForLogical_Features"  containerType="class" id="-311427372" argList="()" abstract="" />
</fw>

