<?xml version="1.0" encoding="utf-8"?>
<fw name="ENOVBMAccelerator" footer="Copyright &#169; 1999-2016, Dassault Syst&#232;mes. All rights reserved. ">
<class name="BrandLibrary" initial="B" htmlFileName="com/matrixone/apps/vbm/BrandLibrary"  fatherClass="VBMCommon" fatherId="-1333063708" fatherType="class"  DSCharacteristic="class" id="-998321972" abstract="" packageName="com.matrixone.apps.vbm" packagePath="com/matrixone/apps/vbm/" packageAbstract="" />
<method name="getJpoClassName" initial="g" htmlFileName="com/matrixone/apps/vbm/BrandLibrary" containerName="BrandLibrary"  containerType="class" id="2089527039" argList="()" abstract="" />
<method name="getRelatedClassificationRoutes" initial="g" htmlFileName="com/matrixone/apps/vbm/BrandLibrary" containerName="BrandLibrary"  containerType="class" id="-683179222" argList="(matrix.db.Context, matrix.util.StringList, matrix.util.StringList, java.lang.String, java.lang.String)" abstract="This method returns returns the MapList of Route Data connected to BrandLibrary object" />
<method name="getRelatedClassificationRoutes" initial="g" htmlFileName="com/matrixone/apps/vbm/BrandLibrary" containerName="BrandLibrary"  containerType="class" id="-683179222" argList="(matrix.db.Context, java.lang.String, matrix.util.StringList, matrix.util.StringList, java.lang.String, java.lang.String)" abstract="This method returns returns the MapList of Route Data connected to BrandLibrary object" />
<constructor name="BrandLibrary" initial="B" htmlFileName="com/matrixone/apps/vbm/BrandLibrary" containerName="BrandLibrary"  containerType="class" id="-397394294" argList="()" abstract="" />
<constructor name="BrandLibrary" initial="B" htmlFileName="com/matrixone/apps/vbm/BrandLibrary" containerName="BrandLibrary"  containerType="class" id="-397394294" argList="(matrix.db.BusinessObject)" abstract="" />
<constructor name="BrandLibrary" initial="B" htmlFileName="com/matrixone/apps/vbm/BrandLibrary" containerName="BrandLibrary"  containerType="class" id="-397394294" argList="(java.lang.String)" abstract="" />
<constructor name="BrandLibrary" initial="B" htmlFileName="com/matrixone/apps/vbm/BrandLibrary" containerName="BrandLibrary"  containerType="class" id="-397394294" argList="(com.matrixone.apps.domain.util.DecoratedOid)" abstract="" />
<data name="LIBRARIES_JPO" initial="L" htmlFileName="com/matrixone/apps/vbm/BrandLibrary" containerName="BrandLibrary"  containerType="class" id="974210787" abstract="" />
<data name="LIBRARY_EVENT_TYPE_NAME" initial="L" htmlFileName="com/matrixone/apps/vbm/BrandLibrary" containerName="BrandLibrary"  containerType="class" id="-901650657" abstract="" />
<class name="VBMConstants" initial="V" htmlFileName="com/matrixone/apps/vbm/VBMConstants"  fatherClass="Object" fatherId="1812824426" fatherType="class"  DSCharacteristic="class" id="1392030246" abstract="" packageName="com.matrixone.apps.vbm" packagePath="com/matrixone/apps/vbm/" packageAbstract="" />
<constructor name="VBMConstants" initial="V" htmlFileName="com/matrixone/apps/vbm/VBMConstants" containerName="VBMConstants"  containerType="class" id="-351390620" argList="()" abstract="" />
<data name="ACCESS_MODFIY" initial="A" htmlFileName="com/matrixone/apps/vbm/VBMConstants" containerName="VBMConstants"  containerType="class" id="-1345839017" abstract="" />
<data name="ACTION" initial="A" htmlFileName="com/matrixone/apps/vbm/VBMConstants" containerName="VBMConstants"  containerType="class" id="1057995280" abstract="" />
<data name="ADD_REMOVE" initial="A" htmlFileName="com/matrixone/apps/vbm/VBMConstants" containerName="VBMConstants"  containerType="class" id="-573676604" abstract="" />
<data name="APPEND" initial="A" htmlFileName="com/matrixone/apps/vbm/VBMConstants" containerName="VBMConstants"  containerType="class" id="-235119188" abstract="" />
<data name="APPROVE" initial="A" htmlFileName="com/matrixone/apps/vbm/VBMConstants" containerName="VBMConstants"  containerType="class" id="-1616484871" abstract="" />
<data name="APPROVED" initial="A" htmlFileName="com/matrixone/apps/vbm/VBMConstants" containerName="VBMConstants"  containerType="class" id="-1678242897" abstract="" />
<data name="ARCHIVED" initial="A" htmlFileName="com/matrixone/apps/vbm/VBMConstants" containerName="VBMConstants"  containerType="class" id="816398820" abstract="" />
<data name="ASCENDING" initial="A" htmlFileName="com/matrixone/apps/vbm/VBMConstants" containerName="VBMConstants"  containerType="class" id="-1726006834" abstract="" />
<data name="ASSERT_ARGS_MAP" initial="A" htmlFileName="com/matrixone/apps/vbm/VBMConstants" containerName="VBMConstants"  containerType="class" id="-699111885" abstract="" />
<data name="ATTRIBUTE_MAP" initial="A" htmlFileName="com/matrixone/apps/vbm/VBMConstants" containerName="VBMConstants"  containerType="class" id="-337280595" abstract="" />
<data name="ATTRIBUTE_NAME" initial="A" htmlFileName="com/matrixone/apps/vbm/VBMConstants" containerName="VBMConstants"  containerType="class" id="-1948293928" abstract="" />
<data name="CARRIAGE_RETURN" initial="C" htmlFileName="com/matrixone/apps/vbm/VBMConstants" containerName="VBMConstants"  containerType="class" id="-499561685" abstract="" />
<data name="CHANGED_ROWS" initial="C" htmlFileName="com/matrixone/apps/vbm/VBMConstants" containerName="VBMConstants"  containerType="class" id="-817296030" abstract="" />
<data name="CHAR_CLOSE_BRACKET" initial="C" htmlFileName="com/matrixone/apps/vbm/VBMConstants" containerName="VBMConstants"  containerType="class" id="1911878798" abstract="" />
<data name="CHAR_COMMA" initial="C" htmlFileName="com/matrixone/apps/vbm/VBMConstants" containerName="VBMConstants"  containerType="class" id="800778874" abstract="" />
<data name="CHAR_DOUBLE_QUOTE" initial="C" htmlFileName="com/matrixone/apps/vbm/VBMConstants" containerName="VBMConstants"  containerType="class" id="2098212783" abstract="" />
<data name="CHAR_OPEN_BRACKET" initial="C" htmlFileName="com/matrixone/apps/vbm/VBMConstants" containerName="VBMConstants"  containerType="class" id="-1350387926" abstract="" />
<data name="CHAR_QUTOES" initial="C" htmlFileName="com/matrixone/apps/vbm/VBMConstants" containerName="VBMConstants"  containerType="class" id="1562311344" abstract="" />
<data name="CHAR_SET" initial="C" htmlFileName="com/matrixone/apps/vbm/VBMConstants" containerName="VBMConstants"  containerType="class" id="-700960051" abstract="" />
<data name="CHAR_TILDE" initial="C" htmlFileName="com/matrixone/apps/vbm/VBMConstants" containerName="VBMConstants"  containerType="class" id="-719840169" abstract="" />
<data name="Character" initial="C" htmlFileName="com/matrixone/apps/vbm/VBMConstants" containerName="VBMConstants"  containerType="class" id="-1764409955" abstract="" />
<data name="CHILD_OBJECT_ID" initial="C" htmlFileName="com/matrixone/apps/vbm/VBMConstants" containerName="VBMConstants"  containerType="class" id="1461140974" abstract="" />
<data name="CLOSE_SQR_BRACE" initial="C" htmlFileName="com/matrixone/apps/vbm/VBMConstants" containerName="VBMConstants"  containerType="class" id="706689413" abstract="" />
<data name="COLOR_GREY" initial="C" htmlFileName="com/matrixone/apps/vbm/VBMConstants" containerName="VBMConstants"  containerType="class" id="1822267531" abstract="" />
<data name="COLOR_YELLOW" initial="C" htmlFileName="com/matrixone/apps/vbm/VBMConstants" containerName="VBMConstants"  containerType="class" id="-1987763562" abstract="" />
<data name="COLUMN_MAP" initial="C" htmlFileName="com/matrixone/apps/vbm/VBMConstants" containerName="VBMConstants"  containerType="class" id="-1265841901" abstract="" />
<data name="COLUMNS" initial="C" htmlFileName="com/matrixone/apps/vbm/VBMConstants" containerName="VBMConstants"  containerType="class" id="2000536425" abstract="" />
<data name="COMMA_SINGLE" initial="C" htmlFileName="com/matrixone/apps/vbm/VBMConstants" containerName="VBMConstants"  containerType="class" id="-559187276" abstract="" />
<data name="COMMAND_MAP" initial="C" htmlFileName="com/matrixone/apps/vbm/VBMConstants" containerName="VBMConstants"  containerType="class" id="667770974" abstract="" />
<data name="COMPONENTS_STRING_RESOURCE" initial="C" htmlFileName="com/matrixone/apps/vbm/VBMConstants" containerName="VBMConstants"  containerType="class" id="1493364883" abstract="" />
<data name="CONTAINING_RELATIONSHIP" initial="C" htmlFileName="com/matrixone/apps/vbm/VBMConstants" containerName="VBMConstants"  containerType="class" id="-1465376675" abstract="" />
<data name="CONTINUE" initial="C" htmlFileName="com/matrixone/apps/vbm/VBMConstants" containerName="VBMConstants"  containerType="class" id="867083199" abstract="" />
<data name="CURRENT_ACCESS" initial="C" htmlFileName="com/matrixone/apps/vbm/VBMConstants" containerName="VBMConstants"  containerType="class" id="-999528516" abstract="" />
<data name="CUSTOM_SORT_COLUMNS" initial="C" htmlFileName="com/matrixone/apps/vbm/VBMConstants" containerName="VBMConstants"  containerType="class" id="1846353564" abstract="" />
<data name="CUSTOM_SORT_DIRECTIONS" initial="C" htmlFileName="com/matrixone/apps/vbm/VBMConstants" containerName="VBMConstants"  containerType="class" id="1293554463" abstract="" />
<data name="DATA_MAP" initial="D" htmlFileName="com/matrixone/apps/vbm/VBMConstants" containerName="VBMConstants"  containerType="class" id="1624782143" abstract="" />
<data name="DATA_OBJECT_LIST" initial="D" htmlFileName="com/matrixone/apps/vbm/VBMConstants" containerName="VBMConstants"  containerType="class" id="1349269533" abstract="" />
<data name="DELIMITER_TILDE" initial="D" htmlFileName="com/matrixone/apps/vbm/VBMConstants" containerName="VBMConstants"  containerType="class" id="-1619795290" abstract="" />
<data name="DOT_CHAR" initial="D" htmlFileName="com/matrixone/apps/vbm/VBMConstants" containerName="VBMConstants"  containerType="class" id="213283418" abstract="" />
<data name="EDIT_ACCESS" initial="E" htmlFileName="com/matrixone/apps/vbm/VBMConstants" containerName="VBMConstants"  containerType="class" id="-202654355" abstract="" />
<data name="EFFECTIVITY_END_DATE" initial="E" htmlFileName="com/matrixone/apps/vbm/VBMConstants" containerName="VBMConstants"  containerType="class" id="2120904933" abstract="" />
<data name="EFFECTIVITY_START_DATE" initial="E" htmlFileName="com/matrixone/apps/vbm/VBMConstants" containerName="VBMConstants"  containerType="class" id="1653978348" abstract="" />
<data name="END_DATE" initial="E" htmlFileName="com/matrixone/apps/vbm/VBMConstants" containerName="VBMConstants"  containerType="class" id="-1512893676" abstract="" />
<data name="ERROR" initial="E" htmlFileName="com/matrixone/apps/vbm/VBMConstants" containerName="VBMConstants"  containerType="class" id="1034663070" abstract="" />
<data name="EVENT_CONTENT_ADDED" initial="E" htmlFileName="com/matrixone/apps/vbm/VBMConstants" containerName="VBMConstants"  containerType="class" id="-1209058895" abstract="" />
<data name="EVENT_CONTENT_APPROVED" initial="E" htmlFileName="com/matrixone/apps/vbm/VBMConstants" containerName="VBMConstants"  containerType="class" id="998311620" abstract="" />
<data name="EVENT_CONTENT_ARCHIVED" initial="E" htmlFileName="com/matrixone/apps/vbm/VBMConstants" containerName="VBMConstants"  containerType="class" id="-802013959" abstract="" />
<data name="EVENT_CONTENT_CHECKOUT" initial="E" htmlFileName="com/matrixone/apps/vbm/VBMConstants" containerName="VBMConstants"  containerType="class" id="204450837" abstract="" />
<data name="EVENT_CONTENT_DELETED" initial="E" htmlFileName="com/matrixone/apps/vbm/VBMConstants" containerName="VBMConstants"  containerType="class" id="1915087096" abstract="" />
<data name="EVENT_CONTENT_MODIFIED" initial="E" htmlFileName="com/matrixone/apps/vbm/VBMConstants" containerName="VBMConstants"  containerType="class" id="-683697934" abstract="" />
<data name="EVENT_CONTENT_REMOVED" initial="E" htmlFileName="com/matrixone/apps/vbm/VBMConstants" containerName="VBMConstants"  containerType="class" id="2100695953" abstract="" />
<data name="EVENT_DEMOTED_TO_ACTIVE" initial="E" htmlFileName="com/matrixone/apps/vbm/VBMConstants" containerName="VBMConstants"  containerType="class" id="368027600" abstract="" />
<data name="EVENT_DEMOTED_TO_INACTIVE" initial="E" htmlFileName="com/matrixone/apps/vbm/VBMConstants" containerName="VBMConstants"  containerType="class" id="222860555" abstract="" />
<data name="EVENT_DOCUMENT_DELETED" initial="E" htmlFileName="com/matrixone/apps/vbm/VBMConstants" containerName="VBMConstants"  containerType="class" id="-419907380" abstract="" />
<data name="EVENT_DOCUMENT_MODIFIED" initial="E" htmlFileName="com/matrixone/apps/vbm/VBMConstants" containerName="VBMConstants"  containerType="class" id="-54082658" abstract="" />
<data name="EVENT_DOCUMENT_REVISED" initial="E" htmlFileName="com/matrixone/apps/vbm/VBMConstants" containerName="VBMConstants"  containerType="class" id="68574937" abstract="" />
<data name="EVENT_GENERAL_CLASS_DELETED" initial="E" htmlFileName="com/matrixone/apps/vbm/VBMConstants" containerName="VBMConstants"  containerType="class" id="-639379600" abstract="" />
<data name="EVENT_GENERAL_CLASS_DEMOTED_TO_ACTIVE" initial="E" htmlFileName="com/matrixone/apps/vbm/VBMConstants" containerName="VBMConstants"  containerType="class" id="1496257774" abstract="" />
<data name="EVENT_GENERAL_CLASS_DEMOTED_TO_INACTIVE" initial="E" htmlFileName="com/matrixone/apps/vbm/VBMConstants" containerName="VBMConstants"  containerType="class" id="2120299177" abstract="" />
<data name="EVENT_GENERAL_CLASS_MODIFIED" initial="E" htmlFileName="com/matrixone/apps/vbm/VBMConstants" containerName="VBMConstants"  containerType="class" id="1732213114" abstract="" />
<data name="EVENT_GENERAL_CLASS_PROMOTED_TO_ACTIVE" initial="E" htmlFileName="com/matrixone/apps/vbm/VBMConstants" containerName="VBMConstants"  containerType="class" id="-903431852" abstract="" />
<data name="EVENT_GENERAL_CLASS_PROMOTED_TO_OBSOLETE" initial="E" htmlFileName="com/matrixone/apps/vbm/VBMConstants" containerName="VBMConstants"  containerType="class" id="-606640607" abstract="" />
<data name="EVENT_LIBRARY_DELETED" initial="E" htmlFileName="com/matrixone/apps/vbm/VBMConstants" containerName="VBMConstants"  containerType="class" id="-1312624906" abstract="" />
<data name="EVENT_LIBRARY_MODIFIED" initial="E" htmlFileName="com/matrixone/apps/vbm/VBMConstants" containerName="VBMConstants"  containerType="class" id="-1958522188" abstract="" />
<data name="EVENT_NEW_DISCUSSION" initial="E" htmlFileName="com/matrixone/apps/vbm/VBMConstants" containerName="VBMConstants"  containerType="class" id="143962714" abstract="" />
<data name="EVENT_PROMOTED_TO_ACTIVE" initial="E" htmlFileName="com/matrixone/apps/vbm/VBMConstants" containerName="VBMConstants"  containerType="class" id="-1518828878" abstract="" />
<data name="EVENT_PROMOTED_TO_OBSOLETE" initial="E" htmlFileName="com/matrixone/apps/vbm/VBMConstants" containerName="VBMConstants"  containerType="class" id="702304255" abstract="" />
<data name="EVENT_ROUTE_COMPLETED" initial="E" htmlFileName="com/matrixone/apps/vbm/VBMConstants" containerName="VBMConstants"  containerType="class" id="539378614" abstract="" />
<data name="EVENT_ROUTE_STARTED" initial="E" htmlFileName="com/matrixone/apps/vbm/VBMConstants" containerName="VBMConstants"  containerType="class" id="-546288896" abstract="" />
<data name="EXTN_JPG" initial="E" htmlFileName="com/matrixone/apps/vbm/VBMConstants" containerName="VBMConstants"  containerType="class" id="-497469833" abstract="" />
<data name="FALSE" initial="F" htmlFileName="com/matrixone/apps/vbm/VBMConstants" containerName="VBMConstants"  containerType="class" id="-1403202845" abstract="" />
<data name="FCS_ENABLED" initial="F" htmlFileName="com/matrixone/apps/vbm/VBMConstants" containerName="VBMConstants"  containerType="class" id="-1500832402" abstract="" />
<data name="FIELD_CHOICES" initial="F" htmlFileName="com/matrixone/apps/vbm/VBMConstants" containerName="VBMConstants"  containerType="class" id="-2052266823" abstract="" />
<data name="FIELD_DISPLAY_CHOICES" initial="F" htmlFileName="com/matrixone/apps/vbm/VBMConstants" containerName="VBMConstants"  containerType="class" id="14623926" abstract="" />
<data name="FIELD_MAP" initial="F" htmlFileName="com/matrixone/apps/vbm/VBMConstants" containerName="VBMConstants"  containerType="class" id="-1374039537" abstract="" />
<data name="FILE_DOT_NAME" initial="F" htmlFileName="com/matrixone/apps/vbm/VBMConstants" containerName="VBMConstants"  containerType="class" id="217136834" abstract="" />
<data name="FILE_DOT_NAME_WITH_CLOSE" initial="F" htmlFileName="com/matrixone/apps/vbm/VBMConstants" containerName="VBMConstants"  containerType="class" id="1012963276" abstract="" />
<data name="FILE_NAME" initial="F" htmlFileName="com/matrixone/apps/vbm/VBMConstants" containerName="VBMConstants"  containerType="class" id="-1755555880" abstract="" />
<data name="FORM_ACTION" initial="F" htmlFileName="com/matrixone/apps/vbm/VBMConstants" containerName="VBMConstants"  containerType="class" id="-254516331" abstract="" />
<data name="FORMAT" initial="F" htmlFileName="com/matrixone/apps/vbm/VBMConstants" containerName="VBMConstants"  containerType="class" id="-599089553" abstract="" />
<data name="FORMAT_MX_IMAGE" initial="F" htmlFileName="com/matrixone/apps/vbm/VBMConstants" containerName="VBMConstants"  containerType="class" id="484818039" abstract="" />
<data name="FORMAT_MX_MEDIUM_IMAGE" initial="F" htmlFileName="com/matrixone/apps/vbm/VBMConstants" containerName="VBMConstants"  containerType="class" id="982358377" abstract="" />
<data name="FORMAT_WITH_OPEN" initial="F" htmlFileName="com/matrixone/apps/vbm/VBMConstants" containerName="VBMConstants"  containerType="class" id="2045937419" abstract="" />
<data name="FROM" initial="F" htmlFileName="com/matrixone/apps/vbm/VBMConstants" containerName="VBMConstants"  containerType="class" id="-583924964" abstract="" />
<data name="FROM_ID" initial="F" htmlFileName="com/matrixone/apps/vbm/VBMConstants" containerName="VBMConstants"  containerType="class" id="-1712507466" abstract="" />
<data name="FROM_NAME" initial="F" htmlFileName="com/matrixone/apps/vbm/VBMConstants" containerName="VBMConstants"  containerType="class" id="936790918" abstract="" />
<data name="FROM_OWNER" initial="F" htmlFileName="com/matrixone/apps/vbm/VBMConstants" containerName="VBMConstants"  containerType="class" id="-1408546936" abstract="" />
<data name="FROM_TYPE" initial="F" htmlFileName="com/matrixone/apps/vbm/VBMConstants" containerName="VBMConstants"  containerType="class" id="-1641658697" abstract="" />
<data name="FROM_WITH_OPEN" initial="F" htmlFileName="com/matrixone/apps/vbm/VBMConstants" containerName="VBMConstants"  containerType="class" id="-1166428296" abstract="" />
<data name="GRANT_MOD_ACCESS_MQL" initial="G" htmlFileName="com/matrixone/apps/vbm/VBMConstants" containerName="VBMConstants"  containerType="class" id="-614923207" abstract="" />
<data name="GREEN" initial="G" htmlFileName="com/matrixone/apps/vbm/VBMConstants" containerName="VBMConstants"  containerType="class" id="-1278404349" abstract="" />
<data name="HAS_FILE_WITH_CLOSE" initial="H" htmlFileName="com/matrixone/apps/vbm/VBMConstants" containerName="VBMConstants"  containerType="class" id="1833144105" abstract="" />
<data name="HISTORY_MQL_CMD" initial="H" htmlFileName="com/matrixone/apps/vbm/VBMConstants" containerName="VBMConstants"  containerType="class" id="-2026956338" abstract="" />
<data name="IMAGE_DATE" initial="I" htmlFileName="com/matrixone/apps/vbm/VBMConstants" containerName="VBMConstants"  containerType="class" id="1468159892" abstract="" />
<data name="INTEGER" initial="I" htmlFileName="com/matrixone/apps/vbm/VBMConstants" containerName="VBMConstants"  containerType="class" id="-306254808" abstract="" />
<data name="KEY_ACCESS" initial="K" htmlFileName="com/matrixone/apps/vbm/VBMConstants" containerName="VBMConstants"  containerType="class" id="1376671394" abstract="" />
<data name="KEY_ACCESS_GRANTOR" initial="K" htmlFileName="com/matrixone/apps/vbm/VBMConstants" containerName="VBMConstants"  containerType="class" id="-1702992894" abstract="" />
<data name="KEY_ASSOCIATION" initial="K" htmlFileName="com/matrixone/apps/vbm/VBMConstants" containerName="VBMConstants"  containerType="class" id="1235126597" abstract="" />
<data name="KEY_COUNTRY" initial="K" htmlFileName="com/matrixone/apps/vbm/VBMConstants" containerName="VBMConstants"  containerType="class" id="-1289349424" abstract="" />
<data name="KEY_FRAMEWORK_TYPE" initial="K" htmlFileName="com/matrixone/apps/vbm/VBMConstants" containerName="VBMConstants"  containerType="class" id="-445438997" abstract="" />
<data name="KEY_GROUP" initial="K" htmlFileName="com/matrixone/apps/vbm/VBMConstants" containerName="VBMConstants"  containerType="class" id="-959254777" abstract="" />
<data name="KEY_MODIFY" initial="K" htmlFileName="com/matrixone/apps/vbm/VBMConstants" containerName="VBMConstants"  containerType="class" id="-70073844" abstract="" />
<data name="KEY_REGION" initial="K" htmlFileName="com/matrixone/apps/vbm/VBMConstants" containerName="VBMConstants"  containerType="class" id="1789884178" abstract="" />
<data name="KEY_ROLE" initial="K" htmlFileName="com/matrixone/apps/vbm/VBMConstants" containerName="VBMConstants"  containerType="class" id="-16607792" abstract="" />
<data name="KEY_SELECT" initial="K" htmlFileName="com/matrixone/apps/vbm/VBMConstants" containerName="VBMConstants"  containerType="class" id="507206154" abstract="" />
<data name="KEY_USAGE_RIGHTS" initial="K" htmlFileName="com/matrixone/apps/vbm/VBMConstants" containerName="VBMConstants"  containerType="class" id="-1777075759" abstract="" />
<data name="KEY_USER_AGENT" initial="K" htmlFileName="com/matrixone/apps/vbm/VBMConstants" containerName="VBMConstants"  containerType="class" id="-2055101899" abstract="" />
<data name="KEY_UTF8" initial="K" htmlFileName="com/matrixone/apps/vbm/VBMConstants" containerName="VBMConstants"  containerType="class" id="-1324512235" abstract="" />
<data name="KEY_VBM_SEQ_NUMBER" initial="K" htmlFileName="com/matrixone/apps/vbm/VBMConstants" containerName="VBMConstants"  containerType="class" id="989370175" abstract="" />
<data name="LIBRARY" initial="L" htmlFileName="com/matrixone/apps/vbm/VBMConstants" containerName="VBMConstants"  containerType="class" id="1869137483" abstract="" />
<data name="MARKUP" initial="M" htmlFileName="com/matrixone/apps/vbm/VBMConstants" containerName="VBMConstants"  containerType="class" id="-1264677794" abstract="" />
<data name="MESSAGE" initial="M" htmlFileName="com/matrixone/apps/vbm/VBMConstants" containerName="VBMConstants"  containerType="class" id="1277205631" abstract="" />
<data name="MOD_REVOKE_GRANTOR_GRANTEE" initial="M" htmlFileName="com/matrixone/apps/vbm/VBMConstants" containerName="VBMConstants"  containerType="class" id="-1722388218" abstract="" />
<data name="MX_IMAGE" initial="M" htmlFileName="com/matrixone/apps/vbm/VBMConstants" containerName="VBMConstants"  containerType="class" id="-2061865281" abstract="" />
<data name="MX_SMALL_IMAGE" initial="M" htmlFileName="com/matrixone/apps/vbm/VBMConstants" containerName="VBMConstants"  containerType="class" id="2086575639" abstract="" />
<data name="NAME" initial="N" htmlFileName="com/matrixone/apps/vbm/VBMConstants" containerName="VBMConstants"  containerType="class" id="658629211" abstract="" />
<data name="NEW" initial="N" htmlFileName="com/matrixone/apps/vbm/VBMConstants" containerName="VBMConstants"  containerType="class" id="1425302534" abstract="" />
<data name="NEW_VALUE" initial="N" htmlFileName="com/matrixone/apps/vbm/VBMConstants" containerName="VBMConstants"  containerType="class" id="-1508885004" abstract="" />
<data name="NO_OF_FILES" initial="N" htmlFileName="com/matrixone/apps/vbm/VBMConstants" containerName="VBMConstants"  containerType="class" id="686858873" abstract="" />
<data name="NOTICE_MQL_CMD" initial="N" htmlFileName="com/matrixone/apps/vbm/VBMConstants" containerName="VBMConstants"  containerType="class" id="1266042858" abstract="" />
<data name="NULL_STRING" initial="N" htmlFileName="com/matrixone/apps/vbm/VBMConstants" containerName="VBMConstants"  containerType="class" id="-1137683747" abstract="" />
<data name="OBJECT_ID" initial="O" htmlFileName="com/matrixone/apps/vbm/VBMConstants" containerName="VBMConstants"  containerType="class" id="1445170379" abstract="" />
<data name="OBJECT_ID_EQUAL" initial="O" htmlFileName="com/matrixone/apps/vbm/VBMConstants" containerName="VBMConstants"  containerType="class" id="2141672342" abstract="" />
<data name="OBJECT_LIST" initial="O" htmlFileName="com/matrixone/apps/vbm/VBMConstants" containerName="VBMConstants"  containerType="class" id="-766111832" abstract="" />
<data name="OFF" initial="O" htmlFileName="com/matrixone/apps/vbm/VBMConstants" containerName="VBMConstants"  containerType="class" id="-1173089257" abstract="" />
<data name="OID" initial="O" htmlFileName="com/matrixone/apps/vbm/VBMConstants" containerName="VBMConstants"  containerType="class" id="-1587404516" abstract="" />
<data name="ON" initial="O" htmlFileName="com/matrixone/apps/vbm/VBMConstants" containerName="VBMConstants"  containerType="class" id="-2123518585" abstract="" />
<data name="OPEN_SQR_BRACE" initial="O" htmlFileName="com/matrixone/apps/vbm/VBMConstants" containerName="VBMConstants"  containerType="class" id="-1990487597" abstract="" />
<data name="OPERATOR_AND" initial="O" htmlFileName="com/matrixone/apps/vbm/VBMConstants" containerName="VBMConstants"  containerType="class" id="-122345110" abstract="" />
<data name="OPERATOR_EUQAL" initial="O" htmlFileName="com/matrixone/apps/vbm/VBMConstants" containerName="VBMConstants"  containerType="class" id="-704951435" abstract="" />
<data name="OPERATOR_NOT_EUQAL" initial="O" htmlFileName="com/matrixone/apps/vbm/VBMConstants" containerName="VBMConstants"  containerType="class" id="924744961" abstract="" />
<data name="OPERATOR_OR" initial="O" htmlFileName="com/matrixone/apps/vbm/VBMConstants" containerName="VBMConstants"  containerType="class" id="-1903993368" abstract="" />
<data name="P_ID" initial="P" htmlFileName="com/matrixone/apps/vbm/VBMConstants" containerName="VBMConstants"  containerType="class" id="-1589428388" abstract="" />
<data name="PARAM_LIST" initial="P" htmlFileName="com/matrixone/apps/vbm/VBMConstants" containerName="VBMConstants"  containerType="class" id="-1316017578" abstract="" />
<data name="PARAM_MAP" initial="P" htmlFileName="com/matrixone/apps/vbm/VBMConstants" containerName="VBMConstants"  containerType="class" id="920023132" abstract="" />
<data name="PARENT_ID" initial="P" htmlFileName="com/matrixone/apps/vbm/VBMConstants" containerName="VBMConstants"  containerType="class" id="-430071114" abstract="" />
<data name="PARENT_OID" initial="P" htmlFileName="com/matrixone/apps/vbm/VBMConstants" containerName="VBMConstants"  containerType="class" id="-1863083631" abstract="" />
<data name="PERSON_LIST" initial="P" htmlFileName="com/matrixone/apps/vbm/VBMConstants" containerName="VBMConstants"  containerType="class" id="-1769055426" abstract="" />
<data name="PERSON_USERAGENT" initial="P" htmlFileName="com/matrixone/apps/vbm/VBMConstants" containerName="VBMConstants"  containerType="class" id="-1661124106" abstract="" />
<data name="PIPE_SINGLE" initial="P" htmlFileName="com/matrixone/apps/vbm/VBMConstants" containerName="VBMConstants"  containerType="class" id="304511661" abstract="" />
<data name="PIPE_SINGLE_CHAR" initial="P" htmlFileName="com/matrixone/apps/vbm/VBMConstants" containerName="VBMConstants"  containerType="class" id="1308723498" abstract="" />
<data name="POLICY" initial="P" htmlFileName="com/matrixone/apps/vbm/VBMConstants" containerName="VBMConstants"  containerType="class" id="-1304831340" abstract="" />
<data name="READONLY" initial="R" htmlFileName="com/matrixone/apps/vbm/VBMConstants" containerName="VBMConstants"  containerType="class" id="1895352196" abstract="" />
<data name="RED" initial="R" htmlFileName="com/matrixone/apps/vbm/VBMConstants" containerName="VBMConstants"  containerType="class" id="482310453" abstract="" />
<data name="REFRESH" initial="R" htmlFileName="com/matrixone/apps/vbm/VBMConstants" containerName="VBMConstants"  containerType="class" id="678747179" abstract="" />
<data name="REJECTED" initial="R" htmlFileName="com/matrixone/apps/vbm/VBMConstants" containerName="VBMConstants"  containerType="class" id="-945413944" abstract="" />
<data name="REL_EMPLOYEE_NAME" initial="R" htmlFileName="com/matrixone/apps/vbm/VBMConstants" containerName="VBMConstants"  containerType="class" id="-1665641456" abstract="" />
<data name="REL_ID" initial="R" htmlFileName="com/matrixone/apps/vbm/VBMConstants" containerName="VBMConstants"  containerType="class" id="-1295718139" abstract="" />
<data name="REPORT_FORMAT" initial="R" htmlFileName="com/matrixone/apps/vbm/VBMConstants" containerName="VBMConstants"  containerType="class" id="-1896514460" abstract="" />
<data name="REQUEST_LANGUAGE" initial="R" htmlFileName="com/matrixone/apps/vbm/VBMConstants" containerName="VBMConstants"  containerType="class" id="-136694946" abstract="" />
<data name="REQUEST_MAP" initial="R" htmlFileName="com/matrixone/apps/vbm/VBMConstants" containerName="VBMConstants"  containerType="class" id="-1334325350" abstract="" />
<data name="REVISION" initial="R" htmlFileName="com/matrixone/apps/vbm/VBMConstants" containerName="VBMConstants"  containerType="class" id="259274507" abstract="" />
<data name="ROOT_OBJECT_ID" initial="R" htmlFileName="com/matrixone/apps/vbm/VBMConstants" containerName="VBMConstants"  containerType="class" id="-798844344" abstract="" />
<data name="ROW_EDITABLE" initial="R" htmlFileName="com/matrixone/apps/vbm/VBMConstants" containerName="VBMConstants"  containerType="class" id="1100479837" abstract="" />
<data name="ROW_ID" initial="R" htmlFileName="com/matrixone/apps/vbm/VBMConstants" containerName="VBMConstants"  containerType="class" id="-916620346" abstract="" />
<data name="S_OBJ_NAME" initial="S" htmlFileName="com/matrixone/apps/vbm/VBMConstants" containerName="VBMConstants"  containerType="class" id="1769185287" abstract="" />
<data name="SB_ROW_DISABLE_SELECTION" initial="S" htmlFileName="com/matrixone/apps/vbm/VBMConstants" containerName="VBMConstants"  containerType="class" id="2087976454" abstract="" />
<data name="SELECT_PHYSICAL_ID" initial="S" htmlFileName="com/matrixone/apps/vbm/VBMConstants" containerName="VBMConstants"  containerType="class" id="-1864633658" abstract="" />
<data name="SELECT_VC_FILE" initial="S" htmlFileName="com/matrixone/apps/vbm/VBMConstants" containerName="VBMConstants"  containerType="class" id="1204363611" abstract="" />
<data name="SELECT_VC_MODULE" initial="S" htmlFileName="com/matrixone/apps/vbm/VBMConstants" containerName="VBMConstants"  containerType="class" id="-1813609941" abstract="" />
<data name="SETTINGS" initial="S" htmlFileName="com/matrixone/apps/vbm/VBMConstants" containerName="VBMConstants"  containerType="class" id="-25859133" abstract="" />
<data name="SHOW" initial="S" htmlFileName="com/matrixone/apps/vbm/VBMConstants" containerName="VBMConstants"  containerType="class" id="-1353221079" abstract="" />
<data name="SPACE_SINGLE" initial="S" htmlFileName="com/matrixone/apps/vbm/VBMConstants" containerName="VBMConstants"  containerType="class" id="-661589531" abstract="" />
<data name="SPECIFICATION_MAP" initial="S" htmlFileName="com/matrixone/apps/vbm/VBMConstants" containerName="VBMConstants"  containerType="class" id="-246180442" abstract="" />
<data name="START_DATE" initial="S" htmlFileName="com/matrixone/apps/vbm/VBMConstants" containerName="VBMConstants"  containerType="class" id="1381926747" abstract="" />
<data name="STOP" initial="S" htmlFileName="com/matrixone/apps/vbm/VBMConstants" containerName="VBMConstants"  containerType="class" id="970665412" abstract="" />
<data name="SUCCESS" initial="S" htmlFileName="com/matrixone/apps/vbm/VBMConstants" containerName="VBMConstants"  containerType="class" id="-1938308093" abstract="" />
<data name="SYMBOL_AMPERSAND" initial="S" htmlFileName="com/matrixone/apps/vbm/VBMConstants" containerName="VBMConstants"  containerType="class" id="1484490712" abstract="" />
<data name="SYMBOL_CLOSE_BRACKET" initial="S" htmlFileName="com/matrixone/apps/vbm/VBMConstants" containerName="VBMConstants"  containerType="class" id="1950832140" abstract="" />
<data name="SYMBOL_DOT" initial="S" htmlFileName="com/matrixone/apps/vbm/VBMConstants" containerName="VBMConstants"  containerType="class" id="1238292420" abstract="" />
<data name="SYMBOL_EQUAL" initial="S" htmlFileName="com/matrixone/apps/vbm/VBMConstants" containerName="VBMConstants"  containerType="class" id="281254777" abstract="" />
<data name="SYMBOL_OPEN_BRACKET" initial="S" htmlFileName="com/matrixone/apps/vbm/VBMConstants" containerName="VBMConstants"  containerType="class" id="1421815276" abstract="" />
<data name="SYMBOL_QUOTE" initial="S" htmlFileName="com/matrixone/apps/vbm/VBMConstants" containerName="VBMConstants"  containerType="class" id="-745251535" abstract="" />
<data name="SYMBOL_UNDERSCORE" initial="S" htmlFileName="com/matrixone/apps/vbm/VBMConstants" containerName="VBMConstants"  containerType="class" id="25891813" abstract="" />
<data name="TABLE" initial="T" htmlFileName="com/matrixone/apps/vbm/VBMConstants" containerName="VBMConstants"  containerType="class" id="1989797784" abstract="" />
<data name="TEAM_CENTRAL_STRING_RESOURCE" initial="T" htmlFileName="com/matrixone/apps/vbm/VBMConstants" containerName="VBMConstants"  containerType="class" id="-1326324266" abstract="" />
<data name="TO" initial="T" htmlFileName="com/matrixone/apps/vbm/VBMConstants" containerName="VBMConstants"  containerType="class" id="-993073045" abstract="" />
<data name="TO_ID" initial="T" htmlFileName="com/matrixone/apps/vbm/VBMConstants" containerName="VBMConstants"  containerType="class" id="-1525802489" abstract="" />
<data name="TO_NAME" initial="T" htmlFileName="com/matrixone/apps/vbm/VBMConstants" containerName="VBMConstants"  containerType="class" id="-28352617" abstract="" />
<data name="TO_OWNER" initial="T" htmlFileName="com/matrixone/apps/vbm/VBMConstants" containerName="VBMConstants"  containerType="class" id="-1263225449" abstract="" />
<data name="TO_TO" initial="T" htmlFileName="com/matrixone/apps/vbm/VBMConstants" containerName="VBMConstants"  containerType="class" id="-296581977" abstract="" />
<data name="TO_TYPE" initial="T" htmlFileName="com/matrixone/apps/vbm/VBMConstants" containerName="VBMConstants"  containerType="class" id="1688165064" abstract="" />
<data name="TRUE" initial="T" htmlFileName="com/matrixone/apps/vbm/VBMConstants" containerName="VBMConstants"  containerType="class" id="-1638057544" abstract="" />
<data name="TYPE" initial="T" htmlFileName="com/matrixone/apps/vbm/VBMConstants" containerName="VBMConstants"  containerType="class" id="-1919820404" abstract="" />
<data name="UI_TYPE" initial="U" htmlFileName="com/matrixone/apps/vbm/VBMConstants" containerName="VBMConstants"  containerType="class" id="1843113505" abstract="" />
<data name="UNLOCK" initial="U" htmlFileName="com/matrixone/apps/vbm/VBMConstants" containerName="VBMConstants"  containerType="class" id="1116769986" abstract="" />
<data name="VAULT" initial="V" htmlFileName="com/matrixone/apps/vbm/VBMConstants" containerName="VBMConstants"  containerType="class" id="987043252" abstract="" />
<data name="VAULT_ESERVICE_PRODUTION" initial="V" htmlFileName="com/matrixone/apps/vbm/VBMConstants" containerName="VBMConstants"  containerType="class" id="1383328534" abstract="" />
<data name="VBE_PRODUCT_TRIGRAM" initial="V" htmlFileName="com/matrixone/apps/vbm/VBMConstants" containerName="VBMConstants"  containerType="class" id="-762361542" abstract="" />
<data name="VBM_PRODUCT_TRIGRAM" initial="V" htmlFileName="com/matrixone/apps/vbm/VBMConstants" containerName="VBMConstants"  containerType="class" id="604736050" abstract="" />
<data name="VBM_STRING_RESOURCE" initial="V" htmlFileName="com/matrixone/apps/vbm/VBMConstants" containerName="VBMConstants"  containerType="class" id="-1937347096" abstract="" />
<class name="VBMLicence" initial="V" htmlFileName="com/matrixone/apps/vbm/VBMLicence"  fatherClass="VBMConstants" fatherId="1392030246" fatherType="class"  DSCharacteristic="class" id="-995550616" abstract="" packageName="com.matrixone.apps.vbm" packagePath="com/matrixone/apps/vbm/" packageAbstract="" />
<method name="checkVBE" initial="c" htmlFileName="com/matrixone/apps/vbm/VBMLicence" containerName="VBMLicence"  containerType="class" id="1646904574" argList="(matrix.db.Context)" abstract="" />
<method name="checkVBM" initial="c" htmlFileName="com/matrixone/apps/vbm/VBMLicence" containerName="VBMLicence"  containerType="class" id="-789669898" argList="(matrix.db.Context)" abstract="" />
<constructor name="VBMLicence" initial="V" htmlFileName="com/matrixone/apps/vbm/VBMLicence" containerName="VBMLicence"  containerType="class" id="-2077498586" argList="()" abstract="" />
<class name="VBMUIUtil" initial="V" htmlFileName="com/matrixone/apps/vbm/VBMUIUtil"  fatherClass="Object" fatherId="1812824426" fatherType="class"  DSCharacteristic="class" id="1941265871" abstract="" packageName="com.matrixone.apps.vbm" packagePath="com/matrixone/apps/vbm/" packageAbstract="" />
<method name="getAssetTypeList" initial="g" htmlFileName="com/matrixone/apps/vbm/VBMUIUtil" containerName="VBMUIUtil"  containerType="class" id="-1316905443" argList="(matrix.db.Context)" abstract="" />
<method name="getFrameworkStringProperty" initial="g" htmlFileName="com/matrixone/apps/vbm/VBMUIUtil" containerName="VBMUIUtil"  containerType="class" id="-1291956095" argList="(matrix.db.Context, java.lang.String, java.util.Locale)" abstract="" />
<method name="getProperty" initial="g" htmlFileName="com/matrixone/apps/vbm/VBMUIUtil" containerName="VBMUIUtil"  containerType="class" id="-449426300" argList="(matrix.db.Context, java.lang.String)" abstract="" />
<method name="getProperty" initial="g" htmlFileName="com/matrixone/apps/vbm/VBMUIUtil" containerName="VBMUIUtil"  containerType="class" id="-449426300" argList="(matrix.db.Context, java.lang.String, java.lang.String)" abstract="" />
<method name="getProperty" initial="g" htmlFileName="com/matrixone/apps/vbm/VBMUIUtil" containerName="VBMUIUtil"  containerType="class" id="-449426300" argList="(matrix.db.Context, java.lang.String, java.lang.String, java.lang.String)" abstract="" />
<method name="getRequestParameters" initial="g" htmlFileName="com/matrixone/apps/vbm/VBMUIUtil" containerName="VBMUIUtil"  containerType="class" id="-918808660" argList="(javax.servlet.http.HttpServletRequest)" abstract="" />
<constructor name="VBMUIUtil" initial="V" htmlFileName="com/matrixone/apps/vbm/VBMUIUtil" containerName="VBMUIUtil"  containerType="class" id="1146862925" argList="()" abstract="" />
<class name="Category" initial="C" htmlFileName="com/matrixone/apps/vbm/Category"  fatherClass="VBMCommon" fatherId="-1333063708" fatherType="class"  DSCharacteristic="class" id="476388374" abstract="" packageName="com.matrixone.apps.vbm" packagePath="com/matrixone/apps/vbm/" packageAbstract="" />
<constructor name="Category" initial="C" htmlFileName="com/matrixone/apps/vbm/Category" containerName="Category"  containerType="class" id="-106993068" argList="()" abstract="" />
<constructor name="Category" initial="C" htmlFileName="com/matrixone/apps/vbm/Category" containerName="Category"  containerType="class" id="-106993068" argList="(matrix.db.BusinessObject)" abstract="" />
<constructor name="Category" initial="C" htmlFileName="com/matrixone/apps/vbm/Category" containerName="Category"  containerType="class" id="-106993068" argList="(java.lang.String)" abstract="" />
<constructor name="Category" initial="C" htmlFileName="com/matrixone/apps/vbm/Category" containerName="Category"  containerType="class" id="-106993068" argList="(com.matrixone.apps.domain.util.DecoratedOid)" abstract="" />
<class name="VBMUtil" initial="V" htmlFileName="com/matrixone/apps/vbm/VBMUtil"  fatherClass="Object" fatherId="1812824426" fatherType="class"  DSCharacteristic="class" id="1644174971" abstract="" packageName="com.matrixone.apps.vbm" packagePath="com/matrixone/apps/vbm/" packageAbstract="" />
<method name="disableSelection" initial="d" htmlFileName="com/matrixone/apps/vbm/VBMUtil" containerName="VBMUtil"  containerType="class" id="-971992149" argList="(matrix.db.Context, com.matrixone.apps.domain.util.MapList, java.lang.String, java.lang.String)" abstract="This method will disable CHECKBOX selection as false if expression matches expected value" />
<method name="getBGImageViewerData" initial="g" htmlFileName="com/matrixone/apps/vbm/VBMUtil" containerName="VBMUtil"  containerType="class" id="-1769786573" argList="(matrix.db.Context, com.matrixone.apps.domain.Image, java.util.Map, java.lang.String)" abstract="" />
<method name="getImageFileNames" initial="g" htmlFileName="com/matrixone/apps/vbm/VBMUtil" containerName="VBMUtil"  containerType="class" id="130354504" argList="(matrix.db.Context, com.matrixone.apps.domain.Image, boolean)" abstract="This method will return the file names checked in an object" />
<method name="getJpoContextName" initial="g" htmlFileName="com/matrixone/apps/vbm/VBMUtil" containerName="VBMUtil"  containerType="class" id="-172285912" argList="(matrix.db.Context, java.lang.String)" abstract="This method returns the instance class name of the JPO program to be sent to JPO.invokeLocal API" />
<method name="getStringList" initial="g" htmlFileName="com/matrixone/apps/vbm/VBMUtil" containerName="VBMUtil"  containerType="class" id="-311599798" argList="(com.matrixone.apps.domain.util.MapList, java.lang.String)" abstract="Returns StringList from MapList for given key" />
<method name="isClassficationRequestRoute" initial="i" htmlFileName="com/matrixone/apps/vbm/VBMUtil" containerName="VBMUtil"  containerType="class" id="-1587634542" argList="(matrix.db.Context, java.lang.String)" abstract="This Method is used to check if the Route is associated with any Library through Classification Request relationship." />
<method name="isClassficationRequestTask" initial="i" htmlFileName="com/matrixone/apps/vbm/VBMUtil" containerName="VBMUtil"  containerType="class" id="-1937865538" argList="(matrix.db.Context, java.lang.String)" abstract="This Method is used to check if the Task&apos;s parent Route is associated with any Library through Classification Request relationship." />
<method name="isKindOf" initial="i" htmlFileName="com/matrixone/apps/vbm/VBMUtil" containerName="VBMUtil"  containerType="class" id="155086138" argList="(matrix.db.Context, java.lang.String, java.lang.String)" abstract="Determines whether object is of given type" />
<method name="isKindOfWithException" initial="i" htmlFileName="com/matrixone/apps/vbm/VBMUtil" containerName="VBMUtil"  containerType="class" id="-228047013" argList="(matrix.db.Context, java.lang.String, java.lang.String)" abstract="" />
<method name="strcat" initial="s" htmlFileName="com/matrixone/apps/vbm/VBMUtil" containerName="VBMUtil"  containerType="class" id="-942552694" argList="(java.lang.Object...)" abstract="" />
<method name="toStringArray" initial="t" htmlFileName="com/matrixone/apps/vbm/VBMUtil" containerName="VBMUtil"  containerType="class" id="-1228748478" argList="(java.util.Collection)" abstract="Converts Collection to String []" />
<constructor name="VBMUtil" initial="V" htmlFileName="com/matrixone/apps/vbm/VBMUtil" containerName="VBMUtil"  containerType="class" id="172379385" argList="()" abstract="" />
<class name="Asset" initial="A" htmlFileName="com/matrixone/apps/vbm/Asset"  fatherClass="VBMCommon" fatherId="-1333063708" fatherType="class"  DSCharacteristic="class" id="1766090056" abstract="" packageName="com.matrixone.apps.vbm" packagePath="com/matrixone/apps/vbm/" packageAbstract="" />
<constructor name="Asset" initial="A" htmlFileName="com/matrixone/apps/vbm/Asset" containerName="Asset"  containerType="class" id="-551844346" argList="()" abstract="" />
<constructor name="Asset" initial="A" htmlFileName="com/matrixone/apps/vbm/Asset" containerName="Asset"  containerType="class" id="-551844346" argList="(matrix.db.BusinessObject)" abstract="" />
<constructor name="Asset" initial="A" htmlFileName="com/matrixone/apps/vbm/Asset" containerName="Asset"  containerType="class" id="-551844346" argList="(java.lang.String)" abstract="" />
<constructor name="Asset" initial="A" htmlFileName="com/matrixone/apps/vbm/Asset" containerName="Asset"  containerType="class" id="-551844346" argList="(com.matrixone.apps.domain.util.DecoratedOid)" abstract="" />
<class name="VBMCommon" initial="V" htmlFileName="com/matrixone/apps/vbm/VBMCommon"  fatherClass="DomainObject" fatherId="-1200857450" fatherType="class"  DSCharacteristic="class" id="-1333063708" abstract="" packageName="com.matrixone.apps.vbm" packagePath="com/matrixone/apps/vbm/" packageAbstract="" />
<method name="changeBrandStatus" initial="c" htmlFileName="com/matrixone/apps/vbm/VBMCommon" containerName="VBMCommon"  containerType="class" id="167755398" argList="(matrix.db.Context, java.lang.String[], java.lang.String, java.lang.String)" abstract="" />
<method name="create" initial="c" htmlFileName="com/matrixone/apps/vbm/VBMCommon" containerName="VBMCommon"  containerType="class" id="-363896013" argList="(matrix.db.Context, java.lang.String, java.lang.String, java.lang.String, java.lang.String, java.lang.String, java.util.Map, java.util.Map)" abstract="" />
<method name="createAssetObject" initial="c" htmlFileName="com/matrixone/apps/vbm/VBMCommon" containerName="VBMCommon"  containerType="class" id="190465820" argList="(matrix.db.Context, com.matrixone.apps.domain.DomainObject, java.lang.String, java.lang.String, java.lang.String, java.lang.String, java.lang.String, java.lang.String, java.lang.String)" abstract="" />
<method name="createAutoGeneratedNameForAsset" initial="c" htmlFileName="com/matrixone/apps/vbm/VBMCommon" containerName="VBMCommon"  containerType="class" id="1438484345" argList="(matrix.db.Context, com.matrixone.apps.domain.DomainObject, java.lang.String)" abstract="" />
<method name="createAutoNameRouteForApprovalRequest" initial="c" htmlFileName="com/matrixone/apps/vbm/VBMCommon" containerName="VBMCommon"  containerType="class" id="-791157799" argList="(matrix.db.Context, java.lang.String)" abstract="" />
<method name="createClassification" initial="c" htmlFileName="com/matrixone/apps/vbm/VBMCommon" containerName="VBMCommon"  containerType="class" id="1234963053" argList="(matrix.db.Context, java.lang.String, java.lang.String, java.lang.String, java.lang.String, java.lang.String, java.util.Map, java.util.Map)" abstract="" />
<method name="createEditUsageRight" initial="c" htmlFileName="com/matrixone/apps/vbm/VBMCommon" containerName="VBMCommon"  containerType="class" id="-1939950258" argList="(matrix.db.Context, java.lang.String[])" abstract="" />
<method name="createRouteForApprovalRequest" initial="c" htmlFileName="com/matrixone/apps/vbm/VBMCommon" containerName="VBMCommon"  containerType="class" id="-1505681569" argList="(matrix.db.Context, com.matrixone.apps.domain.DomainObject, java.lang.String, java.lang.String, java.lang.String, java.lang.String, java.lang.String)" abstract="" />
<method name="getJpoClassName" initial="g" htmlFileName="com/matrixone/apps/vbm/VBMCommon" containerName="VBMCommon"  containerType="class" id="2089527039" argList="()" abstract="" />
<method name="isClassificationType" initial="i" htmlFileName="com/matrixone/apps/vbm/VBMCommon" containerName="VBMCommon"  containerType="class" id="1572556389" argList="(matrix.db.Context, java.lang.String)" abstract="" />
<constructor name="VBMCommon" initial="V" htmlFileName="com/matrixone/apps/vbm/VBMCommon" containerName="VBMCommon"  containerType="class" id="965135266" argList="()" abstract="" />
<constructor name="VBMCommon" initial="V" htmlFileName="com/matrixone/apps/vbm/VBMCommon" containerName="VBMCommon"  containerType="class" id="965135266" argList="(matrix.db.BusinessObject)" abstract="" />
<constructor name="VBMCommon" initial="V" htmlFileName="com/matrixone/apps/vbm/VBMCommon" containerName="VBMCommon"  containerType="class" id="965135266" argList="(java.lang.String)" abstract="" />
<constructor name="VBMCommon" initial="V" htmlFileName="com/matrixone/apps/vbm/VBMCommon" containerName="VBMCommon"  containerType="class" id="965135266" argList="(com.matrixone.apps.domain.util.DecoratedOid)" abstract="" />
<data name="LIBRARY_CENTRAL_COMMON_JPO" initial="L" htmlFileName="com/matrixone/apps/vbm/VBMCommon" containerName="VBMCommon"  containerType="class" id="-320985821" abstract="" />
<class name="UsageRights" initial="U" htmlFileName="com/matrixone/apps/vbm/UsageRights"  fatherClass="Object" fatherId="1812824426" fatherType="class"  DSCharacteristic="class" id="-610289872" abstract="" packageName="com.matrixone.apps.vbm" packagePath="com/matrixone/apps/vbm/" packageAbstract="" />
<method name="createUsageRights" initial="c" htmlFileName="com/matrixone/apps/vbm/UsageRights" containerName="UsageRights"  containerType="class" id="-1843856397" argList="(matrix.db.Context, java.util.Map)" abstract="" />
<method name="getFormattedDate" initial="g" htmlFileName="com/matrixone/apps/vbm/UsageRights" containerName="UsageRights"  containerType="class" id="-1579183525" argList="(matrix.db.Context, java.lang.String, double)" abstract="" />
<constructor name="UsageRights" initial="U" htmlFileName="com/matrixone/apps/vbm/UsageRights" containerName="UsageRights"  containerType="class" id="-1432630802" argList="()" abstract="" />
<class name="VBMType" initial="V" htmlFileName="com/matrixone/apps/vbm/enumeration/VBMType"  fatherClass="Enum" fatherId="359785875" fatherType="enum"  DSCharacteristic="enum" id="-607851013" abstract="" packageName="com.matrixone.apps.vbm.enumeration" packagePath="com/matrixone/apps/vbm/enumeration/" packageAbstract="" />
<method name="get" initial="g" htmlFileName="com/matrixone/apps/vbm/enumeration/VBMType" containerName="VBMType"  containerType="enum" id="-1222873056" argList="(matrix.db.Context)" abstract="" />
<method name="list" initial="l" htmlFileName="com/matrixone/apps/vbm/enumeration/VBMType" containerName="VBMType"  containerType="enum" id="-2120989224" argList="(com.matrixone.apps.vbm.enumeration.VBMType...)" abstract="" />
<method name="toString" initial="t" htmlFileName="com/matrixone/apps/vbm/enumeration/VBMType" containerName="VBMType"  containerType="enum" id="1892786762" argList="()" abstract="" />
<method name="valueOf" initial="v" htmlFileName="com/matrixone/apps/vbm/enumeration/VBMType" containerName="VBMType"  containerType="enum" id="1612892686" argList="(java.lang.String)" abstract="" />
<method name="values" initial="v" htmlFileName="com/matrixone/apps/vbm/enumeration/VBMType" containerName="VBMType"  containerType="enum" id="1043978452" argList="()" abstract="" />
<class name="VBMAttribute" initial="V" htmlFileName="com/matrixone/apps/vbm/enumeration/VBMAttribute"  fatherClass="Enum" fatherId="359785875" fatherType="enum"  DSCharacteristic="enum" id="-1431707781" abstract="" packageName="com.matrixone.apps.vbm.enumeration" packagePath="com/matrixone/apps/vbm/enumeration/" packageAbstract="" />
<method name="get" initial="g" htmlFileName="com/matrixone/apps/vbm/enumeration/VBMAttribute" containerName="VBMAttribute"  containerType="enum" id="-1222873056" argList="(matrix.db.Context)" abstract="" />
<method name="getSel" initial="g" htmlFileName="com/matrixone/apps/vbm/enumeration/VBMAttribute" containerName="VBMAttribute"  containerType="enum" id="-616623982" argList="(matrix.db.Context)" abstract="" />
<method name="toString" initial="t" htmlFileName="com/matrixone/apps/vbm/enumeration/VBMAttribute" containerName="VBMAttribute"  containerType="enum" id="1892786762" argList="()" abstract="" />
<method name="valueOf" initial="v" htmlFileName="com/matrixone/apps/vbm/enumeration/VBMAttribute" containerName="VBMAttribute"  containerType="enum" id="1612892686" argList="(java.lang.String)" abstract="" />
<method name="values" initial="v" htmlFileName="com/matrixone/apps/vbm/enumeration/VBMAttribute" containerName="VBMAttribute"  containerType="enum" id="1043978452" argList="()" abstract="" />
<class name="VBMRel" initial="V" htmlFileName="com/matrixone/apps/vbm/enumeration/VBMRel"  fatherClass="Enum" fatherId="359785875" fatherType="enum"  DSCharacteristic="enum" id="527136606" abstract="" packageName="com.matrixone.apps.vbm.enumeration" packagePath="com/matrixone/apps/vbm/enumeration/" packageAbstract="" />
<method name="get" initial="g" htmlFileName="com/matrixone/apps/vbm/enumeration/VBMRel" containerName="VBMRel"  containerType="enum" id="-1222873056" argList="(matrix.db.Context)" abstract="" />
<method name="getSel" initial="g" htmlFileName="com/matrixone/apps/vbm/enumeration/VBMRel" containerName="VBMRel"  containerType="enum" id="-616623982" argList="(matrix.db.Context)" abstract="" />
<method name="list" initial="l" htmlFileName="com/matrixone/apps/vbm/enumeration/VBMRel" containerName="VBMRel"  containerType="enum" id="-2120989224" argList="(com.matrixone.apps.vbm.enumeration.VBMRel...)" abstract="" />
<method name="toString" initial="t" htmlFileName="com/matrixone/apps/vbm/enumeration/VBMRel" containerName="VBMRel"  containerType="enum" id="1892786762" argList="()" abstract="" />
<method name="valueOf" initial="v" htmlFileName="com/matrixone/apps/vbm/enumeration/VBMRel" containerName="VBMRel"  containerType="enum" id="1612892686" argList="(java.lang.String)" abstract="" />
<method name="values" initial="v" htmlFileName="com/matrixone/apps/vbm/enumeration/VBMRel" containerName="VBMRel"  containerType="enum" id="1043978452" argList="()" abstract="" />
<class name="VBMPolicy" initial="V" htmlFileName="com/matrixone/apps/vbm/enumeration/VBMPolicy"  fatherClass="Enum" fatherId="359785875" fatherType="enum"  DSCharacteristic="enum" id="1739415363" abstract="" packageName="com.matrixone.apps.vbm.enumeration" packagePath="com/matrixone/apps/vbm/enumeration/" packageAbstract="" />
<method name="get" initial="g" htmlFileName="com/matrixone/apps/vbm/enumeration/VBMPolicy" containerName="VBMPolicy"  containerType="enum" id="-1222873056" argList="(matrix.db.Context)" abstract="" />
<method name="getStates" initial="g" htmlFileName="com/matrixone/apps/vbm/enumeration/VBMPolicy" containerName="VBMPolicy"  containerType="enum" id="-759864770" argList="(matrix.db.Context)" abstract="" />
<method name="toString" initial="t" htmlFileName="com/matrixone/apps/vbm/enumeration/VBMPolicy" containerName="VBMPolicy"  containerType="enum" id="1892786762" argList="()" abstract="" />
<method name="valueOf" initial="v" htmlFileName="com/matrixone/apps/vbm/enumeration/VBMPolicy" containerName="VBMPolicy"  containerType="enum" id="1612892686" argList="(java.lang.String)" abstract="" />
<method name="values" initial="v" htmlFileName="com/matrixone/apps/vbm/enumeration/VBMPolicy" containerName="VBMPolicy"  containerType="enum" id="1043978452" argList="()" abstract="" />
<class name="VBMState" initial="V" htmlFileName="com/matrixone/apps/vbm/enumeration/VBMState"  fatherClass="Enum" fatherId="359785875" fatherType="enum"  DSCharacteristic="enum" id="1343595046" abstract="" packageName="com.matrixone.apps.vbm.enumeration" packagePath="com/matrixone/apps/vbm/enumeration/" packageAbstract="" />
<method name="get" initial="g" htmlFileName="com/matrixone/apps/vbm/enumeration/VBMState" containerName="VBMState"  containerType="enum" id="-1222873056" argList="(matrix.db.Context, java.lang.String)" abstract="" />
<method name="get" initial="g" htmlFileName="com/matrixone/apps/vbm/enumeration/VBMState" containerName="VBMState"  containerType="enum" id="-1222873056" argList="(matrix.db.Context, com.matrixone.apps.vbm.enumeration.VBMPolicy)" abstract="" />
<method name="getProperty" initial="g" htmlFileName="com/matrixone/apps/vbm/enumeration/VBMState" containerName="VBMState"  containerType="enum" id="-1716962933" argList="(matrix.db.Context, java.lang.String, java.util.Locale)" abstract="" />
<method name="toString" initial="t" htmlFileName="com/matrixone/apps/vbm/enumeration/VBMState" containerName="VBMState"  containerType="enum" id="1892786762" argList="()" abstract="" />
<method name="valueOf" initial="v" htmlFileName="com/matrixone/apps/vbm/enumeration/VBMState" containerName="VBMState"  containerType="enum" id="1612892686" argList="(java.lang.String)" abstract="" />
<method name="values" initial="v" htmlFileName="com/matrixone/apps/vbm/enumeration/VBMState" containerName="VBMState"  containerType="enum" id="1043978452" argList="()" abstract="" />
<class name="VBMRole" initial="V" htmlFileName="com/matrixone/apps/vbm/enumeration/VBMRole"  fatherClass="Enum" fatherId="359785875" fatherType="enum"  DSCharacteristic="enum" id="-2109880769" abstract="" packageName="com.matrixone.apps.vbm.enumeration" packagePath="com/matrixone/apps/vbm/enumeration/" packageAbstract="" />
<method name="get" initial="g" htmlFileName="com/matrixone/apps/vbm/enumeration/VBMRole" containerName="VBMRole"  containerType="enum" id="-1222873056" argList="(matrix.db.Context)" abstract="" />
<method name="list" initial="l" htmlFileName="com/matrixone/apps/vbm/enumeration/VBMRole" containerName="VBMRole"  containerType="enum" id="-2120989224" argList="(com.matrixone.apps.vbm.enumeration.VBMRole...)" abstract="" />
<method name="toString" initial="t" htmlFileName="com/matrixone/apps/vbm/enumeration/VBMRole" containerName="VBMRole"  containerType="enum" id="1892786762" argList="()" abstract="" />
<method name="valueOf" initial="v" htmlFileName="com/matrixone/apps/vbm/enumeration/VBMRole" containerName="VBMRole"  containerType="enum" id="1612892686" argList="(java.lang.String)" abstract="" />
<method name="values" initial="v" htmlFileName="com/matrixone/apps/vbm/enumeration/VBMRole" containerName="VBMRole"  containerType="enum" id="1043978452" argList="()" abstract="" />
<method name="verifyVPLMRoles" initial="v" htmlFileName="com/matrixone/apps/vbm/enumeration/VBMRole" containerName="VBMRole"  containerType="enum" id="19327917" argList="(matrix.db.Context)" abstract="This method checks all VPLM roles assigned to the User and returns true if, all VPLM roles mapped to CBP role is/are present." />
<method name="verifyVPLMRoles" initial="v" htmlFileName="com/matrixone/apps/vbm/enumeration/VBMRole" containerName="VBMRole"  containerType="enum" id="19327917" argList="(matrix.db.Context, com.matrixone.apps.common.Person)" abstract="This method checks all VPLM roles assigned to the User and returns true if, all VPLM roles mapped to CBP role is/are present." deprecated="This API fails for child VPLM roles of expected VPLM roles, but will pass if exact VPLM is present.  				Use verifyVPLMRoles(Context context) instead" />
<method name="verifyVPLMRoleswithDefaultContext" initial="v" htmlFileName="com/matrixone/apps/vbm/enumeration/VBMRole" containerName="VBMRole"  containerType="enum" id="2039567065" argList="(matrix.db.Context)" abstract="This method checks whether the command classification request should be visible to leader" />
</fw>

